Q9P003	M1A	0.4846	ambiguous
Q9P003	M1C	0.5926	pathogenic
Q9P003	M1D	0.9345	pathogenic
Q9P003	M1E	0.7499	pathogenic
Q9P003	M1F	0.2812	benign
Q9P003	M1G	0.759	pathogenic
Q9P003	M1H	0.8703	pathogenic
Q9P003	M1I	0.3736	ambiguous
Q9P003	M1K	0.7542	pathogenic
Q9P003	M1L	0.1248	benign
Q9P003	M1N	0.7994	pathogenic
Q9P003	M1P	0.7509	pathogenic
Q9P003	M1Q	0.5337	ambiguous
Q9P003	M1R	0.7349	pathogenic
Q9P003	M1S	0.5766	pathogenic
Q9P003	M1T	0.4126	ambiguous
Q9P003	M1V	0.0911	benign
Q9P003	M1W	0.5928	pathogenic
Q9P003	M1Y	0.7492	pathogenic
Q9P003	E2A	0.4565	ambiguous
Q9P003	E2C	0.9583	pathogenic
Q9P003	E2D	0.1376	benign
Q9P003	E2F	0.9413	pathogenic
Q9P003	E2G	0.448	ambiguous
Q9P003	E2H	0.8073	pathogenic
Q9P003	E2I	0.8774	pathogenic
Q9P003	E2K	0.7539	pathogenic
Q9P003	E2L	0.8434	pathogenic
Q9P003	E2M	0.9091	pathogenic
Q9P003	E2N	0.526	ambiguous
Q9P003	E2P	0.5874	pathogenic
Q9P003	E2Q	0.4119	ambiguous
Q9P003	E2R	0.7173	pathogenic
Q9P003	E2S	0.4334	ambiguous
Q9P003	E2T	0.609	pathogenic
Q9P003	E2V	0.7041	pathogenic
Q9P003	E2W	0.9681	pathogenic
Q9P003	E2Y	0.8823	pathogenic
Q9P003	A3C	0.8415	pathogenic
Q9P003	A3D	0.7949	pathogenic
Q9P003	A3E	0.7516	pathogenic
Q9P003	A3F	0.7897	pathogenic
Q9P003	A3G	0.1944	benign
Q9P003	A3H	0.9087	pathogenic
Q9P003	A3I	0.7093	pathogenic
Q9P003	A3K	0.9352	pathogenic
Q9P003	A3L	0.7508	pathogenic
Q9P003	A3M	0.7787	pathogenic
Q9P003	A3N	0.7354	pathogenic
Q9P003	A3P	0.431	ambiguous
Q9P003	A3Q	0.8438	pathogenic
Q9P003	A3R	0.8919	pathogenic
Q9P003	A3S	0.1717	benign
Q9P003	A3T	0.248	benign
Q9P003	A3V	0.4381	ambiguous
Q9P003	A3W	0.9481	pathogenic
Q9P003	A3Y	0.8775	pathogenic
Q9P003	V4A	0.0578	benign
Q9P003	V4C	0.4176	ambiguous
Q9P003	V4D	0.7369	pathogenic
Q9P003	V4E	0.6834	pathogenic
Q9P003	V4F	0.0885	benign
Q9P003	V4G	0.1026	benign
Q9P003	V4H	0.8021	pathogenic
Q9P003	V4I	0.0826	benign
Q9P003	V4K	0.8267	pathogenic
Q9P003	V4L	0.1137	benign
Q9P003	V4M	0.1367	benign
Q9P003	V4N	0.5551	ambiguous
Q9P003	V4P	0.3722	ambiguous
Q9P003	V4Q	0.6921	pathogenic
Q9P003	V4R	0.7841	pathogenic
Q9P003	V4S	0.1498	benign
Q9P003	V4T	0.111	benign
Q9P003	V4W	0.6163	pathogenic
Q9P003	V4Y	0.4864	ambiguous
Q9P003	V5A	0.3167	benign
Q9P003	V5C	0.6943	pathogenic
Q9P003	V5D	0.8537	pathogenic
Q9P003	V5E	0.818	pathogenic
Q9P003	V5F	0.3053	benign
Q9P003	V5G	0.3275	benign
Q9P003	V5H	0.93	pathogenic
Q9P003	V5I	0.1044	benign
Q9P003	V5K	0.9223	pathogenic
Q9P003	V5L	0.1226	benign
Q9P003	V5M	0.3946	ambiguous
Q9P003	V5N	0.7545	pathogenic
Q9P003	V5P	0.7636	pathogenic
Q9P003	V5Q	0.8215	pathogenic
Q9P003	V5R	0.8766	pathogenic
Q9P003	V5S	0.4722	ambiguous
Q9P003	V5T	0.3723	ambiguous
Q9P003	V5W	0.9117	pathogenic
Q9P003	V5Y	0.8068	pathogenic
Q9P003	F6A	0.9327	pathogenic
Q9P003	F6C	0.9353	pathogenic
Q9P003	F6D	0.9857	pathogenic
Q9P003	F6E	0.99	pathogenic
Q9P003	F6G	0.9555	pathogenic
Q9P003	F6H	0.9668	pathogenic
Q9P003	F6I	0.9582	pathogenic
Q9P003	F6K	0.9967	pathogenic
Q9P003	F6L	0.984	pathogenic
Q9P003	F6M	0.9571	pathogenic
Q9P003	F6N	0.964	pathogenic
Q9P003	F6P	0.9961	pathogenic
Q9P003	F6Q	0.9899	pathogenic
Q9P003	F6R	0.99	pathogenic
Q9P003	F6S	0.936	pathogenic
Q9P003	F6T	0.9712	pathogenic
Q9P003	F6V	0.9194	pathogenic
Q9P003	F6W	0.7773	pathogenic
Q9P003	F6Y	0.4101	ambiguous
Q9P003	V7A	0.2449	benign
Q9P003	V7C	0.5304	ambiguous
Q9P003	V7D	0.9204	pathogenic
Q9P003	V7E	0.9242	pathogenic
Q9P003	V7F	0.1846	benign
Q9P003	V7G	0.2462	benign
Q9P003	V7H	0.9509	pathogenic
Q9P003	V7I	0.0749	benign
Q9P003	V7K	0.9705	pathogenic
Q9P003	V7L	0.163	benign
Q9P003	V7M	0.3394	benign
Q9P003	V7N	0.8104	pathogenic
Q9P003	V7P	0.8767	pathogenic
Q9P003	V7Q	0.8941	pathogenic
Q9P003	V7R	0.9331	pathogenic
Q9P003	V7S	0.3559	ambiguous
Q9P003	V7T	0.3805	ambiguous
Q9P003	V7W	0.8881	pathogenic
Q9P003	V7Y	0.7962	pathogenic
Q9P003	F8A	0.3131	benign
Q9P003	F8C	0.2364	benign
Q9P003	F8D	0.9825	pathogenic
Q9P003	F8E	0.9853	pathogenic
Q9P003	F8G	0.5658	pathogenic
Q9P003	F8H	0.9693	pathogenic
Q9P003	F8I	0.1349	benign
Q9P003	F8K	0.9938	pathogenic
Q9P003	F8L	0.4052	ambiguous
Q9P003	F8M	0.4032	ambiguous
Q9P003	F8N	0.933	pathogenic
Q9P003	F8P	0.9769	pathogenic
Q9P003	F8Q	0.9749	pathogenic
Q9P003	F8R	0.9852	pathogenic
Q9P003	F8S	0.4878	ambiguous
Q9P003	F8T	0.4397	ambiguous
Q9P003	F8V	0.116	benign
Q9P003	F8W	0.7076	pathogenic
Q9P003	F8Y	0.5394	ambiguous
Q9P003	S9A	0.0624	benign
Q9P003	S9C	0.0787	benign
Q9P003	S9D	0.9745	pathogenic
Q9P003	S9E	0.9827	pathogenic
Q9P003	S9F	0.7004	pathogenic
Q9P003	S9G	0.1431	benign
Q9P003	S9H	0.9463	pathogenic
Q9P003	S9I	0.6989	pathogenic
Q9P003	S9K	0.9978	pathogenic
Q9P003	S9L	0.4448	ambiguous
Q9P003	S9M	0.6277	pathogenic
Q9P003	S9N	0.8437	pathogenic
Q9P003	S9P	0.9123	pathogenic
Q9P003	S9Q	0.9603	pathogenic
Q9P003	S9R	0.9928	pathogenic
Q9P003	S9T	0.2045	benign
Q9P003	S9V	0.4621	ambiguous
Q9P003	S9W	0.9247	pathogenic
Q9P003	S9Y	0.876	pathogenic
Q9P003	L10A	0.8615	pathogenic
Q9P003	L10C	0.9171	pathogenic
Q9P003	L10D	0.9975	pathogenic
Q9P003	L10E	0.9895	pathogenic
Q9P003	L10F	0.7982	pathogenic
Q9P003	L10G	0.964	pathogenic
Q9P003	L10H	0.9911	pathogenic
Q9P003	L10I	0.4044	ambiguous
Q9P003	L10K	0.9923	pathogenic
Q9P003	L10M	0.4356	ambiguous
Q9P003	L10N	0.9812	pathogenic
Q9P003	L10P	0.9953	pathogenic
Q9P003	L10Q	0.97	pathogenic
Q9P003	L10R	0.9836	pathogenic
Q9P003	L10S	0.9661	pathogenic
Q9P003	L10T	0.8553	pathogenic
Q9P003	L10V	0.3413	ambiguous
Q9P003	L10W	0.9831	pathogenic
Q9P003	L10Y	0.9869	pathogenic
Q9P003	L11A	0.1892	benign
Q9P003	L11C	0.395	ambiguous
Q9P003	L11D	0.9863	pathogenic
Q9P003	L11E	0.9641	pathogenic
Q9P003	L11F	0.1229	benign
Q9P003	L11G	0.4787	ambiguous
Q9P003	L11H	0.9519	pathogenic
Q9P003	L11I	0.077	benign
Q9P003	L11K	0.9802	pathogenic
Q9P003	L11M	0.1261	benign
Q9P003	L11N	0.9232	pathogenic
Q9P003	L11P	0.884	pathogenic
Q9P003	L11Q	0.9049	pathogenic
Q9P003	L11R	0.9623	pathogenic
Q9P003	L11S	0.5405	ambiguous
Q9P003	L11T	0.2771	benign
Q9P003	L11V	0.0764	benign
Q9P003	L11W	0.7327	pathogenic
Q9P003	L11Y	0.8455	pathogenic
Q9P003	D12A	0.3471	ambiguous
Q9P003	D12C	0.6728	pathogenic
Q9P003	D12E	0.7108	pathogenic
Q9P003	D12F	0.7338	pathogenic
Q9P003	D12G	0.4013	ambiguous
Q9P003	D12H	0.8564	pathogenic
Q9P003	D12I	0.4409	ambiguous
Q9P003	D12K	0.9725	pathogenic
Q9P003	D12L	0.4033	ambiguous
Q9P003	D12M	0.7833	pathogenic
Q9P003	D12N	0.3247	benign
Q9P003	D12P	0.963	pathogenic
Q9P003	D12Q	0.8772	pathogenic
Q9P003	D12R	0.9762	pathogenic
Q9P003	D12S	0.2771	benign
Q9P003	D12T	0.5104	ambiguous
Q9P003	D12V	0.2975	benign
Q9P003	D12W	0.96	pathogenic
Q9P003	D12Y	0.6453	pathogenic
Q9P003	C13A	0.3498	ambiguous
Q9P003	C13D	0.8476	pathogenic
Q9P003	C13E	0.963	pathogenic
Q9P003	C13F	0.8236	pathogenic
Q9P003	C13G	0.2112	benign
Q9P003	C13H	0.965	pathogenic
Q9P003	C13I	0.7959	pathogenic
Q9P003	C13K	0.9963	pathogenic
Q9P003	C13L	0.7955	pathogenic
Q9P003	C13M	0.8662	pathogenic
Q9P003	C13N	0.6465	pathogenic
Q9P003	C13P	0.9921	pathogenic
Q9P003	C13Q	0.9622	pathogenic
Q9P003	C13R	0.9808	pathogenic
Q9P003	C13S	0.2305	benign
Q9P003	C13T	0.3575	ambiguous
Q9P003	C13V	0.5359	ambiguous
Q9P003	C13W	0.9788	pathogenic
Q9P003	C13Y	0.94	pathogenic
Q9P003	C14A	0.3695	ambiguous
Q9P003	C14D	0.9929	pathogenic
Q9P003	C14E	0.9979	pathogenic
Q9P003	C14F	0.5697	pathogenic
Q9P003	C14G	0.2418	benign
Q9P003	C14H	0.9951	pathogenic
Q9P003	C14I	0.8238	pathogenic
Q9P003	C14K	0.9993	pathogenic
Q9P003	C14L	0.6727	pathogenic
Q9P003	C14M	0.796	pathogenic
Q9P003	C14N	0.9788	pathogenic
Q9P003	C14P	0.9898	pathogenic
Q9P003	C14Q	0.9933	pathogenic
Q9P003	C14R	0.9954	pathogenic
Q9P003	C14S	0.4972	ambiguous
Q9P003	C14T	0.634	pathogenic
Q9P003	C14V	0.6496	pathogenic
Q9P003	C14W	0.9714	pathogenic
Q9P003	C14Y	0.979	pathogenic
Q9P003	A15C	0.3421	ambiguous
Q9P003	A15D	0.9839	pathogenic
Q9P003	A15E	0.9836	pathogenic
Q9P003	A15F	0.2859	benign
Q9P003	A15G	0.1162	benign
Q9P003	A15H	0.9737	pathogenic
Q9P003	A15I	0.2957	benign
Q9P003	A15K	0.9952	pathogenic
Q9P003	A15L	0.2176	benign
Q9P003	A15M	0.3451	ambiguous
Q9P003	A15N	0.9298	pathogenic
Q9P003	A15P	0.951	pathogenic
Q9P003	A15Q	0.961	pathogenic
Q9P003	A15R	0.9859	pathogenic
Q9P003	A15S	0.1627	benign
Q9P003	A15T	0.1991	benign
Q9P003	A15V	0.1728	benign
Q9P003	A15W	0.921	pathogenic
Q9P003	A15Y	0.8559	pathogenic
Q9P003	L16A	0.6317	pathogenic
Q9P003	L16C	0.709	pathogenic
Q9P003	L16D	0.9752	pathogenic
Q9P003	L16E	0.9145	pathogenic
Q9P003	L16F	0.6108	pathogenic
Q9P003	L16G	0.8234	pathogenic
Q9P003	L16H	0.8797	pathogenic
Q9P003	L16I	0.382	ambiguous
Q9P003	L16K	0.9483	pathogenic
Q9P003	L16M	0.2656	benign
Q9P003	L16N	0.7616	pathogenic
Q9P003	L16P	0.9863	pathogenic
Q9P003	L16Q	0.7237	pathogenic
Q9P003	L16R	0.9141	pathogenic
Q9P003	L16S	0.7858	pathogenic
Q9P003	L16T	0.7119	pathogenic
Q9P003	L16V	0.2961	benign
Q9P003	L16W	0.9195	pathogenic
Q9P003	L16Y	0.9039	pathogenic
Q9P003	I17A	0.9225	pathogenic
Q9P003	I17C	0.9543	pathogenic
Q9P003	I17D	0.994	pathogenic
Q9P003	I17E	0.991	pathogenic
Q9P003	I17F	0.8781	pathogenic
Q9P003	I17G	0.9715	pathogenic
Q9P003	I17H	0.9948	pathogenic
Q9P003	I17K	0.9937	pathogenic
Q9P003	I17L	0.1684	benign
Q9P003	I17M	0.5039	ambiguous
Q9P003	I17N	0.9492	pathogenic
Q9P003	I17P	0.9821	pathogenic
Q9P003	I17Q	0.9869	pathogenic
Q9P003	I17R	0.9889	pathogenic
Q9P003	I17S	0.9255	pathogenic
Q9P003	I17T	0.916	pathogenic
Q9P003	I17V	0.3429	ambiguous
Q9P003	I17W	0.9962	pathogenic
Q9P003	I17Y	0.9863	pathogenic
Q9P003	F18A	0.8617	pathogenic
Q9P003	F18C	0.8251	pathogenic
Q9P003	F18D	0.9971	pathogenic
Q9P003	F18E	0.9976	pathogenic
Q9P003	F18G	0.885	pathogenic
Q9P003	F18H	0.9938	pathogenic
Q9P003	F18I	0.881	pathogenic
Q9P003	F18K	0.9987	pathogenic
Q9P003	F18L	0.9742	pathogenic
Q9P003	F18M	0.9364	pathogenic
Q9P003	F18N	0.9917	pathogenic
Q9P003	F18P	0.9968	pathogenic
Q9P003	F18Q	0.995	pathogenic
Q9P003	F18R	0.995	pathogenic
Q9P003	F18S	0.9205	pathogenic
Q9P003	F18T	0.947	pathogenic
Q9P003	F18V	0.8068	pathogenic
Q9P003	F18W	0.9599	pathogenic
Q9P003	F18Y	0.875	pathogenic
Q9P003	L19A	0.6745	pathogenic
Q9P003	L19C	0.7194	pathogenic
Q9P003	L19D	0.9964	pathogenic
Q9P003	L19E	0.9824	pathogenic
Q9P003	L19F	0.5096	ambiguous
Q9P003	L19G	0.8716	pathogenic
Q9P003	L19H	0.9698	pathogenic
Q9P003	L19I	0.2441	benign
Q9P003	L19K	0.9876	pathogenic
Q9P003	L19M	0.3405	ambiguous
Q9P003	L19N	0.9614	pathogenic
Q9P003	L19P	0.9867	pathogenic
Q9P003	L19Q	0.9189	pathogenic
Q9P003	L19R	0.9669	pathogenic
Q9P003	L19S	0.8442	pathogenic
Q9P003	L19T	0.6933	pathogenic
Q9P003	L19V	0.2488	benign
Q9P003	L19W	0.9153	pathogenic
Q9P003	L19Y	0.939	pathogenic
Q9P003	S20A	0.0776	benign
Q9P003	S20C	0.1971	benign
Q9P003	S20D	0.9174	pathogenic
Q9P003	S20E	0.937	pathogenic
Q9P003	S20F	0.9028	pathogenic
Q9P003	S20G	0.24	benign
Q9P003	S20H	0.9317	pathogenic
Q9P003	S20I	0.8543	pathogenic
Q9P003	S20K	0.9946	pathogenic
Q9P003	S20L	0.5869	pathogenic
Q9P003	S20M	0.6436	pathogenic
Q9P003	S20N	0.6248	pathogenic
Q9P003	S20P	0.9638	pathogenic
Q9P003	S20Q	0.9026	pathogenic
Q9P003	S20R	0.9901	pathogenic
Q9P003	S20T	0.2154	benign
Q9P003	S20V	0.6127	pathogenic
Q9P003	S20W	0.9612	pathogenic
Q9P003	S20Y	0.8941	pathogenic
Q9P003	V21A	0.9421	pathogenic
Q9P003	V21C	0.9599	pathogenic
Q9P003	V21D	0.9898	pathogenic
Q9P003	V21E	0.9894	pathogenic
Q9P003	V21F	0.9193	pathogenic
Q9P003	V21G	0.8891	pathogenic
Q9P003	V21H	0.9974	pathogenic
Q9P003	V21I	0.3417	ambiguous
Q9P003	V21K	0.9953	pathogenic
Q9P003	V21L	0.9378	pathogenic
Q9P003	V21M	0.9687	pathogenic
Q9P003	V21N	0.9879	pathogenic
Q9P003	V21P	0.9845	pathogenic
Q9P003	V21Q	0.9874	pathogenic
Q9P003	V21R	0.9771	pathogenic
Q9P003	V21S	0.9453	pathogenic
Q9P003	V21T	0.9363	pathogenic
Q9P003	V21W	0.9949	pathogenic
Q9P003	V21Y	0.9891	pathogenic
Q9P003	Y22A	0.9588	pathogenic
Q9P003	Y22C	0.779	pathogenic
Q9P003	Y22D	0.9783	pathogenic
Q9P003	Y22E	0.9941	pathogenic
Q9P003	Y22F	0.1435	benign
Q9P003	Y22G	0.9036	pathogenic
Q9P003	Y22H	0.9103	pathogenic
Q9P003	Y22I	0.9443	pathogenic
Q9P003	Y22K	0.9946	pathogenic
Q9P003	Y22L	0.8725	pathogenic
Q9P003	Y22M	0.96	pathogenic
Q9P003	Y22N	0.9098	pathogenic
Q9P003	Y22P	0.9925	pathogenic
Q9P003	Y22Q	0.988	pathogenic
Q9P003	Y22R	0.9818	pathogenic
Q9P003	Y22S	0.8913	pathogenic
Q9P003	Y22T	0.9671	pathogenic
Q9P003	Y22V	0.8853	pathogenic
Q9P003	Y22W	0.6158	pathogenic
Q9P003	F23A	0.8835	pathogenic
Q9P003	F23C	0.6379	pathogenic
Q9P003	F23D	0.9542	pathogenic
Q9P003	F23E	0.9523	pathogenic
Q9P003	F23G	0.8977	pathogenic
Q9P003	F23H	0.8365	pathogenic
Q9P003	F23I	0.7902	pathogenic
Q9P003	F23K	0.9822	pathogenic
Q9P003	F23L	0.9732	pathogenic
Q9P003	F23M	0.8638	pathogenic
Q9P003	F23N	0.818	pathogenic
Q9P003	F23P	0.9989	pathogenic
Q9P003	F23Q	0.8805	pathogenic
Q9P003	F23R	0.9468	pathogenic
Q9P003	F23S	0.792	pathogenic
Q9P003	F23T	0.8397	pathogenic
Q9P003	F23V	0.5905	pathogenic
Q9P003	F23W	0.7741	pathogenic
Q9P003	F23Y	0.2457	benign
Q9P003	I24A	0.9438	pathogenic
Q9P003	I24C	0.9414	pathogenic
Q9P003	I24D	0.994	pathogenic
Q9P003	I24E	0.9899	pathogenic
Q9P003	I24F	0.8744	pathogenic
Q9P003	I24G	0.977	pathogenic
Q9P003	I24H	0.9906	pathogenic
Q9P003	I24K	0.9854	pathogenic
Q9P003	I24L	0.4131	ambiguous
Q9P003	I24M	0.5544	ambiguous
Q9P003	I24N	0.9391	pathogenic
Q9P003	I24P	0.9879	pathogenic
Q9P003	I24Q	0.981	pathogenic
Q9P003	I24R	0.9758	pathogenic
Q9P003	I24S	0.9172	pathogenic
Q9P003	I24T	0.8526	pathogenic
Q9P003	I24V	0.1513	benign
Q9P003	I24W	0.9919	pathogenic
Q9P003	I24Y	0.9818	pathogenic
Q9P003	I25A	0.9904	pathogenic
Q9P003	I25C	0.9948	pathogenic
Q9P003	I25D	0.9992	pathogenic
Q9P003	I25E	0.9974	pathogenic
Q9P003	I25F	0.9767	pathogenic
Q9P003	I25G	0.9972	pathogenic
Q9P003	I25H	0.9993	pathogenic
Q9P003	I25K	0.9967	pathogenic
Q9P003	I25L	0.7945	pathogenic
Q9P003	I25M	0.8771	pathogenic
Q9P003	I25N	0.9954	pathogenic
Q9P003	I25P	0.9944	pathogenic
Q9P003	I25Q	0.9969	pathogenic
Q9P003	I25R	0.9925	pathogenic
Q9P003	I25S	0.992	pathogenic
Q9P003	I25T	0.9893	pathogenic
Q9P003	I25V	0.5696	pathogenic
Q9P003	I25W	0.998	pathogenic
Q9P003	I25Y	0.9963	pathogenic
Q9P003	T26A	0.459	ambiguous
Q9P003	T26C	0.7104	pathogenic
Q9P003	T26D	0.9747	pathogenic
Q9P003	T26E	0.9515	pathogenic
Q9P003	T26F	0.8822	pathogenic
Q9P003	T26G	0.8636	pathogenic
Q9P003	T26H	0.8956	pathogenic
Q9P003	T26I	0.6215	pathogenic
Q9P003	T26K	0.9597	pathogenic
Q9P003	T26L	0.4833	ambiguous
Q9P003	T26M	0.4155	ambiguous
Q9P003	T26N	0.6411	pathogenic
Q9P003	T26P	0.9293	pathogenic
Q9P003	T26Q	0.8393	pathogenic
Q9P003	T26R	0.9308	pathogenic
Q9P003	T26S	0.5356	ambiguous
Q9P003	T26V	0.4729	ambiguous
Q9P003	T26W	0.9712	pathogenic
Q9P003	T26Y	0.9126	pathogenic
Q9P003	L27A	0.9763	pathogenic
Q9P003	L27C	0.9834	pathogenic
Q9P003	L27D	0.9993	pathogenic
Q9P003	L27E	0.9969	pathogenic
Q9P003	L27F	0.8906	pathogenic
Q9P003	L27G	0.9939	pathogenic
Q9P003	L27H	0.9955	pathogenic
Q9P003	L27I	0.6669	pathogenic
Q9P003	L27K	0.994	pathogenic
Q9P003	L27M	0.7488	pathogenic
Q9P003	L27N	0.995	pathogenic
Q9P003	L27P	0.9975	pathogenic
Q9P003	L27Q	0.9923	pathogenic
Q9P003	L27R	0.9855	pathogenic
Q9P003	L27S	0.9961	pathogenic
Q9P003	L27T	0.9844	pathogenic
Q9P003	L27V	0.7471	pathogenic
Q9P003	L27W	0.9907	pathogenic
Q9P003	L27Y	0.9834	pathogenic
Q9P003	S28A	0.6309	pathogenic
Q9P003	S28C	0.9125	pathogenic
Q9P003	S28D	0.9828	pathogenic
Q9P003	S28E	0.9826	pathogenic
Q9P003	S28F	0.994	pathogenic
Q9P003	S28G	0.7683	pathogenic
Q9P003	S28H	0.9867	pathogenic
Q9P003	S28I	0.9939	pathogenic
Q9P003	S28K	0.9982	pathogenic
Q9P003	S28L	0.9818	pathogenic
Q9P003	S28M	0.98	pathogenic
Q9P003	S28N	0.9816	pathogenic
Q9P003	S28P	0.9965	pathogenic
Q9P003	S28Q	0.9704	pathogenic
Q9P003	S28R	0.9963	pathogenic
Q9P003	S28T	0.7382	pathogenic
Q9P003	S28V	0.9867	pathogenic
Q9P003	S28W	0.9765	pathogenic
Q9P003	S28Y	0.9872	pathogenic
Q9P003	D29A	0.9969	pathogenic
Q9P003	D29C	0.9997	pathogenic
Q9P003	D29E	0.9916	pathogenic
Q9P003	D29F	0.9988	pathogenic
Q9P003	D29G	0.9974	pathogenic
Q9P003	D29H	0.9974	pathogenic
Q9P003	D29I	0.9993	pathogenic
Q9P003	D29K	0.9988	pathogenic
Q9P003	D29L	0.9986	pathogenic
Q9P003	D29M	0.9998	pathogenic
Q9P003	D29N	0.9932	pathogenic
Q9P003	D29P	0.9988	pathogenic
Q9P003	D29Q	0.9986	pathogenic
Q9P003	D29R	0.9971	pathogenic
Q9P003	D29S	0.9951	pathogenic
Q9P003	D29T	0.9989	pathogenic
Q9P003	D29V	0.9972	pathogenic
Q9P003	D29W	0.9995	pathogenic
Q9P003	D29Y	0.9921	pathogenic
Q9P003	L30A	0.986	pathogenic
Q9P003	L30C	0.9946	pathogenic
Q9P003	L30D	0.9995	pathogenic
Q9P003	L30E	0.9971	pathogenic
Q9P003	L30F	0.9896	pathogenic
Q9P003	L30G	0.9935	pathogenic
Q9P003	L30H	0.9982	pathogenic
Q9P003	L30I	0.9498	pathogenic
Q9P003	L30K	0.993	pathogenic
Q9P003	L30M	0.9254	pathogenic
Q9P003	L30N	0.9972	pathogenic
Q9P003	L30P	0.9991	pathogenic
Q9P003	L30Q	0.9972	pathogenic
Q9P003	L30R	0.9877	pathogenic
Q9P003	L30S	0.9985	pathogenic
Q9P003	L30T	0.9879	pathogenic
Q9P003	L30V	0.9468	pathogenic
Q9P003	L30W	0.9969	pathogenic
Q9P003	L30Y	0.9957	pathogenic
Q9P003	E31A	0.9487	pathogenic
Q9P003	E31C	0.9937	pathogenic
Q9P003	E31D	0.9727	pathogenic
Q9P003	E31F	0.9988	pathogenic
Q9P003	E31G	0.9604	pathogenic
Q9P003	E31H	0.9924	pathogenic
Q9P003	E31I	0.9955	pathogenic
Q9P003	E31K	0.9872	pathogenic
Q9P003	E31L	0.9952	pathogenic
Q9P003	E31M	0.9965	pathogenic
Q9P003	E31N	0.9947	pathogenic
Q9P003	E31P	0.9969	pathogenic
Q9P003	E31Q	0.8248	pathogenic
Q9P003	E31R	0.9639	pathogenic
Q9P003	E31S	0.967	pathogenic
Q9P003	E31T	0.9888	pathogenic
Q9P003	E31V	0.986	pathogenic
Q9P003	E31W	0.9989	pathogenic
Q9P003	E31Y	0.9951	pathogenic
Q9P003	C32A	0.9099	pathogenic
Q9P003	C32D	0.9861	pathogenic
Q9P003	C32E	0.9961	pathogenic
Q9P003	C32F	0.9645	pathogenic
Q9P003	C32G	0.8126	pathogenic
Q9P003	C32H	0.9944	pathogenic
Q9P003	C32I	0.9896	pathogenic
Q9P003	C32K	0.9989	pathogenic
Q9P003	C32L	0.9675	pathogenic
Q9P003	C32M	0.9661	pathogenic
Q9P003	C32N	0.9567	pathogenic
Q9P003	C32P	0.9989	pathogenic
Q9P003	C32Q	0.9944	pathogenic
Q9P003	C32R	0.9938	pathogenic
Q9P003	C32S	0.8402	pathogenic
Q9P003	C32T	0.9338	pathogenic
Q9P003	C32V	0.941	pathogenic
Q9P003	C32W	0.9875	pathogenic
Q9P003	C32Y	0.9825	pathogenic
Q9P003	D33A	0.9965	pathogenic
Q9P003	D33C	0.9995	pathogenic
Q9P003	D33E	0.9905	pathogenic
Q9P003	D33F	0.999	pathogenic
Q9P003	D33G	0.986	pathogenic
Q9P003	D33H	0.9969	pathogenic
Q9P003	D33I	0.9995	pathogenic
Q9P003	D33K	0.9983	pathogenic
Q9P003	D33L	0.9986	pathogenic
Q9P003	D33M	0.9998	pathogenic
Q9P003	D33N	0.982	pathogenic
Q9P003	D33P	0.9986	pathogenic
Q9P003	D33Q	0.9978	pathogenic
Q9P003	D33R	0.993	pathogenic
Q9P003	D33S	0.9887	pathogenic
Q9P003	D33T	0.9984	pathogenic
Q9P003	D33V	0.9982	pathogenic
Q9P003	D33W	0.9995	pathogenic
Q9P003	D33Y	0.9916	pathogenic
Q9P003	Y34A	0.982	pathogenic
Q9P003	Y34C	0.9647	pathogenic
Q9P003	Y34D	0.9605	pathogenic
Q9P003	Y34E	0.9937	pathogenic
Q9P003	Y34F	0.5199	ambiguous
Q9P003	Y34G	0.9526	pathogenic
Q9P003	Y34H	0.9814	pathogenic
Q9P003	Y34I	0.9823	pathogenic
Q9P003	Y34K	0.9966	pathogenic
Q9P003	Y34L	0.9315	pathogenic
Q9P003	Y34M	0.9856	pathogenic
Q9P003	Y34N	0.9391	pathogenic
Q9P003	Y34P	0.996	pathogenic
Q9P003	Y34Q	0.9961	pathogenic
Q9P003	Y34R	0.9866	pathogenic
Q9P003	Y34S	0.936	pathogenic
Q9P003	Y34T	0.9831	pathogenic
Q9P003	Y34V	0.9483	pathogenic
Q9P003	Y34W	0.9425	pathogenic
Q9P003	I35A	0.9674	pathogenic
Q9P003	I35C	0.9734	pathogenic
Q9P003	I35D	0.9953	pathogenic
Q9P003	I35E	0.9836	pathogenic
Q9P003	I35F	0.892	pathogenic
Q9P003	I35G	0.9909	pathogenic
Q9P003	I35H	0.9893	pathogenic
Q9P003	I35K	0.9643	pathogenic
Q9P003	I35L	0.195	benign
Q9P003	I35M	0.3843	ambiguous
Q9P003	I35N	0.9578	pathogenic
Q9P003	I35P	0.9933	pathogenic
Q9P003	I35Q	0.9573	pathogenic
Q9P003	I35R	0.9487	pathogenic
Q9P003	I35S	0.9589	pathogenic
Q9P003	I35T	0.9238	pathogenic
Q9P003	I35V	0.2332	benign
Q9P003	I35W	0.9862	pathogenic
Q9P003	I35Y	0.9756	pathogenic
Q9P003	N36A	0.9608	pathogenic
Q9P003	N36C	0.9557	pathogenic
Q9P003	N36D	0.9042	pathogenic
Q9P003	N36E	0.9922	pathogenic
Q9P003	N36F	0.9918	pathogenic
Q9P003	N36G	0.9532	pathogenic
Q9P003	N36H	0.9143	pathogenic
Q9P003	N36I	0.9753	pathogenic
Q9P003	N36K	0.9966	pathogenic
Q9P003	N36L	0.9379	pathogenic
Q9P003	N36M	0.9802	pathogenic
Q9P003	N36P	0.8933	pathogenic
Q9P003	N36Q	0.9913	pathogenic
Q9P003	N36R	0.99	pathogenic
Q9P003	N36S	0.4947	ambiguous
Q9P003	N36T	0.872	pathogenic
Q9P003	N36V	0.9683	pathogenic
Q9P003	N36W	0.997	pathogenic
Q9P003	N36Y	0.9752	pathogenic
Q9P003	A37C	0.9789	pathogenic
Q9P003	A37D	0.9944	pathogenic
Q9P003	A37E	0.9828	pathogenic
Q9P003	A37F	0.9869	pathogenic
Q9P003	A37G	0.8936	pathogenic
Q9P003	A37H	0.9899	pathogenic
Q9P003	A37I	0.9871	pathogenic
Q9P003	A37K	0.9975	pathogenic
Q9P003	A37L	0.9502	pathogenic
Q9P003	A37M	0.989	pathogenic
Q9P003	A37N	0.9925	pathogenic
Q9P003	A37P	0.8294	pathogenic
Q9P003	A37Q	0.9733	pathogenic
Q9P003	A37R	0.98	pathogenic
Q9P003	A37S	0.5797	pathogenic
Q9P003	A37T	0.9571	pathogenic
Q9P003	A37V	0.9679	pathogenic
Q9P003	A37W	0.9953	pathogenic
Q9P003	A37Y	0.9891	pathogenic
Q9P003	R38A	0.8436	pathogenic
Q9P003	R38C	0.8223	pathogenic
Q9P003	R38D	0.9611	pathogenic
Q9P003	R38E	0.7928	pathogenic
Q9P003	R38F	0.9606	pathogenic
Q9P003	R38G	0.8009	pathogenic
Q9P003	R38H	0.5977	pathogenic
Q9P003	R38I	0.7817	pathogenic
Q9P003	R38K	0.3936	ambiguous
Q9P003	R38L	0.8047	pathogenic
Q9P003	R38M	0.8714	pathogenic
Q9P003	R38N	0.9248	pathogenic
Q9P003	R38P	0.9346	pathogenic
Q9P003	R38Q	0.3492	ambiguous
Q9P003	R38S	0.8885	pathogenic
Q9P003	R38T	0.6395	pathogenic
Q9P003	R38V	0.7665	pathogenic
Q9P003	R38W	0.8067	pathogenic
Q9P003	R38Y	0.9033	pathogenic
Q9P003	S39A	0.0579	benign
Q9P003	S39C	0.2642	benign
Q9P003	S39D	0.6035	pathogenic
Q9P003	S39E	0.6306	pathogenic
Q9P003	S39F	0.5181	ambiguous
Q9P003	S39G	0.1892	benign
Q9P003	S39H	0.6214	pathogenic
Q9P003	S39I	0.415	ambiguous
Q9P003	S39K	0.933	pathogenic
Q9P003	S39L	0.2818	benign
Q9P003	S39M	0.3028	benign
Q9P003	S39N	0.2955	benign
Q9P003	S39P	0.9696	pathogenic
Q9P003	S39Q	0.5989	pathogenic
Q9P003	S39R	0.9132	pathogenic
Q9P003	S39T	0.1071	benign
Q9P003	S39V	0.284	benign
Q9P003	S39W	0.7192	pathogenic
Q9P003	S39Y	0.4769	ambiguous
Q9P003	C40A	0.8584	pathogenic
Q9P003	C40D	0.9991	pathogenic
Q9P003	C40E	0.9995	pathogenic
Q9P003	C40F	0.9758	pathogenic
Q9P003	C40G	0.8275	pathogenic
Q9P003	C40H	0.9985	pathogenic
Q9P003	C40I	0.9866	pathogenic
Q9P003	C40K	0.9998	pathogenic
Q9P003	C40L	0.9402	pathogenic
Q9P003	C40M	0.9849	pathogenic
Q9P003	C40N	0.9955	pathogenic
Q9P003	C40P	0.9991	pathogenic
Q9P003	C40Q	0.9981	pathogenic
Q9P003	C40R	0.9966	pathogenic
Q9P003	C40S	0.9438	pathogenic
Q9P003	C40T	0.9589	pathogenic
Q9P003	C40V	0.9192	pathogenic
Q9P003	C40W	0.9983	pathogenic
Q9P003	C40Y	0.9968	pathogenic
Q9P003	C41A	0.8661	pathogenic
Q9P003	C41D	0.9977	pathogenic
Q9P003	C41E	0.9992	pathogenic
Q9P003	C41F	0.985	pathogenic
Q9P003	C41G	0.8772	pathogenic
Q9P003	C41H	0.9972	pathogenic
Q9P003	C41I	0.9938	pathogenic
Q9P003	C41K	0.9996	pathogenic
Q9P003	C41L	0.9868	pathogenic
Q9P003	C41M	0.9935	pathogenic
Q9P003	C41N	0.9937	pathogenic
Q9P003	C41P	0.9981	pathogenic
Q9P003	C41Q	0.9976	pathogenic
Q9P003	C41R	0.9934	pathogenic
Q9P003	C41S	0.8907	pathogenic
Q9P003	C41T	0.9518	pathogenic
Q9P003	C41V	0.9647	pathogenic
Q9P003	C41W	0.9975	pathogenic
Q9P003	C41Y	0.9968	pathogenic
Q9P003	S42A	0.0925	benign
Q9P003	S42C	0.2431	benign
Q9P003	S42D	0.4548	ambiguous
Q9P003	S42E	0.5907	pathogenic
Q9P003	S42F	0.3601	ambiguous
Q9P003	S42G	0.1015	benign
Q9P003	S42H	0.4968	ambiguous
Q9P003	S42I	0.3471	ambiguous
Q9P003	S42K	0.838	pathogenic
Q9P003	S42L	0.1807	benign
Q9P003	S42M	0.2505	benign
Q9P003	S42N	0.228	benign
Q9P003	S42P	0.9582	pathogenic
Q9P003	S42Q	0.5565	ambiguous
Q9P003	S42R	0.7753	pathogenic
Q9P003	S42T	0.101	benign
Q9P003	S42V	0.2658	benign
Q9P003	S42W	0.5476	ambiguous
Q9P003	S42Y	0.3496	ambiguous
Q9P003	K43A	0.822	pathogenic
Q9P003	K43C	0.8996	pathogenic
Q9P003	K43D	0.9226	pathogenic
Q9P003	K43E	0.8158	pathogenic
Q9P003	K43F	0.9728	pathogenic
Q9P003	K43G	0.8817	pathogenic
Q9P003	K43H	0.5685	pathogenic
Q9P003	K43I	0.8139	pathogenic
Q9P003	K43L	0.7583	pathogenic
Q9P003	K43M	0.7533	pathogenic
Q9P003	K43N	0.8789	pathogenic
Q9P003	K43P	0.9862	pathogenic
Q9P003	K43Q	0.4159	ambiguous
Q9P003	K43R	0.0875	benign
Q9P003	K43S	0.841	pathogenic
Q9P003	K43T	0.5926	pathogenic
Q9P003	K43V	0.7349	pathogenic
Q9P003	K43W	0.9393	pathogenic
Q9P003	K43Y	0.8959	pathogenic
Q9P003	L44A	0.9805	pathogenic
Q9P003	L44C	0.989	pathogenic
Q9P003	L44D	0.9991	pathogenic
Q9P003	L44E	0.994	pathogenic
Q9P003	L44F	0.9876	pathogenic
Q9P003	L44G	0.9865	pathogenic
Q9P003	L44H	0.9979	pathogenic
Q9P003	L44I	0.8332	pathogenic
Q9P003	L44K	0.9902	pathogenic
Q9P003	L44M	0.7726	pathogenic
Q9P003	L44N	0.9935	pathogenic
Q9P003	L44P	0.9972	pathogenic
Q9P003	L44Q	0.9917	pathogenic
Q9P003	L44R	0.9864	pathogenic
Q9P003	L44S	0.9977	pathogenic
Q9P003	L44T	0.9871	pathogenic
Q9P003	L44V	0.8549	pathogenic
Q9P003	L44W	0.9961	pathogenic
Q9P003	L44Y	0.9947	pathogenic
Q9P003	N45A	0.982	pathogenic
Q9P003	N45C	0.9642	pathogenic
Q9P003	N45D	0.9639	pathogenic
Q9P003	N45E	0.9881	pathogenic
Q9P003	N45F	0.9974	pathogenic
Q9P003	N45G	0.9313	pathogenic
Q9P003	N45H	0.9739	pathogenic
Q9P003	N45I	0.9873	pathogenic
Q9P003	N45K	0.9958	pathogenic
Q9P003	N45L	0.9671	pathogenic
Q9P003	N45M	0.9887	pathogenic
Q9P003	N45P	0.984	pathogenic
Q9P003	N45Q	0.9865	pathogenic
Q9P003	N45R	0.9867	pathogenic
Q9P003	N45S	0.7285	pathogenic
Q9P003	N45T	0.9592	pathogenic
Q9P003	N45V	0.977	pathogenic
Q9P003	N45W	0.9969	pathogenic
Q9P003	N45Y	0.9805	pathogenic
Q9P003	K46A	0.3584	ambiguous
Q9P003	K46C	0.5781	pathogenic
Q9P003	K46D	0.725	pathogenic
Q9P003	K46E	0.3366	benign
Q9P003	K46F	0.5535	ambiguous
Q9P003	K46G	0.3882	ambiguous
Q9P003	K46H	0.2892	benign
Q9P003	K46I	0.3046	benign
Q9P003	K46L	0.2802	benign
Q9P003	K46M	0.2273	benign
Q9P003	K46N	0.5579	ambiguous
Q9P003	K46P	0.7385	pathogenic
Q9P003	K46Q	0.1234	benign
Q9P003	K46R	0.069	benign
Q9P003	K46S	0.4245	ambiguous
Q9P003	K46T	0.2071	benign
Q9P003	K46V	0.2499	benign
Q9P003	K46W	0.4954	ambiguous
Q9P003	K46Y	0.4336	ambiguous
Q9P003	W47A	0.7361	pathogenic
Q9P003	W47C	0.8517	pathogenic
Q9P003	W47D	0.994	pathogenic
Q9P003	W47E	0.994	pathogenic
Q9P003	W47F	0.2057	benign
Q9P003	W47G	0.4766	ambiguous
Q9P003	W47H	0.975	pathogenic
Q9P003	W47I	0.8313	pathogenic
Q9P003	W47K	0.9971	pathogenic
Q9P003	W47L	0.57	pathogenic
Q9P003	W47M	0.8236	pathogenic
Q9P003	W47N	0.9801	pathogenic
Q9P003	W47P	0.9867	pathogenic
Q9P003	W47Q	0.9924	pathogenic
Q9P003	W47R	0.9911	pathogenic
Q9P003	W47S	0.8413	pathogenic
Q9P003	W47T	0.8866	pathogenic
Q9P003	W47V	0.6972	pathogenic
Q9P003	W47Y	0.4746	ambiguous
Q9P003	V48A	0.721	pathogenic
Q9P003	V48C	0.8992	pathogenic
Q9P003	V48D	0.9402	pathogenic
Q9P003	V48E	0.8652	pathogenic
Q9P003	V48F	0.7068	pathogenic
Q9P003	V48G	0.675	pathogenic
Q9P003	V48H	0.9539	pathogenic
Q9P003	V48I	0.0942	benign
Q9P003	V48K	0.9458	pathogenic
Q9P003	V48L	0.6519	pathogenic
Q9P003	V48M	0.5213	ambiguous
Q9P003	V48N	0.7318	pathogenic
Q9P003	V48P	0.9862	pathogenic
Q9P003	V48Q	0.8628	pathogenic
Q9P003	V48R	0.9172	pathogenic
Q9P003	V48S	0.677	pathogenic
Q9P003	V48T	0.6001	pathogenic
Q9P003	V48W	0.9833	pathogenic
Q9P003	V48Y	0.928	pathogenic
Q9P003	I49A	0.2335	benign
Q9P003	I49C	0.5597	ambiguous
Q9P003	I49D	0.7923	pathogenic
Q9P003	I49E	0.6461	pathogenic
Q9P003	I49F	0.0799	benign
Q9P003	I49G	0.3397	benign
Q9P003	I49H	0.53	ambiguous
Q9P003	I49K	0.3928	ambiguous
Q9P003	I49L	0.0576	benign
Q9P003	I49M	0.0899	benign
Q9P003	I49N	0.3767	ambiguous
Q9P003	I49P	0.4202	ambiguous
Q9P003	I49Q	0.4336	ambiguous
Q9P003	I49R	0.3909	ambiguous
Q9P003	I49S	0.3041	benign
Q9P003	I49T	0.2323	benign
Q9P003	I49V	0.0652	benign
Q9P003	I49W	0.4869	ambiguous
Q9P003	I49Y	0.3352	benign
Q9P003	P50A	0.3938	ambiguous
Q9P003	P50C	0.9161	pathogenic
Q9P003	P50D	0.9955	pathogenic
Q9P003	P50E	0.9864	pathogenic
Q9P003	P50F	0.8461	pathogenic
Q9P003	P50G	0.8531	pathogenic
Q9P003	P50H	0.9586	pathogenic
Q9P003	P50I	0.6607	pathogenic
Q9P003	P50K	0.9847	pathogenic
Q9P003	P50L	0.4624	ambiguous
Q9P003	P50M	0.7815	pathogenic
Q9P003	P50N	0.9882	pathogenic
Q9P003	P50Q	0.9407	pathogenic
Q9P003	P50R	0.9556	pathogenic
Q9P003	P50S	0.7884	pathogenic
Q9P003	P50T	0.5825	pathogenic
Q9P003	P50V	0.5125	ambiguous
Q9P003	P50W	0.896	pathogenic
Q9P003	P50Y	0.9191	pathogenic
Q9P003	E51A	0.8235	pathogenic
Q9P003	E51C	0.9763	pathogenic
Q9P003	E51D	0.8503	pathogenic
Q9P003	E51F	0.9912	pathogenic
Q9P003	E51G	0.8287	pathogenic
Q9P003	E51H	0.9574	pathogenic
Q9P003	E51I	0.9583	pathogenic
Q9P003	E51K	0.9242	pathogenic
Q9P003	E51L	0.9627	pathogenic
Q9P003	E51M	0.9614	pathogenic
Q9P003	E51N	0.9502	pathogenic
Q9P003	E51P	0.9938	pathogenic
Q9P003	E51Q	0.6118	pathogenic
Q9P003	E51R	0.9169	pathogenic
Q9P003	E51S	0.8295	pathogenic
Q9P003	E51T	0.9158	pathogenic
Q9P003	E51V	0.899	pathogenic
Q9P003	E51W	0.9957	pathogenic
Q9P003	E51Y	0.9819	pathogenic
Q9P003	L52A	0.4721	ambiguous
Q9P003	L52C	0.604	pathogenic
Q9P003	L52D	0.9726	pathogenic
Q9P003	L52E	0.8848	pathogenic
Q9P003	L52F	0.1837	benign
Q9P003	L52G	0.7372	pathogenic
Q9P003	L52H	0.7915	pathogenic
Q9P003	L52I	0.0942	benign
Q9P003	L52K	0.8938	pathogenic
Q9P003	L52M	0.0808	benign
Q9P003	L52N	0.7253	pathogenic
Q9P003	L52P	0.9824	pathogenic
Q9P003	L52Q	0.6772	pathogenic
Q9P003	L52R	0.8662	pathogenic
Q9P003	L52S	0.6467	pathogenic
Q9P003	L52T	0.4254	ambiguous
Q9P003	L52V	0.0911	benign
Q9P003	L52W	0.5538	ambiguous
Q9P003	L52Y	0.546	ambiguous
Q9P003	I53A	0.0697	benign
Q9P003	I53C	0.2693	benign
Q9P003	I53D	0.9559	pathogenic
Q9P003	I53E	0.926	pathogenic
Q9P003	I53F	0.0873	benign
Q9P003	I53G	0.2745	benign
Q9P003	I53H	0.8594	pathogenic
Q9P003	I53K	0.9336	pathogenic
Q9P003	I53L	0.0686	benign
Q9P003	I53M	0.0765	benign
Q9P003	I53N	0.7613	pathogenic
Q9P003	I53P	0.7894	pathogenic
Q9P003	I53Q	0.8407	pathogenic
Q9P003	I53R	0.8792	pathogenic
Q9P003	I53S	0.1768	benign
Q9P003	I53T	0.0687	benign
Q9P003	I53V	0.0573	benign
Q9P003	I53W	0.6308	pathogenic
Q9P003	I53Y	0.6227	pathogenic
Q9P003	G54A	0.0862	benign
Q9P003	G54C	0.2302	benign
Q9P003	G54D	0.9817	pathogenic
Q9P003	G54E	0.984	pathogenic
Q9P003	G54F	0.7631	pathogenic
Q9P003	G54H	0.9865	pathogenic
Q9P003	G54I	0.549	ambiguous
Q9P003	G54K	0.997	pathogenic
Q9P003	G54L	0.5513	ambiguous
Q9P003	G54M	0.6447	pathogenic
Q9P003	G54N	0.9417	pathogenic
Q9P003	G54P	0.9886	pathogenic
Q9P003	G54Q	0.9757	pathogenic
Q9P003	G54R	0.99	pathogenic
Q9P003	G54S	0.1854	benign
Q9P003	G54T	0.3575	ambiguous
Q9P003	G54V	0.4123	ambiguous
Q9P003	G54W	0.9142	pathogenic
Q9P003	G54Y	0.9524	pathogenic
Q9P003	H55A	0.5104	ambiguous
Q9P003	H55C	0.2706	benign
Q9P003	H55D	0.6223	pathogenic
Q9P003	H55E	0.492	ambiguous
Q9P003	H55F	0.5102	ambiguous
Q9P003	H55G	0.5402	ambiguous
Q9P003	H55I	0.4134	ambiguous
Q9P003	H55K	0.7886	pathogenic
Q9P003	H55L	0.1853	benign
Q9P003	H55M	0.3804	ambiguous
Q9P003	H55N	0.1088	benign
Q9P003	H55P	0.8092	pathogenic
Q9P003	H55Q	0.1972	benign
Q9P003	H55R	0.733	pathogenic
Q9P003	H55S	0.3319	benign
Q9P003	H55T	0.4051	ambiguous
Q9P003	H55V	0.39	ambiguous
Q9P003	H55W	0.7715	pathogenic
Q9P003	H55Y	0.3181	benign
Q9P003	T56A	0.0557	benign
Q9P003	T56C	0.1353	benign
Q9P003	T56D	0.8401	pathogenic
Q9P003	T56E	0.8494	pathogenic
Q9P003	T56F	0.1218	benign
Q9P003	T56G	0.0913	benign
Q9P003	T56H	0.6955	pathogenic
Q9P003	T56I	0.0903	benign
Q9P003	T56K	0.8993	pathogenic
Q9P003	T56L	0.0757	benign
Q9P003	T56M	0.0693	benign
Q9P003	T56N	0.3482	ambiguous
Q9P003	T56P	0.8241	pathogenic
Q9P003	T56Q	0.7196	pathogenic
Q9P003	T56R	0.8586	pathogenic
Q9P003	T56S	0.0865	benign
Q9P003	T56V	0.0731	benign
Q9P003	T56W	0.5958	pathogenic
Q9P003	T56Y	0.4261	ambiguous
Q9P003	I57A	0.0727	benign
Q9P003	I57C	0.2491	benign
Q9P003	I57D	0.9283	pathogenic
Q9P003	I57E	0.9147	pathogenic
Q9P003	I57F	0.076	benign
Q9P003	I57G	0.2227	benign
Q9P003	I57H	0.8693	pathogenic
Q9P003	I57K	0.9417	pathogenic
Q9P003	I57L	0.0638	benign
Q9P003	I57M	0.0633	benign
Q9P003	I57N	0.6555	pathogenic
Q9P003	I57P	0.8919	pathogenic
Q9P003	I57Q	0.8361	pathogenic
Q9P003	I57R	0.9112	pathogenic
Q9P003	I57S	0.1648	benign
Q9P003	I57T	0.091	benign
Q9P003	I57V	0.048	benign
Q9P003	I57W	0.7431	pathogenic
Q9P003	I57Y	0.6657	pathogenic
Q9P003	V58A	0.1574	benign
Q9P003	V58C	0.555	ambiguous
Q9P003	V58D	0.7058	pathogenic
Q9P003	V58E	0.6682	pathogenic
Q9P003	V58F	0.3484	ambiguous
Q9P003	V58G	0.2156	benign
Q9P003	V58H	0.844	pathogenic
Q9P003	V58I	0.0777	benign
Q9P003	V58K	0.9007	pathogenic
Q9P003	V58L	0.2008	benign
Q9P003	V58M	0.1807	benign
Q9P003	V58N	0.3594	ambiguous
Q9P003	V58P	0.6201	pathogenic
Q9P003	V58Q	0.6688	pathogenic
Q9P003	V58R	0.8889	pathogenic
Q9P003	V58S	0.1617	benign
Q9P003	V58T	0.1484	benign
Q9P003	V58W	0.9473	pathogenic
Q9P003	V58Y	0.8229	pathogenic
Q9P003	T59A	0.1094	benign
Q9P003	T59C	0.2418	benign
Q9P003	T59D	0.8885	pathogenic
Q9P003	T59E	0.9277	pathogenic
Q9P003	T59F	0.5653	pathogenic
Q9P003	T59G	0.2689	benign
Q9P003	T59H	0.8265	pathogenic
Q9P003	T59I	0.4225	ambiguous
Q9P003	T59K	0.9765	pathogenic
Q9P003	T59L	0.2832	benign
Q9P003	T59M	0.1407	benign
Q9P003	T59N	0.3569	ambiguous
Q9P003	T59P	0.4979	ambiguous
Q9P003	T59Q	0.8546	pathogenic
Q9P003	T59R	0.9636	pathogenic
Q9P003	T59S	0.1033	benign
Q9P003	T59V	0.2427	benign
Q9P003	T59W	0.9095	pathogenic
Q9P003	T59Y	0.8175	pathogenic
Q9P003	V60A	0.0941	benign
Q9P003	V60C	0.2859	benign
Q9P003	V60D	0.8705	pathogenic
Q9P003	V60E	0.885	pathogenic
Q9P003	V60F	0.079	benign
Q9P003	V60G	0.1114	benign
Q9P003	V60H	0.8922	pathogenic
Q9P003	V60I	0.0643	benign
Q9P003	V60K	0.9461	pathogenic
Q9P003	V60L	0.0858	benign
Q9P003	V60M	0.0858	benign
Q9P003	V60N	0.5832	pathogenic
Q9P003	V60P	0.8325	pathogenic
Q9P003	V60Q	0.8338	pathogenic
Q9P003	V60R	0.932	pathogenic
Q9P003	V60S	0.1596	benign
Q9P003	V60T	0.1222	benign
Q9P003	V60W	0.77	pathogenic
Q9P003	V60Y	0.6432	pathogenic
Q9P003	L61A	0.2326	benign
Q9P003	L61C	0.3161	benign
Q9P003	L61D	0.9652	pathogenic
Q9P003	L61E	0.8971	pathogenic
Q9P003	L61F	0.0913	benign
Q9P003	L61G	0.4586	ambiguous
Q9P003	L61H	0.808	pathogenic
Q9P003	L61I	0.1141	benign
Q9P003	L61K	0.9415	pathogenic
Q9P003	L61M	0.1001	benign
Q9P003	L61N	0.7723	pathogenic
Q9P003	L61P	0.7913	pathogenic
Q9P003	L61Q	0.6964	pathogenic
Q9P003	L61R	0.909	pathogenic
Q9P003	L61S	0.3223	benign
Q9P003	L61T	0.2742	benign
Q9P003	L61V	0.1055	benign
Q9P003	L61W	0.496	ambiguous
Q9P003	L61Y	0.6217	pathogenic
Q9P003	L62A	0.5023	ambiguous
Q9P003	L62C	0.4854	ambiguous
Q9P003	L62D	0.9447	pathogenic
Q9P003	L62E	0.8551	pathogenic
Q9P003	L62F	0.2506	benign
Q9P003	L62G	0.6995	pathogenic
Q9P003	L62H	0.6776	pathogenic
Q9P003	L62I	0.4777	ambiguous
Q9P003	L62K	0.8497	pathogenic
Q9P003	L62M	0.0501	benign
Q9P003	L62N	0.6199	pathogenic
Q9P003	L62P	0.875	pathogenic
Q9P003	L62Q	0.5218	ambiguous
Q9P003	L62R	0.8778	pathogenic
Q9P003	L62S	0.5389	ambiguous
Q9P003	L62T	0.3919	ambiguous
Q9P003	L62V	0.2533	benign
Q9P003	L62W	0.7643	pathogenic
Q9P003	L62Y	0.7311	pathogenic
Q9P003	L63A	0.2771	benign
Q9P003	L63C	0.4163	ambiguous
Q9P003	L63D	0.9916	pathogenic
Q9P003	L63E	0.9731	pathogenic
Q9P003	L63F	0.1547	benign
Q9P003	L63G	0.5213	ambiguous
Q9P003	L63H	0.9336	pathogenic
Q9P003	L63I	0.1797	benign
Q9P003	L63K	0.9743	pathogenic
Q9P003	L63M	0.1451	benign
Q9P003	L63N	0.9333	pathogenic
Q9P003	L63P	0.9073	pathogenic
Q9P003	L63Q	0.8694	pathogenic
Q9P003	L63R	0.9531	pathogenic
Q9P003	L63S	0.5894	pathogenic
Q9P003	L63T	0.4699	ambiguous
Q9P003	L63V	0.1481	benign
Q9P003	L63W	0.6718	pathogenic
Q9P003	L63Y	0.7718	pathogenic
Q9P003	M64A	0.111	benign
Q9P003	M64C	0.2254	benign
Q9P003	M64D	0.8637	pathogenic
Q9P003	M64E	0.8243	pathogenic
Q9P003	M64F	0.0597	benign
Q9P003	M64G	0.172	benign
Q9P003	M64H	0.735	pathogenic
Q9P003	M64I	0.0542	benign
Q9P003	M64K	0.7889	pathogenic
Q9P003	M64L	0.0534	benign
Q9P003	M64N	0.4952	ambiguous
Q9P003	M64P	0.5984	pathogenic
Q9P003	M64Q	0.6516	pathogenic
Q9P003	M64R	0.7577	pathogenic
Q9P003	M64S	0.1728	benign
Q9P003	M64T	0.1185	benign
Q9P003	M64V	0.0485	benign
Q9P003	M64W	0.4601	ambiguous
Q9P003	M64Y	0.44	ambiguous
Q9P003	S65A	0.1217	benign
Q9P003	S65C	0.0974	benign
Q9P003	S65D	0.6636	pathogenic
Q9P003	S65E	0.7885	pathogenic
Q9P003	S65F	0.2923	benign
Q9P003	S65G	0.0992	benign
Q9P003	S65H	0.4698	ambiguous
Q9P003	S65I	0.527	ambiguous
Q9P003	S65K	0.9144	pathogenic
Q9P003	S65L	0.2708	benign
Q9P003	S65M	0.2934	benign
Q9P003	S65N	0.2703	benign
Q9P003	S65P	0.7953	pathogenic
Q9P003	S65Q	0.6801	pathogenic
Q9P003	S65R	0.8907	pathogenic
Q9P003	S65T	0.0939	benign
Q9P003	S65V	0.3701	ambiguous
Q9P003	S65W	0.4626	ambiguous
Q9P003	S65Y	0.2978	benign
Q9P003	L66A	0.1254	benign
Q9P003	L66C	0.2169	benign
Q9P003	L66D	0.4654	ambiguous
Q9P003	L66E	0.2814	benign
Q9P003	L66F	0.0573	benign
Q9P003	L66G	0.1156	benign
Q9P003	L66H	0.1512	benign
Q9P003	L66I	0.1705	benign
Q9P003	L66K	0.1479	benign
Q9P003	L66M	0.0703	benign
Q9P003	L66N	0.2195	benign
Q9P003	L66P	0.3528	ambiguous
Q9P003	L66Q	0.0871	benign
Q9P003	L66R	0.1103	benign
Q9P003	L66S	0.1002	benign
Q9P003	L66T	0.1319	benign
Q9P003	L66V	0.1086	benign
Q9P003	L66W	0.0948	benign
Q9P003	L66Y	0.1532	benign
Q9P003	H67A	0.8367	pathogenic
Q9P003	H67C	0.4375	ambiguous
Q9P003	H67D	0.6833	pathogenic
Q9P003	H67E	0.644	pathogenic
Q9P003	H67F	0.7434	pathogenic
Q9P003	H67G	0.8091	pathogenic
Q9P003	H67I	0.8976	pathogenic
Q9P003	H67K	0.6087	pathogenic
Q9P003	H67L	0.6462	pathogenic
Q9P003	H67M	0.8847	pathogenic
Q9P003	H67N	0.2601	benign
Q9P003	H67P	0.7517	pathogenic
Q9P003	H67Q	0.3542	ambiguous
Q9P003	H67R	0.3498	ambiguous
Q9P003	H67S	0.5684	pathogenic
Q9P003	H67T	0.8318	pathogenic
Q9P003	H67V	0.8405	pathogenic
Q9P003	H67W	0.7607	pathogenic
Q9P003	H67Y	0.3347	benign
Q9P003	W68A	0.4687	ambiguous
Q9P003	W68C	0.5916	pathogenic
Q9P003	W68D	0.9796	pathogenic
Q9P003	W68E	0.9824	pathogenic
Q9P003	W68F	0.1677	benign
Q9P003	W68G	0.3119	benign
Q9P003	W68H	0.9214	pathogenic
Q9P003	W68I	0.396	ambiguous
Q9P003	W68K	0.9832	pathogenic
Q9P003	W68L	0.2544	benign
Q9P003	W68M	0.5239	ambiguous
Q9P003	W68N	0.923	pathogenic
Q9P003	W68P	0.6724	pathogenic
Q9P003	W68Q	0.9654	pathogenic
Q9P003	W68R	0.9671	pathogenic
Q9P003	W68S	0.4362	ambiguous
Q9P003	W68T	0.4685	ambiguous
Q9P003	W68V	0.3482	ambiguous
Q9P003	W68Y	0.4149	ambiguous
Q9P003	F69A	0.3583	ambiguous
Q9P003	F69C	0.2457	benign
Q9P003	F69D	0.9455	pathogenic
Q9P003	F69E	0.9397	pathogenic
Q9P003	F69G	0.4892	ambiguous
Q9P003	F69H	0.8516	pathogenic
Q9P003	F69I	0.1316	benign
Q9P003	F69K	0.9483	pathogenic
Q9P003	F69L	0.5547	ambiguous
Q9P003	F69M	0.2903	benign
Q9P003	F69N	0.7877	pathogenic
Q9P003	F69P	0.7899	pathogenic
Q9P003	F69Q	0.8884	pathogenic
Q9P003	F69R	0.9232	pathogenic
Q9P003	F69S	0.4388	ambiguous
Q9P003	F69T	0.4439	ambiguous
Q9P003	F69V	0.1316	benign
Q9P003	F69W	0.4545	ambiguous
Q9P003	F69Y	0.2586	benign
Q9P003	I70A	0.3879	ambiguous
Q9P003	I70C	0.5785	pathogenic
Q9P003	I70D	0.9267	pathogenic
Q9P003	I70E	0.9255	pathogenic
Q9P003	I70F	0.1943	benign
Q9P003	I70G	0.7015	pathogenic
Q9P003	I70H	0.7996	pathogenic
Q9P003	I70K	0.9066	pathogenic
Q9P003	I70L	0.0772	benign
Q9P003	I70M	0.1264	benign
Q9P003	I70N	0.5391	ambiguous
Q9P003	I70P	0.5385	ambiguous
Q9P003	I70Q	0.813	pathogenic
Q9P003	I70R	0.8566	pathogenic
Q9P003	I70S	0.3913	ambiguous
Q9P003	I70T	0.3725	ambiguous
Q9P003	I70V	0.074	benign
Q9P003	I70W	0.8516	pathogenic
Q9P003	I70Y	0.6824	pathogenic
Q9P003	F71A	0.5277	ambiguous
Q9P003	F71C	0.2051	benign
Q9P003	F71D	0.9919	pathogenic
Q9P003	F71E	0.9958	pathogenic
Q9P003	F71G	0.7396	pathogenic
Q9P003	F71H	0.9694	pathogenic
Q9P003	F71I	0.4448	ambiguous
Q9P003	F71K	0.9975	pathogenic
Q9P003	F71L	0.579	pathogenic
Q9P003	F71M	0.4927	ambiguous
Q9P003	F71N	0.9578	pathogenic
Q9P003	F71P	0.9831	pathogenic
Q9P003	F71Q	0.986	pathogenic
Q9P003	F71R	0.9919	pathogenic
Q9P003	F71S	0.6836	pathogenic
Q9P003	F71T	0.6153	pathogenic
Q9P003	F71V	0.2804	benign
Q9P003	F71W	0.7601	pathogenic
Q9P003	F71Y	0.5806	pathogenic
Q9P003	L72A	0.1548	benign
Q9P003	L72C	0.2376	benign
Q9P003	L72D	0.984	pathogenic
Q9P003	L72E	0.9613	pathogenic
Q9P003	L72F	0.0843	benign
Q9P003	L72G	0.3732	ambiguous
Q9P003	L72H	0.9013	pathogenic
Q9P003	L72I	0.0812	benign
Q9P003	L72K	0.9788	pathogenic
Q9P003	L72M	0.096	benign
Q9P003	L72N	0.8742	pathogenic
Q9P003	L72P	0.8045	pathogenic
Q9P003	L72Q	0.8637	pathogenic
Q9P003	L72R	0.9595	pathogenic
Q9P003	L72S	0.3484	ambiguous
Q9P003	L72T	0.2626	benign
Q9P003	L72V	0.0787	benign
Q9P003	L72W	0.5628	ambiguous
Q9P003	L72Y	0.6904	pathogenic
Q9P003	L73A	0.3743	ambiguous
Q9P003	L73C	0.4499	ambiguous
Q9P003	L73D	0.9939	pathogenic
Q9P003	L73E	0.9703	pathogenic
Q9P003	L73F	0.1541	benign
Q9P003	L73G	0.758	pathogenic
Q9P003	L73H	0.926	pathogenic
Q9P003	L73I	0.1221	benign
Q9P003	L73K	0.9774	pathogenic
Q9P003	L73M	0.139	benign
Q9P003	L73N	0.9431	pathogenic
Q9P003	L73P	0.8232	pathogenic
Q9P003	L73Q	0.8608	pathogenic
Q9P003	L73R	0.9575	pathogenic
Q9P003	L73S	0.6892	pathogenic
Q9P003	L73T	0.5536	ambiguous
Q9P003	L73V	0.1262	benign
Q9P003	L73W	0.5063	ambiguous
Q9P003	L73Y	0.7556	pathogenic
Q9P003	N74A	0.6417	pathogenic
Q9P003	N74C	0.3158	benign
Q9P003	N74D	0.7919	pathogenic
Q9P003	N74E	0.9496	pathogenic
Q9P003	N74F	0.8901	pathogenic
Q9P003	N74G	0.6262	pathogenic
Q9P003	N74H	0.3981	ambiguous
Q9P003	N74I	0.6627	pathogenic
Q9P003	N74K	0.9819	pathogenic
Q9P003	N74L	0.6005	pathogenic
Q9P003	N74M	0.6682	pathogenic
Q9P003	N74P	0.8806	pathogenic
Q9P003	N74Q	0.8572	pathogenic
Q9P003	N74R	0.9792	pathogenic
Q9P003	N74S	0.1567	benign
Q9P003	N74T	0.3705	ambiguous
Q9P003	N74V	0.5731	pathogenic
Q9P003	N74W	0.9632	pathogenic
Q9P003	N74Y	0.6671	pathogenic
Q9P003	L75A	0.2113	benign
Q9P003	L75C	0.4454	ambiguous
Q9P003	L75D	0.9946	pathogenic
Q9P003	L75E	0.9791	pathogenic
Q9P003	L75F	0.1349	benign
Q9P003	L75G	0.6153	pathogenic
Q9P003	L75H	0.9406	pathogenic
Q9P003	L75I	0.076	benign
Q9P003	L75K	0.9867	pathogenic
Q9P003	L75M	0.0822	benign
Q9P003	L75N	0.9314	pathogenic
Q9P003	L75P	0.9785	pathogenic
Q9P003	L75Q	0.9014	pathogenic
Q9P003	L75R	0.9786	pathogenic
Q9P003	L75S	0.469	ambiguous
Q9P003	L75T	0.2699	benign
Q9P003	L75V	0.0738	benign
Q9P003	L75W	0.7097	pathogenic
Q9P003	L75Y	0.7855	pathogenic
Q9P003	P76A	0.5472	ambiguous
Q9P003	P76C	0.9236	pathogenic
Q9P003	P76D	0.9977	pathogenic
Q9P003	P76E	0.9958	pathogenic
Q9P003	P76F	0.9123	pathogenic
Q9P003	P76G	0.8778	pathogenic
Q9P003	P76H	0.983	pathogenic
Q9P003	P76I	0.7786	pathogenic
Q9P003	P76K	0.9971	pathogenic
Q9P003	P76L	0.5701	pathogenic
Q9P003	P76M	0.8515	pathogenic
Q9P003	P76N	0.9938	pathogenic
Q9P003	P76Q	0.9817	pathogenic
Q9P003	P76R	0.9905	pathogenic
Q9P003	P76S	0.8701	pathogenic
Q9P003	P76T	0.7473	pathogenic
Q9P003	P76V	0.6588	pathogenic
Q9P003	P76W	0.9717	pathogenic
Q9P003	P76Y	0.9768	pathogenic
Q9P003	V77A	0.2887	benign
Q9P003	V77C	0.755	pathogenic
Q9P003	V77D	0.9519	pathogenic
Q9P003	V77E	0.9072	pathogenic
Q9P003	V77F	0.3252	benign
Q9P003	V77G	0.5183	ambiguous
Q9P003	V77H	0.9549	pathogenic
Q9P003	V77I	0.0792	benign
Q9P003	V77K	0.9591	pathogenic
Q9P003	V77L	0.1682	benign
Q9P003	V77M	0.1685	benign
Q9P003	V77N	0.8064	pathogenic
Q9P003	V77P	0.6181	pathogenic
Q9P003	V77Q	0.8763	pathogenic
Q9P003	V77R	0.9458	pathogenic
Q9P003	V77S	0.567	pathogenic
Q9P003	V77T	0.365	ambiguous
Q9P003	V77W	0.949	pathogenic
Q9P003	V77Y	0.876	pathogenic
Q9P003	A78C	0.3722	ambiguous
Q9P003	A78D	0.9595	pathogenic
Q9P003	A78E	0.9474	pathogenic
Q9P003	A78F	0.4112	ambiguous
Q9P003	A78G	0.1893	benign
Q9P003	A78H	0.9553	pathogenic
Q9P003	A78I	0.3095	benign
Q9P003	A78K	0.9907	pathogenic
Q9P003	A78L	0.2547	benign
Q9P003	A78M	0.2125	benign
Q9P003	A78N	0.8198	pathogenic
Q9P003	A78P	0.9358	pathogenic
Q9P003	A78Q	0.92	pathogenic
Q9P003	A78R	0.9846	pathogenic
Q9P003	A78S	0.157	benign
Q9P003	A78T	0.1087	benign
Q9P003	A78V	0.1552	benign
Q9P003	A78W	0.9337	pathogenic
Q9P003	A78Y	0.8392	pathogenic
Q9P003	T79A	0.0516	benign
Q9P003	T79C	0.1441	benign
Q9P003	T79D	0.9181	pathogenic
Q9P003	T79E	0.895	pathogenic
Q9P003	T79F	0.1285	benign
Q9P003	T79G	0.0921	benign
Q9P003	T79H	0.7734	pathogenic
Q9P003	T79I	0.0896	benign
Q9P003	T79K	0.9046	pathogenic
Q9P003	T79L	0.0792	benign
Q9P003	T79M	0.0687	benign
Q9P003	T79N	0.5029	ambiguous
Q9P003	T79P	0.745	pathogenic
Q9P003	T79Q	0.7686	pathogenic
Q9P003	T79R	0.8732	pathogenic
Q9P003	T79S	0.0977	benign
Q9P003	T79V	0.0744	benign
Q9P003	T79W	0.6412	pathogenic
Q9P003	T79Y	0.4966	ambiguous
Q9P003	W80A	0.9321	pathogenic
Q9P003	W80C	0.9272	pathogenic
Q9P003	W80D	0.9975	pathogenic
Q9P003	W80E	0.9967	pathogenic
Q9P003	W80F	0.3469	ambiguous
Q9P003	W80G	0.8731	pathogenic
Q9P003	W80H	0.9544	pathogenic
Q9P003	W80I	0.9394	pathogenic
Q9P003	W80K	0.9956	pathogenic
Q9P003	W80L	0.8021	pathogenic
Q9P003	W80M	0.9438	pathogenic
Q9P003	W80N	0.9909	pathogenic
Q9P003	W80P	0.9979	pathogenic
Q9P003	W80Q	0.9917	pathogenic
Q9P003	W80R	0.9844	pathogenic
Q9P003	W80S	0.9282	pathogenic
Q9P003	W80T	0.974	pathogenic
Q9P003	W80V	0.8973	pathogenic
Q9P003	W80Y	0.4131	ambiguous
Q9P003	N81A	0.4991	ambiguous
Q9P003	N81C	0.3538	ambiguous
Q9P003	N81D	0.247	benign
Q9P003	N81E	0.7371	pathogenic
Q9P003	N81F	0.8253	pathogenic
Q9P003	N81G	0.49	ambiguous
Q9P003	N81H	0.2884	benign
Q9P003	N81I	0.351	ambiguous
Q9P003	N81K	0.8823	pathogenic
Q9P003	N81L	0.3078	benign
Q9P003	N81M	0.4176	ambiguous
Q9P003	N81P	0.976	pathogenic
Q9P003	N81Q	0.7009	pathogenic
Q9P003	N81R	0.9204	pathogenic
Q9P003	N81S	0.1954	benign
Q9P003	N81T	0.3222	benign
Q9P003	N81V	0.3576	ambiguous
Q9P003	N81W	0.9365	pathogenic
Q9P003	N81Y	0.4792	ambiguous
Q9P003	I82A	0.1862	benign
Q9P003	I82C	0.3386	benign
Q9P003	I82D	0.9708	pathogenic
Q9P003	I82E	0.9577	pathogenic
Q9P003	I82F	0.0945	benign
Q9P003	I82G	0.3691	ambiguous
Q9P003	I82H	0.9002	pathogenic
Q9P003	I82K	0.9446	pathogenic
Q9P003	I82L	0.0879	benign
Q9P003	I82M	0.0868	benign
Q9P003	I82N	0.7277	pathogenic
Q9P003	I82P	0.9711	pathogenic
Q9P003	I82Q	0.9015	pathogenic
Q9P003	I82R	0.9157	pathogenic
Q9P003	I82S	0.3254	benign
Q9P003	I82T	0.2053	benign
Q9P003	I82V	0.0611	benign
Q9P003	I82W	0.779	pathogenic
Q9P003	I82Y	0.6167	pathogenic
Q9P003	Y83A	0.7841	pathogenic
Q9P003	Y83C	0.2781	benign
Q9P003	Y83D	0.8586	pathogenic
Q9P003	Y83E	0.9067	pathogenic
Q9P003	Y83F	0.1519	benign
Q9P003	Y83G	0.707	pathogenic
Q9P003	Y83H	0.2265	benign
Q9P003	Y83I	0.7465	pathogenic
Q9P003	Y83K	0.6791	pathogenic
Q9P003	Y83L	0.6412	pathogenic
Q9P003	Y83M	0.7978	pathogenic
Q9P003	Y83N	0.4578	ambiguous
Q9P003	Y83P	0.986	pathogenic
Q9P003	Y83Q	0.5444	ambiguous
Q9P003	Y83R	0.3925	ambiguous
Q9P003	Y83S	0.4148	ambiguous
Q9P003	Y83T	0.7627	pathogenic
Q9P003	Y83V	0.6633	pathogenic
Q9P003	Y83W	0.2884	benign
Q9P003	R84A	0.9372	pathogenic
Q9P003	R84C	0.5855	pathogenic
Q9P003	R84D	0.9587	pathogenic
Q9P003	R84E	0.7996	pathogenic
Q9P003	R84F	0.9729	pathogenic
Q9P003	R84G	0.8493	pathogenic
Q9P003	R84H	0.3937	ambiguous
Q9P003	R84I	0.9155	pathogenic
Q9P003	R84K	0.2698	benign
Q9P003	R84L	0.812	pathogenic
Q9P003	R84M	0.8987	pathogenic
Q9P003	R84N	0.9363	pathogenic
Q9P003	R84P	0.9902	pathogenic
Q9P003	R84Q	0.3055	benign
Q9P003	R84S	0.9331	pathogenic
Q9P003	R84T	0.8911	pathogenic
Q9P003	R84V	0.9142	pathogenic
Q9P003	R84W	0.7541	pathogenic
Q9P003	R84Y	0.9055	pathogenic
Q9P003	Y85A	0.4638	ambiguous
Q9P003	Y85C	0.1431	benign
Q9P003	Y85D	0.7624	pathogenic
Q9P003	Y85E	0.8047	pathogenic
Q9P003	Y85F	0.0455	benign
Q9P003	Y85G	0.5577	ambiguous
Q9P003	Y85H	0.3003	benign
Q9P003	Y85I	0.2046	benign
Q9P003	Y85K	0.7152	pathogenic
Q9P003	Y85L	0.3587	ambiguous
Q9P003	Y85M	0.3334	benign
Q9P003	Y85N	0.4335	ambiguous
Q9P003	Y85P	0.9674	pathogenic
Q9P003	Y85Q	0.5796	pathogenic
Q9P003	Y85R	0.6182	pathogenic
Q9P003	Y85S	0.3933	ambiguous
Q9P003	Y85T	0.4413	ambiguous
Q9P003	Y85V	0.1568	benign
Q9P003	Y85W	0.2872	benign
Q9P003	I86A	0.1693	benign
Q9P003	I86C	0.2258	benign
Q9P003	I86D	0.8038	pathogenic
Q9P003	I86E	0.6929	pathogenic
Q9P003	I86F	0.0556	benign
Q9P003	I86G	0.3517	ambiguous
Q9P003	I86H	0.3593	ambiguous
Q9P003	I86K	0.3796	ambiguous
Q9P003	I86L	0.0694	benign
Q9P003	I86M	0.0708	benign
Q9P003	I86N	0.3539	ambiguous
Q9P003	I86P	0.9249	pathogenic
Q9P003	I86Q	0.3817	ambiguous
Q9P003	I86R	0.2568	benign
Q9P003	I86S	0.2017	benign
Q9P003	I86T	0.1767	benign
Q9P003	I86V	0.0552	benign
Q9P003	I86W	0.3483	ambiguous
Q9P003	I86Y	0.2241	benign
Q9P003	M87A	0.1463	benign
Q9P003	M87C	0.4457	ambiguous
Q9P003	M87D	0.7197	pathogenic
Q9P003	M87E	0.3745	ambiguous
Q9P003	M87F	0.32	benign
Q9P003	M87G	0.3498	ambiguous
Q9P003	M87H	0.209	benign
Q9P003	M87I	0.3506	ambiguous
Q9P003	M87K	0.0673	benign
Q9P003	M87L	0.1143	benign
Q9P003	M87N	0.2598	benign
Q9P003	M87P	0.9079	pathogenic
Q9P003	M87Q	0.1188	benign
Q9P003	M87R	0.0917	benign
Q9P003	M87S	0.1416	benign
Q9P003	M87T	0.0753	benign
Q9P003	M87V	0.095	benign
Q9P003	M87W	0.5615	ambiguous
Q9P003	M87Y	0.4752	ambiguous
Q9P003	V88A	0.772	pathogenic
Q9P003	V88C	0.9324	pathogenic
Q9P003	V88D	0.9675	pathogenic
Q9P003	V88E	0.8924	pathogenic
Q9P003	V88F	0.7785	pathogenic
Q9P003	V88G	0.8381	pathogenic
Q9P003	V88H	0.954	pathogenic
Q9P003	V88I	0.107	benign
Q9P003	V88K	0.7271	pathogenic
Q9P003	V88L	0.6723	pathogenic
Q9P003	V88M	0.5652	pathogenic
Q9P003	V88N	0.8926	pathogenic
Q9P003	V88P	0.9099	pathogenic
Q9P003	V88Q	0.7795	pathogenic
Q9P003	V88R	0.7231	pathogenic
Q9P003	V88S	0.8568	pathogenic
Q9P003	V88T	0.6125	pathogenic
Q9P003	V88W	0.9866	pathogenic
Q9P003	V88Y	0.9512	pathogenic
Q9P003	P89A	0.7342	pathogenic
Q9P003	P89C	0.9889	pathogenic
Q9P003	P89D	0.9712	pathogenic
Q9P003	P89E	0.9289	pathogenic
Q9P003	P89F	0.9949	pathogenic
Q9P003	P89G	0.9322	pathogenic
Q9P003	P89H	0.9093	pathogenic
Q9P003	P89I	0.9851	pathogenic
Q9P003	P89K	0.9102	pathogenic
Q9P003	P89L	0.9304	pathogenic
Q9P003	P89M	0.9852	pathogenic
Q9P003	P89N	0.9702	pathogenic
Q9P003	P89Q	0.8644	pathogenic
Q9P003	P89R	0.8111	pathogenic
Q9P003	P89S	0.8479	pathogenic
Q9P003	P89T	0.8537	pathogenic
Q9P003	P89V	0.955	pathogenic
Q9P003	P89W	0.9955	pathogenic
Q9P003	P89Y	0.9883	pathogenic
Q9P003	S90A	0.0661	benign
Q9P003	S90C	0.115	benign
Q9P003	S90D	0.3957	ambiguous
Q9P003	S90E	0.3826	ambiguous
Q9P003	S90F	0.2334	benign
Q9P003	S90G	0.0816	benign
Q9P003	S90H	0.257	benign
Q9P003	S90I	0.1934	benign
Q9P003	S90K	0.3439	ambiguous
Q9P003	S90L	0.1143	benign
Q9P003	S90M	0.1425	benign
Q9P003	S90N	0.1564	benign
Q9P003	S90P	0.1016	benign
Q9P003	S90Q	0.2657	benign
Q9P003	S90R	0.3098	benign
Q9P003	S90T	0.0798	benign
Q9P003	S90V	0.1361	benign
Q9P003	S90W	0.3132	benign
Q9P003	S90Y	0.2079	benign
Q9P003	G91A	0.8264	pathogenic
Q9P003	G91C	0.8888	pathogenic
Q9P003	G91D	0.9313	pathogenic
Q9P003	G91E	0.9554	pathogenic
Q9P003	G91F	0.9814	pathogenic
Q9P003	G91H	0.9695	pathogenic
Q9P003	G91I	0.9835	pathogenic
Q9P003	G91K	0.9818	pathogenic
Q9P003	G91L	0.978	pathogenic
Q9P003	G91M	0.9791	pathogenic
Q9P003	G91N	0.8983	pathogenic
Q9P003	G91P	0.9949	pathogenic
Q9P003	G91Q	0.9477	pathogenic
Q9P003	G91R	0.9485	pathogenic
Q9P003	G91S	0.6128	pathogenic
Q9P003	G91T	0.9041	pathogenic
Q9P003	G91V	0.9648	pathogenic
Q9P003	G91W	0.9628	pathogenic
Q9P003	G91Y	0.9712	pathogenic
Q9P003	N92A	0.9261	pathogenic
Q9P003	N92C	0.8571	pathogenic
Q9P003	N92D	0.8356	pathogenic
Q9P003	N92E	0.9596	pathogenic
Q9P003	N92F	0.9744	pathogenic
Q9P003	N92G	0.8898	pathogenic
Q9P003	N92H	0.7372	pathogenic
Q9P003	N92I	0.9369	pathogenic
Q9P003	N92K	0.9723	pathogenic
Q9P003	N92L	0.9121	pathogenic
Q9P003	N92M	0.9372	pathogenic
Q9P003	N92P	0.9788	pathogenic
Q9P003	N92Q	0.9524	pathogenic
Q9P003	N92R	0.958	pathogenic
Q9P003	N92S	0.4898	ambiguous
Q9P003	N92T	0.8522	pathogenic
Q9P003	N92V	0.9165	pathogenic
Q9P003	N92W	0.9876	pathogenic
Q9P003	N92Y	0.8224	pathogenic
Q9P003	M93A	0.396	ambiguous
Q9P003	M93C	0.7899	pathogenic
Q9P003	M93D	0.8809	pathogenic
Q9P003	M93E	0.7045	pathogenic
Q9P003	M93F	0.3534	ambiguous
Q9P003	M93G	0.6992	pathogenic
Q9P003	M93H	0.6816	pathogenic
Q9P003	M93I	0.3513	ambiguous
Q9P003	M93K	0.414	ambiguous
Q9P003	M93L	0.1068	benign
Q9P003	M93N	0.6477	pathogenic
Q9P003	M93P	0.7439	pathogenic
Q9P003	M93Q	0.4557	ambiguous
Q9P003	M93R	0.3965	ambiguous
Q9P003	M93S	0.4813	ambiguous
Q9P003	M93T	0.1713	benign
Q9P003	M93V	0.0924	benign
Q9P003	M93W	0.6897	pathogenic
Q9P003	M93Y	0.6748	pathogenic
Q9P003	G94A	0.9224	pathogenic
Q9P003	G94C	0.987	pathogenic
Q9P003	G94D	0.988	pathogenic
Q9P003	G94E	0.9934	pathogenic
Q9P003	G94F	0.9917	pathogenic
Q9P003	G94H	0.9957	pathogenic
Q9P003	G94I	0.9937	pathogenic
Q9P003	G94K	0.9978	pathogenic
Q9P003	G94L	0.9913	pathogenic
Q9P003	G94M	0.994	pathogenic
Q9P003	G94N	0.9918	pathogenic
Q9P003	G94P	0.9976	pathogenic
Q9P003	G94Q	0.9954	pathogenic
Q9P003	G94R	0.9946	pathogenic
Q9P003	G94S	0.9483	pathogenic
Q9P003	G94T	0.9823	pathogenic
Q9P003	G94V	0.9838	pathogenic
Q9P003	G94W	0.9913	pathogenic
Q9P003	G94Y	0.9908	pathogenic
Q9P003	V95A	0.7054	pathogenic
Q9P003	V95C	0.8913	pathogenic
Q9P003	V95D	0.952	pathogenic
Q9P003	V95E	0.8958	pathogenic
Q9P003	V95F	0.5174	ambiguous
Q9P003	V95G	0.8006	pathogenic
Q9P003	V95H	0.9695	pathogenic
Q9P003	V95I	0.0825	benign
Q9P003	V95K	0.9404	pathogenic
Q9P003	V95L	0.4404	ambiguous
Q9P003	V95M	0.4084	ambiguous
Q9P003	V95N	0.8931	pathogenic
Q9P003	V95P	0.8869	pathogenic
Q9P003	V95Q	0.905	pathogenic
Q9P003	V95R	0.9063	pathogenic
Q9P003	V95S	0.8487	pathogenic
Q9P003	V95T	0.7713	pathogenic
Q9P003	V95W	0.9733	pathogenic
Q9P003	V95Y	0.8736	pathogenic
Q9P003	F96A	0.9967	pathogenic
Q9P003	F96C	0.9831	pathogenic
Q9P003	F96D	0.9983	pathogenic
Q9P003	F96E	0.9987	pathogenic
Q9P003	F96G	0.9975	pathogenic
Q9P003	F96H	0.9805	pathogenic
Q9P003	F96I	0.9823	pathogenic
Q9P003	F96K	0.9987	pathogenic
Q9P003	F96L	0.9956	pathogenic
Q9P003	F96M	0.9846	pathogenic
Q9P003	F96N	0.993	pathogenic
Q9P003	F96P	0.9997	pathogenic
Q9P003	F96Q	0.9975	pathogenic
Q9P003	F96R	0.9952	pathogenic
Q9P003	F96S	0.9937	pathogenic
Q9P003	F96T	0.9971	pathogenic
Q9P003	F96V	0.9797	pathogenic
Q9P003	F96W	0.7938	pathogenic
Q9P003	F96Y	0.2124	benign
Q9P003	D97A	0.9933	pathogenic
Q9P003	D97C	0.9968	pathogenic
Q9P003	D97E	0.9861	pathogenic
Q9P003	D97F	0.9978	pathogenic
Q9P003	D97G	0.9979	pathogenic
Q9P003	D97H	0.9874	pathogenic
Q9P003	D97I	0.9976	pathogenic
Q9P003	D97K	0.9984	pathogenic
Q9P003	D97L	0.9936	pathogenic
Q9P003	D97M	0.9995	pathogenic
Q9P003	D97N	0.9885	pathogenic
Q9P003	D97P	0.9967	pathogenic
Q9P003	D97Q	0.9972	pathogenic
Q9P003	D97R	0.9954	pathogenic
Q9P003	D97S	0.9809	pathogenic
Q9P003	D97T	0.9982	pathogenic
Q9P003	D97V	0.9943	pathogenic
Q9P003	D97W	0.9989	pathogenic
Q9P003	D97Y	0.9822	pathogenic
Q9P003	P98A	0.8624	pathogenic
Q9P003	P98C	0.9968	pathogenic
Q9P003	P98D	0.9987	pathogenic
Q9P003	P98E	0.9971	pathogenic
Q9P003	P98F	0.9996	pathogenic
Q9P003	P98G	0.9946	pathogenic
Q9P003	P98H	0.997	pathogenic
Q9P003	P98I	0.9969	pathogenic
Q9P003	P98K	0.9991	pathogenic
Q9P003	P98L	0.9932	pathogenic
Q9P003	P98M	0.9981	pathogenic
Q9P003	P98N	0.9988	pathogenic
Q9P003	P98Q	0.9972	pathogenic
Q9P003	P98R	0.9949	pathogenic
Q9P003	P98S	0.9846	pathogenic
Q9P003	P98T	0.9904	pathogenic
Q9P003	P98V	0.9881	pathogenic
Q9P003	P98W	0.9997	pathogenic
Q9P003	P98Y	0.9993	pathogenic
Q9P003	T99A	0.4493	ambiguous
Q9P003	T99C	0.9543	pathogenic
Q9P003	T99D	0.995	pathogenic
Q9P003	T99E	0.987	pathogenic
Q9P003	T99F	0.9903	pathogenic
Q9P003	T99G	0.9213	pathogenic
Q9P003	T99H	0.9918	pathogenic
Q9P003	T99I	0.9815	pathogenic
Q9P003	T99K	0.9853	pathogenic
Q9P003	T99L	0.8585	pathogenic
Q9P003	T99M	0.8055	pathogenic
Q9P003	T99N	0.9796	pathogenic
Q9P003	T99P	0.9192	pathogenic
Q9P003	T99Q	0.975	pathogenic
Q9P003	T99R	0.9631	pathogenic
Q9P003	T99S	0.8491	pathogenic
Q9P003	T99V	0.8521	pathogenic
Q9P003	T99W	0.9974	pathogenic
Q9P003	T99Y	0.995	pathogenic
Q9P003	E100A	0.9452	pathogenic
Q9P003	E100C	0.9966	pathogenic
Q9P003	E100D	0.9454	pathogenic
Q9P003	E100F	0.9992	pathogenic
Q9P003	E100G	0.9679	pathogenic
Q9P003	E100H	0.9946	pathogenic
Q9P003	E100I	0.9934	pathogenic
Q9P003	E100K	0.9723	pathogenic
Q9P003	E100L	0.9952	pathogenic
Q9P003	E100M	0.9919	pathogenic
Q9P003	E100N	0.9879	pathogenic
Q9P003	E100P	0.9992	pathogenic
Q9P003	E100Q	0.8958	pathogenic
Q9P003	E100R	0.9712	pathogenic
Q9P003	E100S	0.9623	pathogenic
Q9P003	E100T	0.9722	pathogenic
Q9P003	E100V	0.9678	pathogenic
Q9P003	E100W	0.9996	pathogenic
Q9P003	E100Y	0.998	pathogenic
Q9P003	I101A	0.9976	pathogenic
Q9P003	I101C	0.9992	pathogenic
Q9P003	I101D	0.9996	pathogenic
Q9P003	I101E	0.9986	pathogenic
Q9P003	I101F	0.9852	pathogenic
Q9P003	I101G	0.9994	pathogenic
Q9P003	I101H	0.9997	pathogenic
Q9P003	I101K	0.9989	pathogenic
Q9P003	I101L	0.915	pathogenic
Q9P003	I101M	0.8967	pathogenic
Q9P003	I101N	0.9969	pathogenic
Q9P003	I101P	0.9989	pathogenic
Q9P003	I101Q	0.9992	pathogenic
Q9P003	I101R	0.9984	pathogenic
Q9P003	I101S	0.9974	pathogenic
Q9P003	I101T	0.9978	pathogenic
Q9P003	I101V	0.7596	pathogenic
Q9P003	I101W	0.9991	pathogenic
Q9P003	I101Y	0.9964	pathogenic
Q9P003	H102A	0.9913	pathogenic
Q9P003	H102C	0.9012	pathogenic
Q9P003	H102D	0.9949	pathogenic
Q9P003	H102E	0.9947	pathogenic
Q9P003	H102F	0.8637	pathogenic
Q9P003	H102G	0.9895	pathogenic
Q9P003	H102I	0.9872	pathogenic
Q9P003	H102K	0.988	pathogenic
Q9P003	H102L	0.7593	pathogenic
Q9P003	H102M	0.9601	pathogenic
Q9P003	H102N	0.9557	pathogenic
Q9P003	H102P	0.9748	pathogenic
Q9P003	H102Q	0.9751	pathogenic
Q9P003	H102R	0.9509	pathogenic
Q9P003	H102S	0.9861	pathogenic
Q9P003	H102T	0.9925	pathogenic
Q9P003	H102V	0.9846	pathogenic
Q9P003	H102W	0.8901	pathogenic
Q9P003	H102Y	0.724	pathogenic
Q9P003	N103A	0.8653	pathogenic
Q9P003	N103C	0.7886	pathogenic
Q9P003	N103D	0.8114	pathogenic
Q9P003	N103E	0.9597	pathogenic
Q9P003	N103F	0.9644	pathogenic
Q9P003	N103G	0.8105	pathogenic
Q9P003	N103H	0.5045	ambiguous
Q9P003	N103I	0.8725	pathogenic
Q9P003	N103K	0.95	pathogenic
Q9P003	N103L	0.8097	pathogenic
Q9P003	N103M	0.9193	pathogenic
Q9P003	N103P	0.9759	pathogenic
Q9P003	N103Q	0.8741	pathogenic
Q9P003	N103R	0.8497	pathogenic
Q9P003	N103S	0.3126	benign
Q9P003	N103T	0.725	pathogenic
Q9P003	N103V	0.8183	pathogenic
Q9P003	N103W	0.9775	pathogenic
Q9P003	N103Y	0.7684	pathogenic
Q9P003	R104A	0.9343	pathogenic
Q9P003	R104C	0.8191	pathogenic
Q9P003	R104D	0.9726	pathogenic
Q9P003	R104E	0.9081	pathogenic
Q9P003	R104F	0.9727	pathogenic
Q9P003	R104G	0.8661	pathogenic
Q9P003	R104H	0.4581	ambiguous
Q9P003	R104I	0.9535	pathogenic
Q9P003	R104K	0.4191	ambiguous
Q9P003	R104L	0.8777	pathogenic
Q9P003	R104M	0.9182	pathogenic
Q9P003	R104N	0.9583	pathogenic
Q9P003	R104P	0.9841	pathogenic
Q9P003	R104Q	0.4212	ambiguous
Q9P003	R104S	0.9495	pathogenic
Q9P003	R104T	0.9303	pathogenic
Q9P003	R104V	0.954	pathogenic
Q9P003	R104W	0.7858	pathogenic
Q9P003	R104Y	0.903	pathogenic
Q9P003	G105A	0.7373	pathogenic
Q9P003	G105C	0.8802	pathogenic
Q9P003	G105D	0.895	pathogenic
Q9P003	G105E	0.9322	pathogenic
Q9P003	G105F	0.9671	pathogenic
Q9P003	G105H	0.9206	pathogenic
Q9P003	G105I	0.9668	pathogenic
Q9P003	G105K	0.967	pathogenic
Q9P003	G105L	0.9548	pathogenic
Q9P003	G105M	0.961	pathogenic
Q9P003	G105N	0.8424	pathogenic
Q9P003	G105P	0.9943	pathogenic
Q9P003	G105Q	0.8964	pathogenic
Q9P003	G105R	0.9312	pathogenic
Q9P003	G105S	0.5119	ambiguous
Q9P003	G105T	0.8559	pathogenic
Q9P003	G105V	0.9344	pathogenic
Q9P003	G105W	0.9378	pathogenic
Q9P003	G105Y	0.9358	pathogenic
Q9P003	Q106A	0.4431	ambiguous
Q9P003	Q106C	0.9012	pathogenic
Q9P003	Q106D	0.7694	pathogenic
Q9P003	Q106E	0.1738	benign
Q9P003	Q106F	0.8358	pathogenic
Q9P003	Q106G	0.6367	pathogenic
Q9P003	Q106H	0.5804	pathogenic
Q9P003	Q106I	0.6379	pathogenic
Q9P003	Q106K	0.3346	benign
Q9P003	Q106L	0.2232	benign
Q9P003	Q106M	0.3842	ambiguous
Q9P003	Q106N	0.4255	ambiguous
Q9P003	Q106P	0.91	pathogenic
Q9P003	Q106R	0.4035	ambiguous
Q9P003	Q106S	0.523	ambiguous
Q9P003	Q106T	0.544	ambiguous
Q9P003	Q106V	0.4623	ambiguous
Q9P003	Q106W	0.9017	pathogenic
Q9P003	Q106Y	0.7606	pathogenic
Q9P003	L107A	0.9845	pathogenic
Q9P003	L107C	0.9935	pathogenic
Q9P003	L107D	0.9992	pathogenic
Q9P003	L107E	0.9924	pathogenic
Q9P003	L107F	0.9907	pathogenic
Q9P003	L107G	0.989	pathogenic
Q9P003	L107H	0.9969	pathogenic
Q9P003	L107I	0.6532	pathogenic
Q9P003	L107K	0.9828	pathogenic
Q9P003	L107M	0.7674	pathogenic
Q9P003	L107N	0.9919	pathogenic
Q9P003	L107P	0.9971	pathogenic
Q9P003	L107Q	0.9869	pathogenic
Q9P003	L107R	0.9773	pathogenic
Q9P003	L107S	0.9973	pathogenic
Q9P003	L107T	0.9829	pathogenic
Q9P003	L107V	0.7307	pathogenic
Q9P003	L107W	0.9953	pathogenic
Q9P003	L107Y	0.996	pathogenic
Q9P003	K108A	0.9241	pathogenic
Q9P003	K108C	0.9647	pathogenic
Q9P003	K108D	0.9736	pathogenic
Q9P003	K108E	0.9218	pathogenic
Q9P003	K108F	0.9909	pathogenic
Q9P003	K108G	0.9125	pathogenic
Q9P003	K108H	0.7238	pathogenic
Q9P003	K108I	0.9566	pathogenic
Q9P003	K108L	0.9071	pathogenic
Q9P003	K108M	0.9154	pathogenic
Q9P003	K108N	0.9504	pathogenic
Q9P003	K108P	0.9727	pathogenic
Q9P003	K108Q	0.5351	ambiguous
Q9P003	K108R	0.1192	benign
Q9P003	K108S	0.9369	pathogenic
Q9P003	K108T	0.8779	pathogenic
Q9P003	K108V	0.9223	pathogenic
Q9P003	K108W	0.975	pathogenic
Q9P003	K108Y	0.9612	pathogenic
Q9P003	S109A	0.0756	benign
Q9P003	S109C	0.1229	benign
Q9P003	S109D	0.4877	ambiguous
Q9P003	S109E	0.5571	ambiguous
Q9P003	S109F	0.2123	benign
Q9P003	S109G	0.0669	benign
Q9P003	S109H	0.2985	benign
Q9P003	S109I	0.153	benign
Q9P003	S109K	0.549	ambiguous
Q9P003	S109L	0.1199	benign
Q9P003	S109M	0.1472	benign
Q9P003	S109N	0.1237	benign
Q9P003	S109P	0.8075	pathogenic
Q9P003	S109Q	0.3549	ambiguous
Q9P003	S109R	0.4909	ambiguous
Q9P003	S109T	0.073	benign
Q9P003	S109V	0.1471	benign
Q9P003	S109W	0.3097	benign
Q9P003	S109Y	0.1759	benign
Q9P003	H110A	0.9187	pathogenic
Q9P003	H110C	0.5831	pathogenic
Q9P003	H110D	0.9283	pathogenic
Q9P003	H110E	0.9378	pathogenic
Q9P003	H110F	0.6809	pathogenic
Q9P003	H110G	0.9354	pathogenic
Q9P003	H110I	0.9517	pathogenic
Q9P003	H110K	0.8837	pathogenic
Q9P003	H110L	0.7093	pathogenic
Q9P003	H110M	0.9414	pathogenic
Q9P003	H110N	0.6822	pathogenic
Q9P003	H110P	0.9629	pathogenic
Q9P003	H110Q	0.8055	pathogenic
Q9P003	H110R	0.6143	pathogenic
Q9P003	H110S	0.8884	pathogenic
Q9P003	H110T	0.9442	pathogenic
Q9P003	H110V	0.9164	pathogenic
Q9P003	H110W	0.7409	pathogenic
Q9P003	H110Y	0.3209	benign
Q9P003	M111A	0.8742	pathogenic
Q9P003	M111C	0.9322	pathogenic
Q9P003	M111D	0.9944	pathogenic
Q9P003	M111E	0.9228	pathogenic
Q9P003	M111F	0.8453	pathogenic
Q9P003	M111G	0.9253	pathogenic
Q9P003	M111H	0.9518	pathogenic
Q9P003	M111I	0.9184	pathogenic
Q9P003	M111K	0.6402	pathogenic
Q9P003	M111L	0.3104	benign
Q9P003	M111N	0.902	pathogenic
Q9P003	M111P	0.998	pathogenic
Q9P003	M111Q	0.4816	ambiguous
Q9P003	M111R	0.7176	pathogenic
Q9P003	M111S	0.8332	pathogenic
Q9P003	M111T	0.4977	ambiguous
Q9P003	M111V	0.436	ambiguous
Q9P003	M111W	0.9725	pathogenic
Q9P003	M111Y	0.9569	pathogenic
Q9P003	K112A	0.9159	pathogenic
Q9P003	K112C	0.9607	pathogenic
Q9P003	K112D	0.9723	pathogenic
Q9P003	K112E	0.8325	pathogenic
Q9P003	K112F	0.9815	pathogenic
Q9P003	K112G	0.886	pathogenic
Q9P003	K112H	0.7642	pathogenic
Q9P003	K112I	0.9147	pathogenic
Q9P003	K112L	0.8871	pathogenic
Q9P003	K112M	0.823	pathogenic
Q9P003	K112N	0.9341	pathogenic
Q9P003	K112P	0.991	pathogenic
Q9P003	K112Q	0.4111	ambiguous
Q9P003	K112R	0.0959	benign
Q9P003	K112S	0.928	pathogenic
Q9P003	K112T	0.7584	pathogenic
Q9P003	K112V	0.8537	pathogenic
Q9P003	K112W	0.9204	pathogenic
Q9P003	K112Y	0.9283	pathogenic
Q9P003	E113A	0.8357	pathogenic
Q9P003	E113C	0.9902	pathogenic
Q9P003	E113D	0.7545	pathogenic
Q9P003	E113F	0.9913	pathogenic
Q9P003	E113G	0.8456	pathogenic
Q9P003	E113H	0.9833	pathogenic
Q9P003	E113I	0.9409	pathogenic
Q9P003	E113K	0.9617	pathogenic
Q9P003	E113L	0.9697	pathogenic
Q9P003	E113M	0.9601	pathogenic
Q9P003	E113N	0.9569	pathogenic
Q9P003	E113P	0.9969	pathogenic
Q9P003	E113Q	0.8198	pathogenic
Q9P003	E113R	0.9654	pathogenic
Q9P003	E113S	0.916	pathogenic
Q9P003	E113T	0.9352	pathogenic
Q9P003	E113V	0.8664	pathogenic
Q9P003	E113W	0.9961	pathogenic
Q9P003	E113Y	0.9806	pathogenic
Q9P003	A114C	0.5891	pathogenic
Q9P003	A114D	0.9578	pathogenic
Q9P003	A114E	0.9426	pathogenic
Q9P003	A114F	0.9481	pathogenic
Q9P003	A114G	0.2889	benign
Q9P003	A114H	0.9502	pathogenic
Q9P003	A114I	0.9096	pathogenic
Q9P003	A114K	0.9906	pathogenic
Q9P003	A114L	0.8537	pathogenic
Q9P003	A114M	0.8233	pathogenic
Q9P003	A114N	0.7698	pathogenic
Q9P003	A114P	0.9963	pathogenic
Q9P003	A114Q	0.8897	pathogenic
Q9P003	A114R	0.9764	pathogenic
Q9P003	A114S	0.1115	benign
Q9P003	A114T	0.3811	ambiguous
Q9P003	A114V	0.6664	pathogenic
Q9P003	A114W	0.9907	pathogenic
Q9P003	A114Y	0.9575	pathogenic
Q9P003	M115A	0.884	pathogenic
Q9P003	M115C	0.8776	pathogenic
Q9P003	M115D	0.9972	pathogenic
Q9P003	M115E	0.9887	pathogenic
Q9P003	M115F	0.6708	pathogenic
Q9P003	M115G	0.9422	pathogenic
Q9P003	M115H	0.9881	pathogenic
Q9P003	M115I	0.8901	pathogenic
Q9P003	M115K	0.9661	pathogenic
Q9P003	M115L	0.3016	benign
Q9P003	M115N	0.9613	pathogenic
Q9P003	M115P	0.9969	pathogenic
Q9P003	M115Q	0.941	pathogenic
Q9P003	M115R	0.9678	pathogenic
Q9P003	M115S	0.8868	pathogenic
Q9P003	M115T	0.8019	pathogenic
Q9P003	M115V	0.2573	benign
Q9P003	M115W	0.9482	pathogenic
Q9P003	M115Y	0.9449	pathogenic
Q9P003	I116A	0.4983	ambiguous
Q9P003	I116C	0.6236	pathogenic
Q9P003	I116D	0.9951	pathogenic
Q9P003	I116E	0.9868	pathogenic
Q9P003	I116F	0.1882	benign
Q9P003	I116G	0.6964	pathogenic
Q9P003	I116H	0.9737	pathogenic
Q9P003	I116K	0.9777	pathogenic
Q9P003	I116L	0.1533	benign
Q9P003	I116M	0.1593	benign
Q9P003	I116N	0.9174	pathogenic
Q9P003	I116P	0.986	pathogenic
Q9P003	I116Q	0.9559	pathogenic
Q9P003	I116R	0.9585	pathogenic
Q9P003	I116S	0.689	pathogenic
Q9P003	I116T	0.5905	pathogenic
Q9P003	I116V	0.082	benign
Q9P003	I116W	0.8773	pathogenic
Q9P003	I116Y	0.7727	pathogenic
Q9P003	K117A	0.9757	pathogenic
Q9P003	K117C	0.9425	pathogenic
Q9P003	K117D	0.9891	pathogenic
Q9P003	K117E	0.9737	pathogenic
Q9P003	K117F	0.9856	pathogenic
Q9P003	K117G	0.9711	pathogenic
Q9P003	K117H	0.771	pathogenic
Q9P003	K117I	0.9646	pathogenic
Q9P003	K117L	0.9281	pathogenic
Q9P003	K117M	0.9299	pathogenic
Q9P003	K117N	0.9813	pathogenic
Q9P003	K117P	0.994	pathogenic
Q9P003	K117Q	0.8192	pathogenic
Q9P003	K117R	0.1605	benign
Q9P003	K117S	0.9761	pathogenic
Q9P003	K117T	0.9378	pathogenic
Q9P003	K117V	0.9448	pathogenic
Q9P003	K117W	0.9765	pathogenic
Q9P003	K117Y	0.9516	pathogenic
Q9P003	L118A	0.8557	pathogenic
Q9P003	L118C	0.9337	pathogenic
Q9P003	L118D	0.9967	pathogenic
Q9P003	L118E	0.9859	pathogenic
Q9P003	L118F	0.926	pathogenic
Q9P003	L118G	0.9446	pathogenic
Q9P003	L118H	0.9921	pathogenic
Q9P003	L118I	0.6137	pathogenic
Q9P003	L118K	0.9889	pathogenic
Q9P003	L118M	0.3711	ambiguous
Q9P003	L118N	0.9745	pathogenic
Q9P003	L118P	0.9957	pathogenic
Q9P003	L118Q	0.9726	pathogenic
Q9P003	L118R	0.9846	pathogenic
Q9P003	L118S	0.9674	pathogenic
Q9P003	L118T	0.7668	pathogenic
Q9P003	L118V	0.545	ambiguous
Q9P003	L118W	0.9872	pathogenic
Q9P003	L118Y	0.9908	pathogenic
Q9P003	G119A	0.2033	benign
Q9P003	G119C	0.5505	ambiguous
Q9P003	G119D	0.9974	pathogenic
Q9P003	G119E	0.9982	pathogenic
Q9P003	G119F	0.8528	pathogenic
Q9P003	G119H	0.997	pathogenic
Q9P003	G119I	0.7382	pathogenic
Q9P003	G119K	0.9995	pathogenic
Q9P003	G119L	0.8136	pathogenic
Q9P003	G119M	0.8692	pathogenic
Q9P003	G119N	0.9916	pathogenic
Q9P003	G119P	0.9977	pathogenic
Q9P003	G119Q	0.9955	pathogenic
Q9P003	G119R	0.9977	pathogenic
Q9P003	G119S	0.454	ambiguous
Q9P003	G119T	0.6752	pathogenic
Q9P003	G119V	0.6053	pathogenic
Q9P003	G119W	0.9691	pathogenic
Q9P003	G119Y	0.9793	pathogenic
Q9P003	F120A	0.9484	pathogenic
Q9P003	F120C	0.6648	pathogenic
Q9P003	F120D	0.9981	pathogenic
Q9P003	F120E	0.9984	pathogenic
Q9P003	F120G	0.96	pathogenic
Q9P003	F120H	0.9648	pathogenic
Q9P003	F120I	0.6687	pathogenic
Q9P003	F120K	0.9987	pathogenic
Q9P003	F120L	0.9714	pathogenic
Q9P003	F120M	0.8899	pathogenic
Q9P003	F120N	0.9777	pathogenic
Q9P003	F120P	0.9996	pathogenic
Q9P003	F120Q	0.9944	pathogenic
Q9P003	F120R	0.9961	pathogenic
Q9P003	F120S	0.9105	pathogenic
Q9P003	F120T	0.9436	pathogenic
Q9P003	F120V	0.6084	pathogenic
Q9P003	F120W	0.7036	pathogenic
Q9P003	F120Y	0.282	benign
Q9P003	H121A	0.9008	pathogenic
Q9P003	H121C	0.4671	ambiguous
Q9P003	H121D	0.9129	pathogenic
Q9P003	H121E	0.9365	pathogenic
Q9P003	H121F	0.4663	ambiguous
Q9P003	H121G	0.9224	pathogenic
Q9P003	H121I	0.8849	pathogenic
Q9P003	H121K	0.9717	pathogenic
Q9P003	H121L	0.5413	ambiguous
Q9P003	H121M	0.8707	pathogenic
Q9P003	H121N	0.4559	ambiguous
Q9P003	H121P	0.9445	pathogenic
Q9P003	H121Q	0.766	pathogenic
Q9P003	H121R	0.8888	pathogenic
Q9P003	H121S	0.7331	pathogenic
Q9P003	H121T	0.8814	pathogenic
Q9P003	H121V	0.8475	pathogenic
Q9P003	H121W	0.7638	pathogenic
Q9P003	H121Y	0.2206	benign
Q9P003	L122A	0.9237	pathogenic
Q9P003	L122C	0.9303	pathogenic
Q9P003	L122D	0.9991	pathogenic
Q9P003	L122E	0.9973	pathogenic
Q9P003	L122F	0.836	pathogenic
Q9P003	L122G	0.9634	pathogenic
Q9P003	L122H	0.994	pathogenic
Q9P003	L122I	0.5838	pathogenic
Q9P003	L122K	0.9962	pathogenic
Q9P003	L122M	0.5302	ambiguous
Q9P003	L122N	0.989	pathogenic
Q9P003	L122P	0.9979	pathogenic
Q9P003	L122Q	0.9888	pathogenic
Q9P003	L122R	0.9914	pathogenic
Q9P003	L122S	0.976	pathogenic
Q9P003	L122T	0.9261	pathogenic
Q9P003	L122V	0.6194	pathogenic
Q9P003	L122W	0.987	pathogenic
Q9P003	L122Y	0.9896	pathogenic
Q9P003	L123A	0.3946	ambiguous
Q9P003	L123C	0.5236	ambiguous
Q9P003	L123D	0.9938	pathogenic
Q9P003	L123E	0.9831	pathogenic
Q9P003	L123F	0.214	benign
Q9P003	L123G	0.6663	pathogenic
Q9P003	L123H	0.958	pathogenic
Q9P003	L123I	0.1253	benign
Q9P003	L123K	0.988	pathogenic
Q9P003	L123M	0.1693	benign
Q9P003	L123N	0.9466	pathogenic
Q9P003	L123P	0.9606	pathogenic
Q9P003	L123Q	0.923	pathogenic
Q9P003	L123R	0.9779	pathogenic
Q9P003	L123S	0.6651	pathogenic
Q9P003	L123T	0.4621	ambiguous
Q9P003	L123V	0.119	benign
Q9P003	L123W	0.8526	pathogenic
Q9P003	L123Y	0.909	pathogenic
Q9P003	C124A	0.4847	ambiguous
Q9P003	C124D	0.9846	pathogenic
Q9P003	C124E	0.9942	pathogenic
Q9P003	C124F	0.3891	ambiguous
Q9P003	C124G	0.3472	ambiguous
Q9P003	C124H	0.9641	pathogenic
Q9P003	C124I	0.735	pathogenic
Q9P003	C124K	0.9986	pathogenic
Q9P003	C124L	0.5355	ambiguous
Q9P003	C124M	0.6396	pathogenic
Q9P003	C124N	0.8517	pathogenic
Q9P003	C124P	0.9948	pathogenic
Q9P003	C124Q	0.9727	pathogenic
Q9P003	C124R	0.9902	pathogenic
Q9P003	C124S	0.3391	benign
Q9P003	C124T	0.597	pathogenic
Q9P003	C124V	0.5664	pathogenic
Q9P003	C124W	0.9226	pathogenic
Q9P003	C124Y	0.8537	pathogenic
Q9P003	F125A	0.9861	pathogenic
Q9P003	F125C	0.9455	pathogenic
Q9P003	F125D	0.9956	pathogenic
Q9P003	F125E	0.9978	pathogenic
Q9P003	F125G	0.9883	pathogenic
Q9P003	F125H	0.9894	pathogenic
Q9P003	F125I	0.9667	pathogenic
Q9P003	F125K	0.998	pathogenic
Q9P003	F125L	0.9968	pathogenic
Q9P003	F125M	0.9888	pathogenic
Q9P003	F125N	0.9909	pathogenic
Q9P003	F125P	0.9992	pathogenic
Q9P003	F125Q	0.9955	pathogenic
Q9P003	F125R	0.9896	pathogenic
Q9P003	F125S	0.9862	pathogenic
Q9P003	F125T	0.9857	pathogenic
Q9P003	F125V	0.9419	pathogenic
Q9P003	F125W	0.965	pathogenic
Q9P003	F125Y	0.8523	pathogenic
Q9P003	F126A	0.9761	pathogenic
Q9P003	F126C	0.936	pathogenic
Q9P003	F126D	0.9955	pathogenic
Q9P003	F126E	0.9962	pathogenic
Q9P003	F126G	0.9775	pathogenic
Q9P003	F126H	0.9902	pathogenic
Q9P003	F126I	0.9723	pathogenic
Q9P003	F126K	0.9976	pathogenic
Q9P003	F126L	0.9968	pathogenic
Q9P003	F126M	0.9883	pathogenic
Q9P003	F126N	0.9896	pathogenic
Q9P003	F126P	0.9964	pathogenic
Q9P003	F126Q	0.9905	pathogenic
Q9P003	F126R	0.9852	pathogenic
Q9P003	F126S	0.9759	pathogenic
Q9P003	F126T	0.9834	pathogenic
Q9P003	F126V	0.9537	pathogenic
Q9P003	F126W	0.9658	pathogenic
Q9P003	F126Y	0.9279	pathogenic
Q9P003	M127A	0.35	ambiguous
Q9P003	M127C	0.5862	pathogenic
Q9P003	M127D	0.9875	pathogenic
Q9P003	M127E	0.9573	pathogenic
Q9P003	M127F	0.2914	benign
Q9P003	M127G	0.6199	pathogenic
Q9P003	M127H	0.9487	pathogenic
Q9P003	M127I	0.1547	benign
Q9P003	M127K	0.9343	pathogenic
Q9P003	M127L	0.0835	benign
Q9P003	M127N	0.8603	pathogenic
Q9P003	M127P	0.9637	pathogenic
Q9P003	M127Q	0.8639	pathogenic
Q9P003	M127R	0.9316	pathogenic
Q9P003	M127S	0.493	ambiguous
Q9P003	M127T	0.2452	benign
Q9P003	M127V	0.0666	benign
Q9P003	M127W	0.8449	pathogenic
Q9P003	M127Y	0.8351	pathogenic
Q9P003	Y128A	0.9352	pathogenic
Q9P003	Y128C	0.7606	pathogenic
Q9P003	Y128D	0.9513	pathogenic
Q9P003	Y128E	0.9918	pathogenic
Q9P003	Y128F	0.1462	benign
Q9P003	Y128G	0.8679	pathogenic
Q9P003	Y128H	0.9294	pathogenic
Q9P003	Y128I	0.9301	pathogenic
Q9P003	Y128K	0.9957	pathogenic
Q9P003	Y128L	0.7082	pathogenic
Q9P003	Y128M	0.9181	pathogenic
Q9P003	Y128N	0.8263	pathogenic
Q9P003	Y128P	0.9956	pathogenic
Q9P003	Y128Q	0.9893	pathogenic
Q9P003	Y128R	0.9919	pathogenic
Q9P003	Y128S	0.8406	pathogenic
Q9P003	Y128T	0.9456	pathogenic
Q9P003	Y128V	0.8625	pathogenic
Q9P003	Y128W	0.8734	pathogenic
Q9P003	L129A	0.9723	pathogenic
Q9P003	L129C	0.9696	pathogenic
Q9P003	L129D	0.9993	pathogenic
Q9P003	L129E	0.9949	pathogenic
Q9P003	L129F	0.975	pathogenic
Q9P003	L129G	0.9885	pathogenic
Q9P003	L129H	0.9961	pathogenic
Q9P003	L129I	0.8049	pathogenic
Q9P003	L129K	0.9929	pathogenic
Q9P003	L129M	0.8095	pathogenic
Q9P003	L129N	0.9941	pathogenic
Q9P003	L129P	0.9981	pathogenic
Q9P003	L129Q	0.9885	pathogenic
Q9P003	L129R	0.9799	pathogenic
Q9P003	L129S	0.9931	pathogenic
Q9P003	L129T	0.9709	pathogenic
Q9P003	L129V	0.86	pathogenic
Q9P003	L129W	0.995	pathogenic
Q9P003	L129Y	0.9965	pathogenic
Q9P003	Y130A	0.9808	pathogenic
Q9P003	Y130C	0.9088	pathogenic
Q9P003	Y130D	0.9871	pathogenic
Q9P003	Y130E	0.9969	pathogenic
Q9P003	Y130F	0.33	benign
Q9P003	Y130G	0.9255	pathogenic
Q9P003	Y130H	0.9675	pathogenic
Q9P003	Y130I	0.9742	pathogenic
Q9P003	Y130K	0.9957	pathogenic
Q9P003	Y130L	0.9206	pathogenic
Q9P003	Y130M	0.9851	pathogenic
Q9P003	Y130N	0.9581	pathogenic
Q9P003	Y130P	0.9906	pathogenic
Q9P003	Y130Q	0.9939	pathogenic
Q9P003	Y130R	0.9842	pathogenic
Q9P003	Y130S	0.9352	pathogenic
Q9P003	Y130T	0.9864	pathogenic
Q9P003	Y130V	0.9424	pathogenic
Q9P003	Y130W	0.7982	pathogenic
Q9P003	S131A	0.1559	benign
Q9P003	S131C	0.0726	benign
Q9P003	S131D	0.8998	pathogenic
Q9P003	S131E	0.8621	pathogenic
Q9P003	S131F	0.6163	pathogenic
Q9P003	S131G	0.1114	benign
Q9P003	S131H	0.6613	pathogenic
Q9P003	S131I	0.8033	pathogenic
Q9P003	S131K	0.9148	pathogenic
Q9P003	S131L	0.4585	ambiguous
Q9P003	S131M	0.5292	ambiguous
Q9P003	S131N	0.5864	pathogenic
Q9P003	S131P	0.9777	pathogenic
Q9P003	S131Q	0.6345	pathogenic
Q9P003	S131R	0.7416	pathogenic
Q9P003	S131T	0.3656	ambiguous
Q9P003	S131V	0.6408	pathogenic
Q9P003	S131W	0.5546	ambiguous
Q9P003	S131Y	0.4782	ambiguous
Q9P003	M132A	0.9004	pathogenic
Q9P003	M132C	0.8072	pathogenic
Q9P003	M132D	0.9945	pathogenic
Q9P003	M132E	0.9863	pathogenic
Q9P003	M132F	0.585	pathogenic
Q9P003	M132G	0.9307	pathogenic
Q9P003	M132H	0.9844	pathogenic
Q9P003	M132I	0.983	pathogenic
Q9P003	M132K	0.9673	pathogenic
Q9P003	M132L	0.3706	ambiguous
Q9P003	M132N	0.9636	pathogenic
Q9P003	M132P	0.9983	pathogenic
Q9P003	M132Q	0.9219	pathogenic
Q9P003	M132R	0.9639	pathogenic
Q9P003	M132S	0.918	pathogenic
Q9P003	M132T	0.9245	pathogenic
Q9P003	M132V	0.609	pathogenic
Q9P003	M132W	0.9726	pathogenic
Q9P003	M132Y	0.9422	pathogenic
Q9P003	I133A	0.9817	pathogenic
Q9P003	I133C	0.9943	pathogenic
Q9P003	I133D	0.9961	pathogenic
Q9P003	I133E	0.9906	pathogenic
Q9P003	I133F	0.9159	pathogenic
Q9P003	I133G	0.9908	pathogenic
Q9P003	I133H	0.997	pathogenic
Q9P003	I133K	0.9925	pathogenic
Q9P003	I133L	0.6694	pathogenic
Q9P003	I133M	0.825	pathogenic
Q9P003	I133N	0.9805	pathogenic
Q9P003	I133P	0.9911	pathogenic
Q9P003	I133Q	0.99	pathogenic
Q9P003	I133R	0.983	pathogenic
Q9P003	I133S	0.9807	pathogenic
Q9P003	I133T	0.9871	pathogenic
Q9P003	I133V	0.6583	pathogenic
Q9P003	I133W	0.9954	pathogenic
Q9P003	I133Y	0.9835	pathogenic
Q9P003	L134A	0.4153	ambiguous
Q9P003	L134C	0.7152	pathogenic
Q9P003	L134D	0.908	pathogenic
Q9P003	L134E	0.6766	pathogenic
Q9P003	L134F	0.2976	benign
Q9P003	L134G	0.7477	pathogenic
Q9P003	L134H	0.541	ambiguous
Q9P003	L134I	0.1519	benign
Q9P003	L134K	0.5231	ambiguous
Q9P003	L134M	0.1426	benign
Q9P003	L134N	0.6206	pathogenic
Q9P003	L134P	0.9755	pathogenic
Q9P003	L134Q	0.3239	benign
Q9P003	L134R	0.4128	ambiguous
Q9P003	L134S	0.45	ambiguous
Q9P003	L134T	0.3636	ambiguous
Q9P003	L134V	0.1313	benign
Q9P003	L134W	0.4692	ambiguous
Q9P003	L134Y	0.5219	ambiguous
Q9P003	A135C	0.6279	pathogenic
Q9P003	A135D	0.9056	pathogenic
Q9P003	A135E	0.8716	pathogenic
Q9P003	A135F	0.8108	pathogenic
Q9P003	A135G	0.3791	ambiguous
Q9P003	A135H	0.8531	pathogenic
Q9P003	A135I	0.8546	pathogenic
Q9P003	A135K	0.973	pathogenic
Q9P003	A135L	0.7499	pathogenic
Q9P003	A135M	0.7911	pathogenic
Q9P003	A135N	0.7755	pathogenic
Q9P003	A135P	0.9925	pathogenic
Q9P003	A135Q	0.8223	pathogenic
Q9P003	A135R	0.932	pathogenic
Q9P003	A135S	0.1376	benign
Q9P003	A135T	0.4412	ambiguous
Q9P003	A135V	0.5804	pathogenic
Q9P003	A135W	0.9625	pathogenic
Q9P003	A135Y	0.8668	pathogenic
Q9P003	L136A	0.9145	pathogenic
Q9P003	L136C	0.9646	pathogenic
Q9P003	L136D	0.9981	pathogenic
Q9P003	L136E	0.9914	pathogenic
Q9P003	L136F	0.6966	pathogenic
Q9P003	L136G	0.9826	pathogenic
Q9P003	L136H	0.9909	pathogenic
Q9P003	L136I	0.4513	ambiguous
Q9P003	L136K	0.9872	pathogenic
Q9P003	L136M	0.3618	ambiguous
Q9P003	L136N	0.9884	pathogenic
Q9P003	L136P	0.9962	pathogenic
Q9P003	L136Q	0.974	pathogenic
Q9P003	L136R	0.9792	pathogenic
Q9P003	L136S	0.984	pathogenic
Q9P003	L136T	0.9568	pathogenic
Q9P003	L136V	0.5278	ambiguous
Q9P003	L136W	0.9669	pathogenic
Q9P003	L136Y	0.9779	pathogenic
Q9P003	I137A	0.9287	pathogenic
Q9P003	I137C	0.9708	pathogenic
Q9P003	I137D	0.9925	pathogenic
Q9P003	I137E	0.9728	pathogenic
Q9P003	I137F	0.7599	pathogenic
Q9P003	I137G	0.9703	pathogenic
Q9P003	I137H	0.9881	pathogenic
Q9P003	I137K	0.9556	pathogenic
Q9P003	I137L	0.2111	benign
Q9P003	I137M	0.4006	ambiguous
Q9P003	I137N	0.9495	pathogenic
Q9P003	I137P	0.9872	pathogenic
Q9P003	I137Q	0.9558	pathogenic
Q9P003	I137R	0.9299	pathogenic
Q9P003	I137S	0.9377	pathogenic
Q9P003	I137T	0.8764	pathogenic
Q9P003	I137V	0.2508	benign
Q9P003	I137W	0.9776	pathogenic
Q9P003	I137Y	0.9706	pathogenic
Q9P003	N138A	0.2942	benign
Q9P003	N138C	0.5132	ambiguous
Q9P003	N138D	0.1314	benign
Q9P003	N138E	0.3406	ambiguous
Q9P003	N138F	0.7882	pathogenic
Q9P003	N138G	0.1798	benign
Q9P003	N138H	0.1295	benign
Q9P003	N138I	0.6377	pathogenic
Q9P003	N138K	0.349	ambiguous
Q9P003	N138L	0.5513	ambiguous
Q9P003	N138M	0.6269	pathogenic
Q9P003	N138P	0.8251	pathogenic
Q9P003	N138Q	0.2698	benign
Q9P003	N138R	0.2945	benign
Q9P003	N138S	0.0713	benign
Q9P003	N138T	0.1918	benign
Q9P003	N138V	0.5321	ambiguous
Q9P003	N138W	0.8519	pathogenic
Q9P003	N138Y	0.3571	ambiguous
Q9P003	D139A	0.8371	pathogenic
Q9P003	D139C	0.9804	pathogenic
Q9P003	D139E	0.2431	benign
Q9P003	D139F	0.9729	pathogenic
Q9P003	D139G	0.74	pathogenic
Q9P003	D139H	0.8619	pathogenic
Q9P003	D139I	0.9382	pathogenic
Q9P003	D139K	0.9018	pathogenic
Q9P003	D139L	0.9473	pathogenic
Q9P003	D139M	0.9774	pathogenic
Q9P003	D139N	0.3511	ambiguous
Q9P003	D139P	0.9455	pathogenic
Q9P003	D139Q	0.7934	pathogenic
Q9P003	D139R	0.9303	pathogenic
Q9P003	D139S	0.5416	ambiguous
Q9P003	D139T	0.8044	pathogenic
Q9P003	D139V	0.8528	pathogenic
Q9P003	D139W	0.9935	pathogenic
Q9P003	D139Y	0.8704	pathogenic
