P59768	M1A	0.3817	ambiguous
P59768	M1C	0.3554	ambiguous
P59768	M1D	0.94	pathogenic
P59768	M1E	0.8074	pathogenic
P59768	M1F	0.2258	benign
P59768	M1G	0.5876	pathogenic
P59768	M1H	0.7329	pathogenic
P59768	M1I	0.4556	ambiguous
P59768	M1K	0.7329	pathogenic
P59768	M1L	0.1454	benign
P59768	M1N	0.7402	pathogenic
P59768	M1P	0.6634	pathogenic
P59768	M1Q	0.4628	ambiguous
P59768	M1R	0.7083	pathogenic
P59768	M1S	0.5074	ambiguous
P59768	M1T	0.4483	ambiguous
P59768	M1V	0.1084	benign
P59768	M1W	0.6841	pathogenic
P59768	M1Y	0.6138	pathogenic
P59768	A2C	0.2735	benign
P59768	A2D	0.4365	ambiguous
P59768	A2E	0.459	ambiguous
P59768	A2F	0.4071	ambiguous
P59768	A2G	0.0754	benign
P59768	A2H	0.4321	ambiguous
P59768	A2I	0.3936	ambiguous
P59768	A2K	0.682	pathogenic
P59768	A2L	0.2524	benign
P59768	A2M	0.2982	benign
P59768	A2N	0.1622	benign
P59768	A2P	0.1555	benign
P59768	A2Q	0.3047	benign
P59768	A2R	0.6709	pathogenic
P59768	A2S	0.0653	benign
P59768	A2T	0.0934	benign
P59768	A2V	0.2227	benign
P59768	A2W	0.7839	pathogenic
P59768	A2Y	0.5188	ambiguous
P59768	S3A	0.0996	benign
P59768	S3C	0.1374	benign
P59768	S3D	0.5602	ambiguous
P59768	S3E	0.7422	pathogenic
P59768	S3F	0.5077	ambiguous
P59768	S3G	0.0687	benign
P59768	S3H	0.4641	ambiguous
P59768	S3I	0.4078	ambiguous
P59768	S3K	0.8621	pathogenic
P59768	S3L	0.3015	benign
P59768	S3M	0.33	benign
P59768	S3N	0.1062	benign
P59768	S3P	0.2667	benign
P59768	S3Q	0.5609	ambiguous
P59768	S3R	0.8613	pathogenic
P59768	S3T	0.0863	benign
P59768	S3V	0.2807	benign
P59768	S3W	0.7415	pathogenic
P59768	S3Y	0.4742	ambiguous
P59768	N4A	0.2004	benign
P59768	N4C	0.2299	benign
P59768	N4D	0.3528	ambiguous
P59768	N4E	0.6628	pathogenic
P59768	N4F	0.6562	pathogenic
P59768	N4G	0.1222	benign
P59768	N4H	0.1529	benign
P59768	N4I	0.4278	ambiguous
P59768	N4K	0.652	pathogenic
P59768	N4L	0.4056	ambiguous
P59768	N4M	0.4928	ambiguous
P59768	N4P	0.3214	benign
P59768	N4Q	0.3916	ambiguous
P59768	N4R	0.6235	pathogenic
P59768	N4S	0.0664	benign
P59768	N4T	0.1327	benign
P59768	N4V	0.3133	benign
P59768	N4W	0.8466	pathogenic
P59768	N4Y	0.3182	benign
P59768	N5A	0.1982	benign
P59768	N5C	0.2222	benign
P59768	N5D	0.3294	benign
P59768	N5E	0.6824	pathogenic
P59768	N5F	0.7221	pathogenic
P59768	N5G	0.1571	benign
P59768	N5H	0.1556	benign
P59768	N5I	0.4637	ambiguous
P59768	N5K	0.7152	pathogenic
P59768	N5L	0.4486	ambiguous
P59768	N5M	0.5121	ambiguous
P59768	N5P	0.384	ambiguous
P59768	N5Q	0.3999	ambiguous
P59768	N5R	0.7026	pathogenic
P59768	N5S	0.059	benign
P59768	N5T	0.11	benign
P59768	N5V	0.3463	ambiguous
P59768	N5W	0.9056	pathogenic
P59768	N5Y	0.3675	ambiguous
P59768	T6A	0.0973	benign
P59768	T6C	0.419	ambiguous
P59768	T6D	0.673	pathogenic
P59768	T6E	0.6983	pathogenic
P59768	T6F	0.5068	ambiguous
P59768	T6G	0.1407	benign
P59768	T6H	0.3736	ambiguous
P59768	T6I	0.5108	ambiguous
P59768	T6K	0.6082	pathogenic
P59768	T6L	0.2268	benign
P59768	T6M	0.1541	benign
P59768	T6N	0.166	benign
P59768	T6P	0.1318	benign
P59768	T6Q	0.3531	ambiguous
P59768	T6R	0.5802	pathogenic
P59768	T6S	0.0981	benign
P59768	T6V	0.2892	benign
P59768	T6W	0.8154	pathogenic
P59768	T6Y	0.5406	ambiguous
P59768	A7C	0.4729	ambiguous
P59768	A7D	0.7647	pathogenic
P59768	A7E	0.735	pathogenic
P59768	A7F	0.5559	ambiguous
P59768	A7G	0.1386	benign
P59768	A7H	0.6084	pathogenic
P59768	A7I	0.4238	ambiguous
P59768	A7K	0.8738	pathogenic
P59768	A7L	0.279	benign
P59768	A7M	0.3015	benign
P59768	A7N	0.2569	benign
P59768	A7P	0.4616	ambiguous
P59768	A7Q	0.4674	ambiguous
P59768	A7R	0.8334	pathogenic
P59768	A7S	0.0918	benign
P59768	A7T	0.0977	benign
P59768	A7V	0.2061	benign
P59768	A7W	0.904	pathogenic
P59768	A7Y	0.687	pathogenic
P59768	S8A	0.1239	benign
P59768	S8C	0.2005	benign
P59768	S8D	0.7118	pathogenic
P59768	S8E	0.8594	pathogenic
P59768	S8F	0.7301	pathogenic
P59768	S8G	0.0805	benign
P59768	S8H	0.5984	pathogenic
P59768	S8I	0.5035	ambiguous
P59768	S8K	0.9243	pathogenic
P59768	S8L	0.3713	ambiguous
P59768	S8M	0.397	ambiguous
P59768	S8N	0.1443	benign
P59768	S8P	0.6111	pathogenic
P59768	S8Q	0.6895	pathogenic
P59768	S8R	0.9303	pathogenic
P59768	S8T	0.1101	benign
P59768	S8V	0.3413	ambiguous
P59768	S8W	0.8844	pathogenic
P59768	S8Y	0.6536	pathogenic
P59768	I9A	0.7032	pathogenic
P59768	I9C	0.9222	pathogenic
P59768	I9D	0.9931	pathogenic
P59768	I9E	0.9778	pathogenic
P59768	I9F	0.5547	ambiguous
P59768	I9G	0.9568	pathogenic
P59768	I9H	0.9702	pathogenic
P59768	I9K	0.9668	pathogenic
P59768	I9L	0.2802	benign
P59768	I9M	0.3223	benign
P59768	I9N	0.9297	pathogenic
P59768	I9P	0.9547	pathogenic
P59768	I9Q	0.9597	pathogenic
P59768	I9R	0.9418	pathogenic
P59768	I9S	0.8879	pathogenic
P59768	I9T	0.6013	pathogenic
P59768	I9V	0.0872	benign
P59768	I9W	0.9658	pathogenic
P59768	I9Y	0.9195	pathogenic
P59768	A10C	0.4527	ambiguous
P59768	A10D	0.9011	pathogenic
P59768	A10E	0.8425	pathogenic
P59768	A10F	0.5718	pathogenic
P59768	A10G	0.1559	benign
P59768	A10H	0.7328	pathogenic
P59768	A10I	0.4107	ambiguous
P59768	A10K	0.9409	pathogenic
P59768	A10L	0.3145	benign
P59768	A10M	0.3591	ambiguous
P59768	A10N	0.4076	ambiguous
P59768	A10P	0.8466	pathogenic
P59768	A10Q	0.5379	ambiguous
P59768	A10R	0.8965	pathogenic
P59768	A10S	0.0962	benign
P59768	A10T	0.1373	benign
P59768	A10V	0.2233	benign
P59768	A10W	0.9235	pathogenic
P59768	A10Y	0.7501	pathogenic
P59768	Q11A	0.1576	benign
P59768	Q11C	0.7759	pathogenic
P59768	Q11D	0.5816	pathogenic
P59768	Q11E	0.1659	benign
P59768	Q11F	0.783	pathogenic
P59768	Q11G	0.2515	benign
P59768	Q11H	0.2507	benign
P59768	Q11I	0.6023	pathogenic
P59768	Q11K	0.4308	ambiguous
P59768	Q11L	0.2535	benign
P59768	Q11M	0.405	ambiguous
P59768	Q11N	0.2161	benign
P59768	Q11P	0.7993	pathogenic
P59768	Q11R	0.4398	ambiguous
P59768	Q11S	0.1596	benign
P59768	Q11T	0.2344	benign
P59768	Q11V	0.3562	ambiguous
P59768	Q11W	0.9035	pathogenic
P59768	Q11Y	0.641	pathogenic
P59768	A12C	0.7478	pathogenic
P59768	A12D	0.9855	pathogenic
P59768	A12E	0.9656	pathogenic
P59768	A12F	0.8734	pathogenic
P59768	A12G	0.4667	ambiguous
P59768	A12H	0.9305	pathogenic
P59768	A12I	0.9454	pathogenic
P59768	A12K	0.9814	pathogenic
P59768	A12L	0.6325	pathogenic
P59768	A12M	0.7009	pathogenic
P59768	A12N	0.8616	pathogenic
P59768	A12P	0.9986	pathogenic
P59768	A12Q	0.718	pathogenic
P59768	A12R	0.9621	pathogenic
P59768	A12S	0.2923	benign
P59768	A12T	0.69	pathogenic
P59768	A12V	0.8015	pathogenic
P59768	A12W	0.9856	pathogenic
P59768	A12Y	0.8853	pathogenic
P59768	R13A	0.9781	pathogenic
P59768	R13C	0.8967	pathogenic
P59768	R13D	0.9951	pathogenic
P59768	R13E	0.9365	pathogenic
P59768	R13F	0.9859	pathogenic
P59768	R13G	0.9567	pathogenic
P59768	R13H	0.7295	pathogenic
P59768	R13I	0.9689	pathogenic
P59768	R13K	0.4523	ambiguous
P59768	R13L	0.9399	pathogenic
P59768	R13M	0.9749	pathogenic
P59768	R13N	0.9877	pathogenic
P59768	R13P	0.9983	pathogenic
P59768	R13Q	0.5922	pathogenic
P59768	R13S	0.9903	pathogenic
P59768	R13T	0.9824	pathogenic
P59768	R13V	0.9563	pathogenic
P59768	R13W	0.9138	pathogenic
P59768	R13Y	0.9577	pathogenic
P59768	K14A	0.8138	pathogenic
P59768	K14C	0.8531	pathogenic
P59768	K14D	0.9702	pathogenic
P59768	K14E	0.8793	pathogenic
P59768	K14F	0.9593	pathogenic
P59768	K14G	0.847	pathogenic
P59768	K14H	0.5982	pathogenic
P59768	K14I	0.8324	pathogenic
P59768	K14L	0.7378	pathogenic
P59768	K14M	0.701	pathogenic
P59768	K14N	0.9343	pathogenic
P59768	K14P	0.991	pathogenic
P59768	K14Q	0.4138	ambiguous
P59768	K14R	0.1124	benign
P59768	K14S	0.9155	pathogenic
P59768	K14T	0.7801	pathogenic
P59768	K14V	0.7544	pathogenic
P59768	K14W	0.9577	pathogenic
P59768	K14Y	0.9046	pathogenic
P59768	L15A	0.1012	benign
P59768	L15C	0.5033	ambiguous
P59768	L15D	0.8914	pathogenic
P59768	L15E	0.6782	pathogenic
P59768	L15F	0.2508	benign
P59768	L15G	0.5549	ambiguous
P59768	L15H	0.5095	ambiguous
P59768	L15I	0.1463	benign
P59768	L15K	0.7353	pathogenic
P59768	L15M	0.068	benign
P59768	L15N	0.4049	ambiguous
P59768	L15P	0.9936	pathogenic
P59768	L15Q	0.2553	benign
P59768	L15R	0.7001	pathogenic
P59768	L15S	0.2683	benign
P59768	L15T	0.1065	benign
P59768	L15V	0.0916	benign
P59768	L15W	0.642	pathogenic
P59768	L15Y	0.5265	ambiguous
P59768	V16A	0.8839	pathogenic
P59768	V16C	0.9541	pathogenic
P59768	V16D	0.9949	pathogenic
P59768	V16E	0.9872	pathogenic
P59768	V16F	0.9831	pathogenic
P59768	V16G	0.8292	pathogenic
P59768	V16H	0.9921	pathogenic
P59768	V16I	0.5989	pathogenic
P59768	V16K	0.9902	pathogenic
P59768	V16L	0.9386	pathogenic
P59768	V16M	0.9742	pathogenic
P59768	V16N	0.8577	pathogenic
P59768	V16P	0.9928	pathogenic
P59768	V16Q	0.9744	pathogenic
P59768	V16R	0.9591	pathogenic
P59768	V16S	0.8949	pathogenic
P59768	V16T	0.6849	pathogenic
P59768	V16W	0.998	pathogenic
P59768	V16Y	0.9913	pathogenic
P59768	E17A	0.5948	pathogenic
P59768	E17C	0.9617	pathogenic
P59768	E17D	0.3699	ambiguous
P59768	E17F	0.981	pathogenic
P59768	E17G	0.6171	pathogenic
P59768	E17H	0.9305	pathogenic
P59768	E17I	0.9441	pathogenic
P59768	E17K	0.9087	pathogenic
P59768	E17L	0.8907	pathogenic
P59768	E17M	0.9258	pathogenic
P59768	E17N	0.8147	pathogenic
P59768	E17P	0.9954	pathogenic
P59768	E17Q	0.444	ambiguous
P59768	E17R	0.8806	pathogenic
P59768	E17S	0.6596	pathogenic
P59768	E17T	0.8017	pathogenic
P59768	E17V	0.8316	pathogenic
P59768	E17W	0.9906	pathogenic
P59768	E17Y	0.9586	pathogenic
P59768	Q18A	0.7897	pathogenic
P59768	Q18C	0.9966	pathogenic
P59768	Q18D	0.9443	pathogenic
P59768	Q18E	0.7257	pathogenic
P59768	Q18F	0.9912	pathogenic
P59768	Q18G	0.852	pathogenic
P59768	Q18H	0.978	pathogenic
P59768	Q18I	0.9752	pathogenic
P59768	Q18K	0.9644	pathogenic
P59768	Q18L	0.9507	pathogenic
P59768	Q18M	0.8778	pathogenic
P59768	Q18N	0.8923	pathogenic
P59768	Q18P	0.998	pathogenic
P59768	Q18R	0.9697	pathogenic
P59768	Q18S	0.7918	pathogenic
P59768	Q18T	0.8484	pathogenic
P59768	Q18V	0.9412	pathogenic
P59768	Q18W	0.9962	pathogenic
P59768	Q18Y	0.9928	pathogenic
P59768	L19A	0.9813	pathogenic
P59768	L19C	0.9925	pathogenic
P59768	L19D	0.9993	pathogenic
P59768	L19E	0.9941	pathogenic
P59768	L19F	0.9897	pathogenic
P59768	L19G	0.9895	pathogenic
P59768	L19H	0.9975	pathogenic
P59768	L19I	0.9705	pathogenic
P59768	L19K	0.9822	pathogenic
P59768	L19M	0.8877	pathogenic
P59768	L19N	0.997	pathogenic
P59768	L19P	0.9995	pathogenic
P59768	L19Q	0.9913	pathogenic
P59768	L19R	0.9756	pathogenic
P59768	L19S	0.999	pathogenic
P59768	L19T	0.9967	pathogenic
P59768	L19V	0.9665	pathogenic
P59768	L19W	0.9948	pathogenic
P59768	L19Y	0.9872	pathogenic
P59768	K20A	0.97	pathogenic
P59768	K20C	0.9605	pathogenic
P59768	K20D	0.9948	pathogenic
P59768	K20E	0.9465	pathogenic
P59768	K20F	0.9957	pathogenic
P59768	K20G	0.9708	pathogenic
P59768	K20H	0.8488	pathogenic
P59768	K20I	0.9757	pathogenic
P59768	K20L	0.9483	pathogenic
P59768	K20M	0.9548	pathogenic
P59768	K20N	0.9902	pathogenic
P59768	K20P	0.9967	pathogenic
P59768	K20Q	0.5867	pathogenic
P59768	K20R	0.0866	benign
P59768	K20S	0.9875	pathogenic
P59768	K20T	0.9567	pathogenic
P59768	K20V	0.948	pathogenic
P59768	K20W	0.9876	pathogenic
P59768	K20Y	0.9833	pathogenic
P59768	M21A	0.4449	ambiguous
P59768	M21C	0.7047	pathogenic
P59768	M21D	0.9345	pathogenic
P59768	M21E	0.777	pathogenic
P59768	M21F	0.3725	ambiguous
P59768	M21G	0.7197	pathogenic
P59768	M21H	0.7081	pathogenic
P59768	M21I	0.3298	benign
P59768	M21K	0.5178	ambiguous
P59768	M21L	0.1002	benign
P59768	M21N	0.6789	pathogenic
P59768	M21P	0.9954	pathogenic
P59768	M21Q	0.4163	ambiguous
P59768	M21R	0.4766	ambiguous
P59768	M21S	0.6446	pathogenic
P59768	M21T	0.4037	ambiguous
P59768	M21V	0.1279	benign
P59768	M21W	0.7273	pathogenic
P59768	M21Y	0.6365	pathogenic
P59768	E22A	0.951	pathogenic
P59768	E22C	0.9922	pathogenic
P59768	E22D	0.9874	pathogenic
P59768	E22F	0.9985	pathogenic
P59768	E22G	0.974	pathogenic
P59768	E22H	0.9885	pathogenic
P59768	E22I	0.9969	pathogenic
P59768	E22K	0.9943	pathogenic
P59768	E22L	0.9949	pathogenic
P59768	E22M	0.9962	pathogenic
P59768	E22N	0.9968	pathogenic
P59768	E22P	0.9983	pathogenic
P59768	E22Q	0.9306	pathogenic
P59768	E22R	0.9871	pathogenic
P59768	E22S	0.9898	pathogenic
P59768	E22T	0.9932	pathogenic
P59768	E22V	0.9856	pathogenic
P59768	E22W	0.9989	pathogenic
P59768	E22Y	0.9956	pathogenic
P59768	A23C	0.6484	pathogenic
P59768	A23D	0.9916	pathogenic
P59768	A23E	0.9725	pathogenic
P59768	A23F	0.96	pathogenic
P59768	A23G	0.5837	pathogenic
P59768	A23H	0.9633	pathogenic
P59768	A23I	0.8146	pathogenic
P59768	A23K	0.974	pathogenic
P59768	A23L	0.7002	pathogenic
P59768	A23M	0.8361	pathogenic
P59768	A23N	0.9334	pathogenic
P59768	A23P	0.9976	pathogenic
P59768	A23Q	0.9014	pathogenic
P59768	A23R	0.9023	pathogenic
P59768	A23S	0.3644	ambiguous
P59768	A23T	0.6171	pathogenic
P59768	A23V	0.36	ambiguous
P59768	A23W	0.9889	pathogenic
P59768	A23Y	0.9509	pathogenic
P59768	N24A	0.1421	benign
P59768	N24C	0.0991	benign
P59768	N24D	0.2479	benign
P59768	N24E	0.5352	ambiguous
P59768	N24F	0.5887	pathogenic
P59768	N24G	0.0873	benign
P59768	N24H	0.0984	benign
P59768	N24I	0.4781	ambiguous
P59768	N24K	0.4867	ambiguous
P59768	N24L	0.3739	ambiguous
P59768	N24M	0.3779	ambiguous
P59768	N24P	0.9424	pathogenic
P59768	N24Q	0.2747	benign
P59768	N24R	0.4195	ambiguous
P59768	N24S	0.0576	benign
P59768	N24T	0.1367	benign
P59768	N24V	0.3138	benign
P59768	N24W	0.7975	pathogenic
P59768	N24Y	0.2406	benign
P59768	I25A	0.557	ambiguous
P59768	I25C	0.5502	ambiguous
P59768	I25D	0.9788	pathogenic
P59768	I25E	0.9411	pathogenic
P59768	I25F	0.1902	benign
P59768	I25G	0.8695	pathogenic
P59768	I25H	0.8324	pathogenic
P59768	I25K	0.8817	pathogenic
P59768	I25L	0.1191	benign
P59768	I25M	0.0729	benign
P59768	I25N	0.7771	pathogenic
P59768	I25P	0.9823	pathogenic
P59768	I25Q	0.794	pathogenic
P59768	I25R	0.7996	pathogenic
P59768	I25S	0.6946	pathogenic
P59768	I25T	0.3874	ambiguous
P59768	I25V	0.0999	benign
P59768	I25W	0.7329	pathogenic
P59768	I25Y	0.6569	pathogenic
P59768	D26A	0.3184	benign
P59768	D26C	0.5675	pathogenic
P59768	D26E	0.1153	benign
P59768	D26F	0.8185	pathogenic
P59768	D26G	0.313	benign
P59768	D26H	0.4966	ambiguous
P59768	D26I	0.5889	pathogenic
P59768	D26K	0.6415	pathogenic
P59768	D26L	0.6282	pathogenic
P59768	D26M	0.7725	pathogenic
P59768	D26N	0.1874	benign
P59768	D26P	0.6637	pathogenic
P59768	D26Q	0.3795	ambiguous
P59768	D26R	0.6518	pathogenic
P59768	D26S	0.1998	benign
P59768	D26T	0.3224	benign
P59768	D26V	0.3783	ambiguous
P59768	D26W	0.9506	pathogenic
P59768	D26Y	0.5222	ambiguous
P59768	R27A	0.9983	pathogenic
P59768	R27C	0.9926	pathogenic
P59768	R27D	0.9966	pathogenic
P59768	R27E	0.9921	pathogenic
P59768	R27F	0.9994	pathogenic
P59768	R27G	0.9952	pathogenic
P59768	R27H	0.9798	pathogenic
P59768	R27I	0.9983	pathogenic
P59768	R27K	0.9627	pathogenic
P59768	R27L	0.995	pathogenic
P59768	R27M	0.9996	pathogenic
P59768	R27N	0.9986	pathogenic
P59768	R27P	0.9954	pathogenic
P59768	R27Q	0.9881	pathogenic
P59768	R27S	0.9993	pathogenic
P59768	R27T	0.9987	pathogenic
P59768	R27V	0.9976	pathogenic
P59768	R27W	0.9952	pathogenic
P59768	R27Y	0.9968	pathogenic
P59768	I28A	0.8022	pathogenic
P59768	I28C	0.6606	pathogenic
P59768	I28D	0.9692	pathogenic
P59768	I28E	0.8931	pathogenic
P59768	I28F	0.3695	ambiguous
P59768	I28G	0.8848	pathogenic
P59768	I28H	0.8993	pathogenic
P59768	I28K	0.8617	pathogenic
P59768	I28L	0.1756	benign
P59768	I28M	0.1002	benign
P59768	I28N	0.8332	pathogenic
P59768	I28P	0.9831	pathogenic
P59768	I28Q	0.7339	pathogenic
P59768	I28R	0.8392	pathogenic
P59768	I28S	0.8069	pathogenic
P59768	I28T	0.7288	pathogenic
P59768	I28V	0.0924	benign
P59768	I28W	0.9098	pathogenic
P59768	I28Y	0.7865	pathogenic
P59768	K29A	0.6741	pathogenic
P59768	K29C	0.7759	pathogenic
P59768	K29D	0.9334	pathogenic
P59768	K29E	0.7551	pathogenic
P59768	K29F	0.9333	pathogenic
P59768	K29G	0.8011	pathogenic
P59768	K29H	0.6546	pathogenic
P59768	K29I	0.8742	pathogenic
P59768	K29L	0.5726	pathogenic
P59768	K29M	0.4612	ambiguous
P59768	K29N	0.8922	pathogenic
P59768	K29P	0.6447	pathogenic
P59768	K29Q	0.2828	benign
P59768	K29R	0.1415	benign
P59768	K29S	0.8408	pathogenic
P59768	K29T	0.6356	pathogenic
P59768	K29V	0.7062	pathogenic
P59768	K29W	0.9347	pathogenic
P59768	K29Y	0.8724	pathogenic
P59768	V30A	0.964	pathogenic
P59768	V30C	0.9801	pathogenic
P59768	V30D	0.9922	pathogenic
P59768	V30E	0.9884	pathogenic
P59768	V30F	0.9604	pathogenic
P59768	V30G	0.9277	pathogenic
P59768	V30H	0.9979	pathogenic
P59768	V30I	0.1685	benign
P59768	V30K	0.9946	pathogenic
P59768	V30L	0.8354	pathogenic
P59768	V30M	0.9282	pathogenic
P59768	V30N	0.9803	pathogenic
P59768	V30P	0.9761	pathogenic
P59768	V30Q	0.9935	pathogenic
P59768	V30R	0.9911	pathogenic
P59768	V30S	0.9798	pathogenic
P59768	V30T	0.9314	pathogenic
P59768	V30W	0.9987	pathogenic
P59768	V30Y	0.9902	pathogenic
P59768	S31A	0.7425	pathogenic
P59768	S31C	0.9463	pathogenic
P59768	S31D	0.9866	pathogenic
P59768	S31E	0.982	pathogenic
P59768	S31F	0.9958	pathogenic
P59768	S31G	0.7596	pathogenic
P59768	S31H	0.9833	pathogenic
P59768	S31I	0.9939	pathogenic
P59768	S31K	0.9971	pathogenic
P59768	S31L	0.9869	pathogenic
P59768	S31M	0.9862	pathogenic
P59768	S31N	0.9834	pathogenic
P59768	S31P	0.981	pathogenic
P59768	S31Q	0.9812	pathogenic
P59768	S31R	0.9957	pathogenic
P59768	S31T	0.8277	pathogenic
P59768	S31V	0.9902	pathogenic
P59768	S31W	0.9884	pathogenic
P59768	S31Y	0.9899	pathogenic
P59768	K32A	0.4145	ambiguous
P59768	K32C	0.6846	pathogenic
P59768	K32D	0.8821	pathogenic
P59768	K32E	0.3838	ambiguous
P59768	K32F	0.899	pathogenic
P59768	K32G	0.7221	pathogenic
P59768	K32H	0.4428	ambiguous
P59768	K32I	0.3899	ambiguous
P59768	K32L	0.4365	ambiguous
P59768	K32M	0.3311	benign
P59768	K32N	0.8095	pathogenic
P59768	K32P	0.9849	pathogenic
P59768	K32Q	0.1175	benign
P59768	K32R	0.1051	benign
P59768	K32S	0.6865	pathogenic
P59768	K32T	0.2939	benign
P59768	K32V	0.2505	benign
P59768	K32W	0.9057	pathogenic
P59768	K32Y	0.8415	pathogenic
P59768	A33C	0.8685	pathogenic
P59768	A33D	0.9955	pathogenic
P59768	A33E	0.9934	pathogenic
P59768	A33F	0.991	pathogenic
P59768	A33G	0.5464	ambiguous
P59768	A33H	0.9947	pathogenic
P59768	A33I	0.9859	pathogenic
P59768	A33K	0.9985	pathogenic
P59768	A33L	0.9514	pathogenic
P59768	A33M	0.9652	pathogenic
P59768	A33N	0.9907	pathogenic
P59768	A33P	0.9968	pathogenic
P59768	A33Q	0.9868	pathogenic
P59768	A33R	0.9933	pathogenic
P59768	A33S	0.4517	ambiguous
P59768	A33T	0.7838	pathogenic
P59768	A33V	0.8784	pathogenic
P59768	A33W	0.9989	pathogenic
P59768	A33Y	0.9954	pathogenic
P59768	A34C	0.6203	pathogenic
P59768	A34D	0.9979	pathogenic
P59768	A34E	0.9966	pathogenic
P59768	A34F	0.9827	pathogenic
P59768	A34G	0.2996	benign
P59768	A34H	0.9948	pathogenic
P59768	A34I	0.9191	pathogenic
P59768	A34K	0.9991	pathogenic
P59768	A34L	0.89	pathogenic
P59768	A34M	0.8983	pathogenic
P59768	A34N	0.9889	pathogenic
P59768	A34P	0.9982	pathogenic
P59768	A34Q	0.9892	pathogenic
P59768	A34R	0.9967	pathogenic
P59768	A34S	0.1928	benign
P59768	A34T	0.5655	pathogenic
P59768	A34V	0.7221	pathogenic
P59768	A34W	0.9985	pathogenic
P59768	A34Y	0.9948	pathogenic
P59768	A35C	0.255	benign
P59768	A35D	0.5061	ambiguous
P59768	A35E	0.3556	ambiguous
P59768	A35F	0.4054	ambiguous
P59768	A35G	0.1102	benign
P59768	A35H	0.4589	ambiguous
P59768	A35I	0.3063	benign
P59768	A35K	0.5721	pathogenic
P59768	A35L	0.2001	benign
P59768	A35M	0.1823	benign
P59768	A35N	0.2214	benign
P59768	A35P	0.9797	pathogenic
P59768	A35Q	0.2551	benign
P59768	A35R	0.5153	ambiguous
P59768	A35S	0.0727	benign
P59768	A35T	0.0853	benign
P59768	A35V	0.1618	benign
P59768	A35W	0.8158	pathogenic
P59768	A35Y	0.5215	ambiguous
P59768	D36A	0.5914	pathogenic
P59768	D36C	0.9342	pathogenic
P59768	D36E	0.1827	benign
P59768	D36F	0.9631	pathogenic
P59768	D36G	0.7313	pathogenic
P59768	D36H	0.8649	pathogenic
P59768	D36I	0.9356	pathogenic
P59768	D36K	0.9229	pathogenic
P59768	D36L	0.8919	pathogenic
P59768	D36M	0.9469	pathogenic
P59768	D36N	0.524	ambiguous
P59768	D36P	0.995	pathogenic
P59768	D36Q	0.7438	pathogenic
P59768	D36R	0.9416	pathogenic
P59768	D36S	0.5283	ambiguous
P59768	D36T	0.803	pathogenic
P59768	D36V	0.8308	pathogenic
P59768	D36W	0.9928	pathogenic
P59768	D36Y	0.8481	pathogenic
P59768	L37A	0.9767	pathogenic
P59768	L37C	0.9714	pathogenic
P59768	L37D	0.9994	pathogenic
P59768	L37E	0.997	pathogenic
P59768	L37F	0.8938	pathogenic
P59768	L37G	0.9967	pathogenic
P59768	L37H	0.9958	pathogenic
P59768	L37I	0.1888	benign
P59768	L37K	0.9954	pathogenic
P59768	L37M	0.3626	ambiguous
P59768	L37N	0.9969	pathogenic
P59768	L37P	0.9993	pathogenic
P59768	L37Q	0.9939	pathogenic
P59768	L37R	0.9943	pathogenic
P59768	L37S	0.9974	pathogenic
P59768	L37T	0.9788	pathogenic
P59768	L37V	0.3834	ambiguous
P59768	L37W	0.9935	pathogenic
P59768	L37Y	0.9892	pathogenic
P59768	M38A	0.4275	ambiguous
P59768	M38C	0.639	pathogenic
P59768	M38D	0.9678	pathogenic
P59768	M38E	0.7395	pathogenic
P59768	M38F	0.5972	pathogenic
P59768	M38G	0.7018	pathogenic
P59768	M38H	0.7224	pathogenic
P59768	M38I	0.422	ambiguous
P59768	M38K	0.2888	benign
P59768	M38L	0.0853	benign
P59768	M38N	0.7802	pathogenic
P59768	M38P	0.9898	pathogenic
P59768	M38Q	0.2982	benign
P59768	M38R	0.379	ambiguous
P59768	M38S	0.5577	ambiguous
P59768	M38T	0.3615	ambiguous
P59768	M38V	0.11	benign
P59768	M38W	0.8732	pathogenic
P59768	M38Y	0.796	pathogenic
P59768	A39C	0.2147	benign
P59768	A39D	0.2952	benign
P59768	A39E	0.2586	benign
P59768	A39F	0.2667	benign
P59768	A39G	0.0952	benign
P59768	A39H	0.3013	benign
P59768	A39I	0.1858	benign
P59768	A39K	0.4708	ambiguous
P59768	A39L	0.1077	benign
P59768	A39M	0.1371	benign
P59768	A39N	0.1185	benign
P59768	A39P	0.9643	pathogenic
P59768	A39Q	0.2091	benign
P59768	A39R	0.4478	ambiguous
P59768	A39S	0.0668	benign
P59768	A39T	0.0709	benign
P59768	A39V	0.1182	benign
P59768	A39W	0.7075	pathogenic
P59768	A39Y	0.3567	ambiguous
P59768	Y40A	0.9846	pathogenic
P59768	Y40C	0.7569	pathogenic
P59768	Y40D	0.9843	pathogenic
P59768	Y40E	0.9962	pathogenic
P59768	Y40F	0.0959	benign
P59768	Y40G	0.9806	pathogenic
P59768	Y40H	0.8424	pathogenic
P59768	Y40I	0.9782	pathogenic
P59768	Y40K	0.9977	pathogenic
P59768	Y40L	0.969	pathogenic
P59768	Y40M	0.9794	pathogenic
P59768	Y40N	0.9673	pathogenic
P59768	Y40P	0.9991	pathogenic
P59768	Y40Q	0.9945	pathogenic
P59768	Y40R	0.9899	pathogenic
P59768	Y40S	0.965	pathogenic
P59768	Y40T	0.9893	pathogenic
P59768	Y40V	0.952	pathogenic
P59768	Y40W	0.5144	ambiguous
P59768	C41A	0.7281	pathogenic
P59768	C41D	0.9975	pathogenic
P59768	C41E	0.9982	pathogenic
P59768	C41F	0.9795	pathogenic
P59768	C41G	0.8011	pathogenic
P59768	C41H	0.997	pathogenic
P59768	C41I	0.835	pathogenic
P59768	C41K	0.9992	pathogenic
P59768	C41L	0.9102	pathogenic
P59768	C41M	0.8977	pathogenic
P59768	C41N	0.9879	pathogenic
P59768	C41P	0.9989	pathogenic
P59768	C41Q	0.9943	pathogenic
P59768	C41R	0.9941	pathogenic
P59768	C41S	0.7922	pathogenic
P59768	C41T	0.6742	pathogenic
P59768	C41V	0.5795	pathogenic
P59768	C41W	0.997	pathogenic
P59768	C41Y	0.9954	pathogenic
P59768	E42A	0.1872	benign
P59768	E42C	0.7326	pathogenic
P59768	E42D	0.0819	benign
P59768	E42F	0.7299	pathogenic
P59768	E42G	0.2104	benign
P59768	E42H	0.4346	ambiguous
P59768	E42I	0.4101	ambiguous
P59768	E42K	0.3452	ambiguous
P59768	E42L	0.3583	ambiguous
P59768	E42M	0.4538	ambiguous
P59768	E42N	0.1945	benign
P59768	E42P	0.9766	pathogenic
P59768	E42Q	0.168	benign
P59768	E42R	0.4535	ambiguous
P59768	E42S	0.1648	benign
P59768	E42T	0.2091	benign
P59768	E42V	0.2718	benign
P59768	E42W	0.9228	pathogenic
P59768	E42Y	0.6097	pathogenic
P59768	A43C	0.2722	benign
P59768	A43D	0.2932	benign
P59768	A43E	0.1925	benign
P59768	A43F	0.2656	benign
P59768	A43G	0.1102	benign
P59768	A43H	0.3197	benign
P59768	A43I	0.1672	benign
P59768	A43K	0.4189	ambiguous
P59768	A43L	0.1163	benign
P59768	A43M	0.1104	benign
P59768	A43N	0.1267	benign
P59768	A43P	0.9529	pathogenic
P59768	A43Q	0.1673	benign
P59768	A43R	0.4417	ambiguous
P59768	A43S	0.0708	benign
P59768	A43T	0.0675	benign
P59768	A43V	0.1129	benign
P59768	A43W	0.7129	pathogenic
P59768	A43Y	0.3493	ambiguous
P59768	H44A	0.6076	pathogenic
P59768	H44C	0.2489	benign
P59768	H44D	0.8187	pathogenic
P59768	H44E	0.5036	ambiguous
P59768	H44F	0.4753	ambiguous
P59768	H44G	0.6004	pathogenic
P59768	H44I	0.7303	pathogenic
P59768	H44K	0.3452	ambiguous
P59768	H44L	0.4947	ambiguous
P59768	H44M	0.5977	pathogenic
P59768	H44N	0.1642	benign
P59768	H44P	0.9662	pathogenic
P59768	H44Q	0.2353	benign
P59768	H44R	0.1504	benign
P59768	H44S	0.4795	ambiguous
P59768	H44T	0.5922	pathogenic
P59768	H44V	0.5323	ambiguous
P59768	H44W	0.6231	pathogenic
P59768	H44Y	0.269	benign
P59768	A45C	0.2357	benign
P59768	A45D	0.7776	pathogenic
P59768	A45E	0.4734	ambiguous
P59768	A45F	0.378	ambiguous
P59768	A45G	0.1195	benign
P59768	A45H	0.5316	ambiguous
P59768	A45I	0.2074	benign
P59768	A45K	0.6587	pathogenic
P59768	A45L	0.215	benign
P59768	A45M	0.1945	benign
P59768	A45N	0.4437	ambiguous
P59768	A45P	0.9187	pathogenic
P59768	A45Q	0.3005	benign
P59768	A45R	0.552	ambiguous
P59768	A45S	0.0916	benign
P59768	A45T	0.1333	benign
P59768	A45V	0.1303	benign
P59768	A45W	0.8086	pathogenic
P59768	A45Y	0.5101	ambiguous
P59768	K46A	0.2056	benign
P59768	K46C	0.398	ambiguous
P59768	K46D	0.4868	ambiguous
P59768	K46E	0.2036	benign
P59768	K46F	0.7811	pathogenic
P59768	K46G	0.1963	benign
P59768	K46H	0.2429	benign
P59768	K46I	0.4523	ambiguous
P59768	K46L	0.3458	ambiguous
P59768	K46M	0.322	benign
P59768	K46N	0.4336	ambiguous
P59768	K46P	0.3963	ambiguous
P59768	K46Q	0.109	benign
P59768	K46R	0.0668	benign
P59768	K46S	0.2967	benign
P59768	K46T	0.2077	benign
P59768	K46V	0.3125	benign
P59768	K46W	0.6751	pathogenic
P59768	K46Y	0.6469	pathogenic
P59768	E47A	0.1869	benign
P59768	E47C	0.7427	pathogenic
P59768	E47D	0.0649	benign
P59768	E47F	0.7557	pathogenic
P59768	E47G	0.2181	benign
P59768	E47H	0.5243	ambiguous
P59768	E47I	0.4721	ambiguous
P59768	E47K	0.4869	ambiguous
P59768	E47L	0.4745	ambiguous
P59768	E47M	0.5414	ambiguous
P59768	E47N	0.2122	benign
P59768	E47P	0.8802	pathogenic
P59768	E47Q	0.2381	benign
P59768	E47R	0.5977	pathogenic
P59768	E47S	0.1808	benign
P59768	E47T	0.2238	benign
P59768	E47V	0.2878	benign
P59768	E47W	0.9204	pathogenic
P59768	E47Y	0.5853	pathogenic
P59768	D48A	0.9937	pathogenic
P59768	D48C	0.9971	pathogenic
P59768	D48E	0.9923	pathogenic
P59768	D48F	0.9985	pathogenic
P59768	D48G	0.993	pathogenic
P59768	D48H	0.9947	pathogenic
P59768	D48I	0.9978	pathogenic
P59768	D48K	0.9982	pathogenic
P59768	D48L	0.9957	pathogenic
P59768	D48M	0.9994	pathogenic
P59768	D48N	0.9874	pathogenic
P59768	D48P	0.9974	pathogenic
P59768	D48Q	0.9989	pathogenic
P59768	D48R	0.9976	pathogenic
P59768	D48S	0.9941	pathogenic
P59768	D48T	0.9976	pathogenic
P59768	D48V	0.994	pathogenic
P59768	D48W	0.999	pathogenic
P59768	D48Y	0.9807	pathogenic
P59768	P49A	0.5268	ambiguous
P59768	P49C	0.8093	pathogenic
P59768	P49D	0.9942	pathogenic
P59768	P49E	0.9871	pathogenic
P59768	P49F	0.9176	pathogenic
P59768	P49G	0.9187	pathogenic
P59768	P49H	0.8865	pathogenic
P59768	P49I	0.8816	pathogenic
P59768	P49K	0.9857	pathogenic
P59768	P49L	0.82	pathogenic
P59768	P49M	0.9022	pathogenic
P59768	P49N	0.9795	pathogenic
P59768	P49Q	0.951	pathogenic
P59768	P49R	0.9453	pathogenic
P59768	P49S	0.8593	pathogenic
P59768	P49T	0.8494	pathogenic
P59768	P49V	0.7524	pathogenic
P59768	P49W	0.9685	pathogenic
P59768	P49Y	0.9162	pathogenic
P59768	L50A	0.9805	pathogenic
P59768	L50C	0.982	pathogenic
P59768	L50D	0.9994	pathogenic
P59768	L50E	0.9985	pathogenic
P59768	L50F	0.6581	pathogenic
P59768	L50G	0.9947	pathogenic
P59768	L50H	0.9922	pathogenic
P59768	L50I	0.7376	pathogenic
P59768	L50K	0.9955	pathogenic
P59768	L50M	0.5972	pathogenic
P59768	L50N	0.9975	pathogenic
P59768	L50P	0.9968	pathogenic
P59768	L50Q	0.9941	pathogenic
P59768	L50R	0.9903	pathogenic
P59768	L50S	0.9973	pathogenic
P59768	L50T	0.9906	pathogenic
P59768	L50V	0.8146	pathogenic
P59768	L50W	0.9747	pathogenic
P59768	L50Y	0.9654	pathogenic
P59768	L51A	0.8516	pathogenic
P59768	L51C	0.7631	pathogenic
P59768	L51D	0.9953	pathogenic
P59768	L51E	0.9668	pathogenic
P59768	L51F	0.746	pathogenic
P59768	L51G	0.9618	pathogenic
P59768	L51H	0.9374	pathogenic
P59768	L51I	0.0806	benign
P59768	L51K	0.917	pathogenic
P59768	L51M	0.2616	benign
P59768	L51N	0.9551	pathogenic
P59768	L51P	0.9886	pathogenic
P59768	L51Q	0.8454	pathogenic
P59768	L51R	0.8777	pathogenic
P59768	L51S	0.9589	pathogenic
P59768	L51T	0.8001	pathogenic
P59768	L51V	0.0892	benign
P59768	L51W	0.9391	pathogenic
P59768	L51Y	0.927	pathogenic
P59768	T52A	0.0924	benign
P59768	T52C	0.132	benign
P59768	T52D	0.571	pathogenic
P59768	T52E	0.5173	ambiguous
P59768	T52F	0.1683	benign
P59768	T52G	0.2022	benign
P59768	T52H	0.2111	benign
P59768	T52I	0.1077	benign
P59768	T52K	0.5214	ambiguous
P59768	T52L	0.0907	benign
P59768	T52M	0.0796	benign
P59768	T52N	0.1031	benign
P59768	T52P	0.5943	pathogenic
P59768	T52Q	0.2311	benign
P59768	T52R	0.4649	ambiguous
P59768	T52S	0.077	benign
P59768	T52V	0.0845	benign
P59768	T52W	0.5121	ambiguous
P59768	T52Y	0.2283	benign
P59768	P53A	0.1971	benign
P59768	P53C	0.8318	pathogenic
P59768	P53D	0.9695	pathogenic
P59768	P53E	0.9331	pathogenic
P59768	P53F	0.9507	pathogenic
P59768	P53G	0.4477	ambiguous
P59768	P53H	0.7841	pathogenic
P59768	P53I	0.9099	pathogenic
P59768	P53K	0.9182	pathogenic
P59768	P53L	0.6834	pathogenic
P59768	P53M	0.8064	pathogenic
P59768	P53N	0.8567	pathogenic
P59768	P53Q	0.6896	pathogenic
P59768	P53R	0.8117	pathogenic
P59768	P53S	0.4292	ambiguous
P59768	P53T	0.4732	ambiguous
P59768	P53V	0.7432	pathogenic
P59768	P53W	0.9794	pathogenic
P59768	P53Y	0.9443	pathogenic
P59768	V54A	0.7234	pathogenic
P59768	V54C	0.8457	pathogenic
P59768	V54D	0.982	pathogenic
P59768	V54E	0.9322	pathogenic
P59768	V54F	0.4792	ambiguous
P59768	V54G	0.7887	pathogenic
P59768	V54H	0.9572	pathogenic
P59768	V54I	0.0913	benign
P59768	V54K	0.9103	pathogenic
P59768	V54L	0.2359	benign
P59768	V54M	0.2349	benign
P59768	V54N	0.9201	pathogenic
P59768	V54P	0.7941	pathogenic
P59768	V54Q	0.8416	pathogenic
P59768	V54R	0.8996	pathogenic
P59768	V54S	0.8663	pathogenic
P59768	V54T	0.7433	pathogenic
P59768	V54W	0.9664	pathogenic
P59768	V54Y	0.9095	pathogenic
P59768	P55A	0.1237	benign
P59768	P55C	0.7224	pathogenic
P59768	P55D	0.8993	pathogenic
P59768	P55E	0.8146	pathogenic
P59768	P55F	0.8805	pathogenic
P59768	P55G	0.5189	ambiguous
P59768	P55H	0.6103	pathogenic
P59768	P55I	0.7055	pathogenic
P59768	P55K	0.8419	pathogenic
P59768	P55L	0.3063	benign
P59768	P55M	0.5729	pathogenic
P59768	P55N	0.6448	pathogenic
P59768	P55Q	0.4954	ambiguous
P59768	P55R	0.7654	pathogenic
P59768	P55S	0.2762	benign
P59768	P55T	0.3394	benign
P59768	P55V	0.4857	ambiguous
P59768	P55W	0.957	pathogenic
P59768	P55Y	0.8971	pathogenic
P59768	A56C	0.5542	ambiguous
P59768	A56D	0.9065	pathogenic
P59768	A56E	0.8765	pathogenic
P59768	A56F	0.6951	pathogenic
P59768	A56G	0.1956	benign
P59768	A56H	0.8191	pathogenic
P59768	A56I	0.4198	ambiguous
P59768	A56K	0.9492	pathogenic
P59768	A56L	0.2924	benign
P59768	A56M	0.3079	benign
P59768	A56N	0.4225	ambiguous
P59768	A56P	0.2448	benign
P59768	A56Q	0.6441	pathogenic
P59768	A56R	0.9383	pathogenic
P59768	A56S	0.1076	benign
P59768	A56T	0.0955	benign
P59768	A56V	0.2066	benign
P59768	A56W	0.9548	pathogenic
P59768	A56Y	0.8514	pathogenic
P59768	S57A	0.0685	benign
P59768	S57C	0.217	benign
P59768	S57D	0.9096	pathogenic
P59768	S57E	0.9144	pathogenic
P59768	S57F	0.6969	pathogenic
P59768	S57G	0.12	benign
P59768	S57H	0.7555	pathogenic
P59768	S57I	0.6057	pathogenic
P59768	S57K	0.9657	pathogenic
P59768	S57L	0.2825	benign
P59768	S57M	0.3475	ambiguous
P59768	S57N	0.4853	ambiguous
P59768	S57P	0.6111	pathogenic
P59768	S57Q	0.769	pathogenic
P59768	S57R	0.9627	pathogenic
P59768	S57T	0.1503	benign
P59768	S57V	0.4181	ambiguous
P59768	S57W	0.8214	pathogenic
P59768	S57Y	0.7208	pathogenic
P59768	E58A	0.4269	ambiguous
P59768	E58C	0.9401	pathogenic
P59768	E58D	0.1614	benign
P59768	E58F	0.9572	pathogenic
P59768	E58G	0.5308	ambiguous
P59768	E58H	0.876	pathogenic
P59768	E58I	0.7662	pathogenic
P59768	E58K	0.6964	pathogenic
P59768	E58L	0.775	pathogenic
P59768	E58M	0.8221	pathogenic
P59768	E58N	0.6036	pathogenic
P59768	E58P	0.9791	pathogenic
P59768	E58Q	0.4185	ambiguous
P59768	E58R	0.8091	pathogenic
P59768	E58S	0.4485	ambiguous
P59768	E58T	0.5659	pathogenic
P59768	E58V	0.5657	pathogenic
P59768	E58W	0.9879	pathogenic
P59768	E58Y	0.9343	pathogenic
P59768	N59A	0.9985	pathogenic
P59768	N59C	0.9943	pathogenic
P59768	N59D	0.996	pathogenic
P59768	N59E	0.9983	pathogenic
P59768	N59F	0.9983	pathogenic
P59768	N59G	0.9966	pathogenic
P59768	N59H	0.9924	pathogenic
P59768	N59I	0.9898	pathogenic
P59768	N59K	0.9985	pathogenic
P59768	N59L	0.9915	pathogenic
P59768	N59M	0.9939	pathogenic
P59768	N59P	0.9937	pathogenic
P59768	N59Q	0.9986	pathogenic
P59768	N59R	0.9986	pathogenic
P59768	N59S	0.9892	pathogenic
P59768	N59T	0.9898	pathogenic
P59768	N59V	0.9934	pathogenic
P59768	N59W	0.9991	pathogenic
P59768	N59Y	0.9849	pathogenic
P59768	P60A	0.9731	pathogenic
P59768	P60C	0.9964	pathogenic
P59768	P60D	0.9971	pathogenic
P59768	P60E	0.9964	pathogenic
P59768	P60F	0.9987	pathogenic
P59768	P60G	0.9948	pathogenic
P59768	P60H	0.9889	pathogenic
P59768	P60I	0.9919	pathogenic
P59768	P60K	0.9943	pathogenic
P59768	P60L	0.9809	pathogenic
P59768	P60M	0.997	pathogenic
P59768	P60N	0.9971	pathogenic
P59768	P60Q	0.9943	pathogenic
P59768	P60R	0.9709	pathogenic
P59768	P60S	0.9954	pathogenic
P59768	P60T	0.9885	pathogenic
P59768	P60V	0.9845	pathogenic
P59768	P60W	0.9983	pathogenic
P59768	P60Y	0.9971	pathogenic
P59768	F61A	0.9985	pathogenic
P59768	F61C	0.9965	pathogenic
P59768	F61D	0.9993	pathogenic
P59768	F61E	0.9995	pathogenic
P59768	F61G	0.9977	pathogenic
P59768	F61H	0.9933	pathogenic
P59768	F61I	0.9982	pathogenic
P59768	F61K	0.9996	pathogenic
P59768	F61L	0.999	pathogenic
P59768	F61M	0.997	pathogenic
P59768	F61N	0.998	pathogenic
P59768	F61P	0.9998	pathogenic
P59768	F61Q	0.9991	pathogenic
P59768	F61R	0.9979	pathogenic
P59768	F61S	0.9982	pathogenic
P59768	F61T	0.9995	pathogenic
P59768	F61V	0.9969	pathogenic
P59768	F61W	0.8601	pathogenic
P59768	F61Y	0.5959	pathogenic
P59768	R62A	0.9896	pathogenic
P59768	R62C	0.953	pathogenic
P59768	R62D	0.9972	pathogenic
P59768	R62E	0.9826	pathogenic
P59768	R62F	0.995	pathogenic
P59768	R62G	0.9782	pathogenic
P59768	R62H	0.8669	pathogenic
P59768	R62I	0.9862	pathogenic
P59768	R62K	0.4052	ambiguous
P59768	R62L	0.9709	pathogenic
P59768	R62M	0.9908	pathogenic
P59768	R62N	0.9971	pathogenic
P59768	R62P	0.9926	pathogenic
P59768	R62Q	0.7749	pathogenic
P59768	R62S	0.9955	pathogenic
P59768	R62T	0.9922	pathogenic
P59768	R62V	0.9844	pathogenic
P59768	R62W	0.9459	pathogenic
P59768	R62Y	0.985	pathogenic
P59768	E63A	0.924	pathogenic
P59768	E63C	0.9915	pathogenic
P59768	E63D	0.2368	benign
P59768	E63F	0.9962	pathogenic
P59768	E63G	0.8316	pathogenic
P59768	E63H	0.9846	pathogenic
P59768	E63I	0.9859	pathogenic
P59768	E63K	0.9645	pathogenic
P59768	E63L	0.9801	pathogenic
P59768	E63M	0.9911	pathogenic
P59768	E63N	0.9128	pathogenic
P59768	E63P	0.8956	pathogenic
P59768	E63Q	0.8613	pathogenic
P59768	E63R	0.9544	pathogenic
P59768	E63S	0.92	pathogenic
P59768	E63T	0.9632	pathogenic
P59768	E63V	0.9583	pathogenic
P59768	E63W	0.9978	pathogenic
P59768	E63Y	0.9895	pathogenic
P59768	K64A	0.9712	pathogenic
P59768	K64C	0.9876	pathogenic
P59768	K64D	0.9742	pathogenic
P59768	K64E	0.9536	pathogenic
P59768	K64F	0.9969	pathogenic
P59768	K64G	0.9233	pathogenic
P59768	K64H	0.8993	pathogenic
P59768	K64I	0.9878	pathogenic
P59768	K64L	0.9718	pathogenic
P59768	K64M	0.9747	pathogenic
P59768	K64N	0.9738	pathogenic
P59768	K64P	0.8928	pathogenic
P59768	K64Q	0.7545	pathogenic
P59768	K64R	0.1625	benign
P59768	K64S	0.9765	pathogenic
P59768	K64T	0.9556	pathogenic
P59768	K64V	0.9763	pathogenic
P59768	K64W	0.991	pathogenic
P59768	K64Y	0.9847	pathogenic
P59768	K65A	0.8907	pathogenic
P59768	K65C	0.9358	pathogenic
P59768	K65D	0.9528	pathogenic
P59768	K65E	0.9612	pathogenic
P59768	K65F	0.9809	pathogenic
P59768	K65G	0.7749	pathogenic
P59768	K65H	0.6583	pathogenic
P59768	K65I	0.9466	pathogenic
P59768	K65L	0.9168	pathogenic
P59768	K65M	0.9334	pathogenic
P59768	K65N	0.913	pathogenic
P59768	K65P	0.8499	pathogenic
P59768	K65Q	0.6571	pathogenic
P59768	K65R	0.0986	benign
P59768	K65S	0.8931	pathogenic
P59768	K65T	0.8244	pathogenic
P59768	K65V	0.9067	pathogenic
P59768	K65W	0.9621	pathogenic
P59768	K65Y	0.9171	pathogenic
P59768	F66A	0.4492	ambiguous
P59768	F66C	0.3041	benign
P59768	F66D	0.9453	pathogenic
P59768	F66E	0.9554	pathogenic
P59768	F66G	0.6622	pathogenic
P59768	F66H	0.7763	pathogenic
P59768	F66I	0.104	benign
P59768	F66K	0.9398	pathogenic
P59768	F66L	0.4042	ambiguous
P59768	F66M	0.2775	benign
P59768	F66N	0.7458	pathogenic
P59768	F66P	0.6847	pathogenic
P59768	F66Q	0.8465	pathogenic
P59768	F66R	0.8969	pathogenic
P59768	F66S	0.6	pathogenic
P59768	F66T	0.5257	ambiguous
P59768	F66V	0.1188	benign
P59768	F66W	0.4595	ambiguous
P59768	F66Y	0.2206	benign
P59768	F67A	0.6316	pathogenic
P59768	F67C	0.404	ambiguous
P59768	F67D	0.9879	pathogenic
P59768	F67E	0.9898	pathogenic
P59768	F67G	0.7522	pathogenic
P59768	F67H	0.8516	pathogenic
P59768	F67I	0.4001	ambiguous
P59768	F67K	0.9752	pathogenic
P59768	F67L	0.8289	pathogenic
P59768	F67M	0.6441	pathogenic
P59768	F67N	0.9118	pathogenic
P59768	F67P	0.9041	pathogenic
P59768	F67Q	0.9144	pathogenic
P59768	F67R	0.9297	pathogenic
P59768	F67S	0.6462	pathogenic
P59768	F67T	0.6913	pathogenic
P59768	F67V	0.3346	benign
P59768	F67W	0.6291	pathogenic
P59768	F67Y	0.3553	ambiguous
P59768	C68A	0.9526	pathogenic
P59768	C68D	0.9966	pathogenic
P59768	C68E	0.9986	pathogenic
P59768	C68F	0.961	pathogenic
P59768	C68G	0.9082	pathogenic
P59768	C68H	0.9945	pathogenic
P59768	C68I	0.9886	pathogenic
P59768	C68K	0.9989	pathogenic
P59768	C68L	0.9596	pathogenic
P59768	C68M	0.9847	pathogenic
P59768	C68N	0.9962	pathogenic
P59768	C68P	0.9834	pathogenic
P59768	C68Q	0.9963	pathogenic
P59768	C68R	0.9933	pathogenic
P59768	C68S	0.9722	pathogenic
P59768	C68T	0.9788	pathogenic
P59768	C68V	0.9649	pathogenic
P59768	C68W	0.9911	pathogenic
P59768	C68Y	0.991	pathogenic
P59768	A69C	0.2535	benign
P59768	A69D	0.6954	pathogenic
P59768	A69E	0.6546	pathogenic
P59768	A69F	0.3782	ambiguous
P59768	A69G	0.1478	benign
P59768	A69H	0.5382	ambiguous
P59768	A69I	0.1718	benign
P59768	A69K	0.809	pathogenic
P59768	A69L	0.1751	benign
P59768	A69M	0.1737	benign
P59768	A69N	0.2377	benign
P59768	A69P	0.4624	ambiguous
P59768	A69Q	0.4132	ambiguous
P59768	A69R	0.7966	pathogenic
P59768	A69S	0.0809	benign
P59768	A69T	0.0667	benign
P59768	A69V	0.1037	benign
P59768	A69W	0.8245	pathogenic
P59768	A69Y	0.5661	pathogenic
P59768	I70A	0.8141	pathogenic
P59768	I70C	0.9022	pathogenic
P59768	I70D	0.9967	pathogenic
P59768	I70E	0.9939	pathogenic
P59768	I70F	0.3315	benign
P59768	I70G	0.9711	pathogenic
P59768	I70H	0.9853	pathogenic
P59768	I70K	0.9906	pathogenic
P59768	I70L	0.0996	benign
P59768	I70M	0.2488	benign
P59768	I70N	0.9731	pathogenic
P59768	I70P	0.9513	pathogenic
P59768	I70Q	0.9834	pathogenic
P59768	I70R	0.9855	pathogenic
P59768	I70S	0.9464	pathogenic
P59768	I70T	0.9222	pathogenic
P59768	I70V	0.0927	benign
P59768	I70W	0.9598	pathogenic
P59768	I70Y	0.9151	pathogenic
P59768	L71A	0.9529	pathogenic
P59768	L71C	0.9554	pathogenic
P59768	L71D	0.9992	pathogenic
P59768	L71E	0.9956	pathogenic
P59768	L71F	0.799	pathogenic
P59768	L71G	0.9919	pathogenic
P59768	L71H	0.9932	pathogenic
P59768	L71I	0.4263	ambiguous
P59768	L71K	0.9865	pathogenic
P59768	L71M	0.4738	ambiguous
P59768	L71N	0.9963	pathogenic
P59768	L71P	0.9844	pathogenic
P59768	L71Q	0.9842	pathogenic
P59768	L71R	0.9801	pathogenic
P59768	L71S	0.9939	pathogenic
P59768	L71T	0.9642	pathogenic
P59768	L71V	0.5272	ambiguous
P59768	L71W	0.9759	pathogenic
P59768	L71Y	0.981	pathogenic
