Q8NH95	M1A	0.213	benign
Q8NH95	M1C	0.3316	benign
Q8NH95	M1D	0.5468	ambiguous
Q8NH95	M1E	0.2942	benign
Q8NH95	M1F	0.1772	benign
Q8NH95	M1G	0.4561	ambiguous
Q8NH95	M1H	0.3888	ambiguous
Q8NH95	M1I	0.2802	benign
Q8NH95	M1K	0.2466	benign
Q8NH95	M1L	0.123	benign
Q8NH95	M1N	0.4151	ambiguous
Q8NH95	M1P	0.3651	ambiguous
Q8NH95	M1Q	0.1766	benign
Q8NH95	M1R	0.2054	benign
Q8NH95	M1S	0.2887	benign
Q8NH95	M1T	0.2081	benign
Q8NH95	M1V	0.0833	benign
Q8NH95	M1W	0.3434	ambiguous
Q8NH95	M1Y	0.4342	ambiguous
Q8NH95	V2A	0.0735	benign
Q8NH95	V2C	0.4544	ambiguous
Q8NH95	V2D	0.0653	benign
Q8NH95	V2E	0.053	benign
Q8NH95	V2F	0.0963	benign
Q8NH95	V2G	0.0628	benign
Q8NH95	V2H	0.2126	benign
Q8NH95	V2I	0.0998	benign
Q8NH95	V2K	0.1254	benign
Q8NH95	V2L	0.1228	benign
Q8NH95	V2M	0.1854	benign
Q8NH95	V2N	0.091	benign
Q8NH95	V2P	0.1002	benign
Q8NH95	V2Q	0.09	benign
Q8NH95	V2R	0.1019	benign
Q8NH95	V2S	0.0784	benign
Q8NH95	V2T	0.1099	benign
Q8NH95	V2W	0.4553	ambiguous
Q8NH95	V2Y	0.2338	benign
Q8NH95	S3A	0.0628	benign
Q8NH95	S3C	0.1262	benign
Q8NH95	S3D	0.1165	benign
Q8NH95	S3E	0.1359	benign
Q8NH95	S3F	0.1594	benign
Q8NH95	S3G	0.066	benign
Q8NH95	S3H	0.1685	benign
Q8NH95	S3I	0.1157	benign
Q8NH95	S3K	0.2348	benign
Q8NH95	S3L	0.1211	benign
Q8NH95	S3M	0.187	benign
Q8NH95	S3N	0.1096	benign
Q8NH95	S3P	0.0733	benign
Q8NH95	S3Q	0.2041	benign
Q8NH95	S3R	0.1683	benign
Q8NH95	S3T	0.0705	benign
Q8NH95	S3V	0.1257	benign
Q8NH95	S3W	0.1956	benign
Q8NH95	S3Y	0.1437	benign
Q8NH95	A4C	0.3279	benign
Q8NH95	A4D	0.0941	benign
Q8NH95	A4E	0.1027	benign
Q8NH95	A4F	0.2033	benign
Q8NH95	A4G	0.0868	benign
Q8NH95	A4H	0.228	benign
Q8NH95	A4I	0.1958	benign
Q8NH95	A4K	0.2062	benign
Q8NH95	A4L	0.1518	benign
Q8NH95	A4M	0.2663	benign
Q8NH95	A4N	0.1404	benign
Q8NH95	A4P	0.0977	benign
Q8NH95	A4Q	0.1603	benign
Q8NH95	A4R	0.1504	benign
Q8NH95	A4S	0.0797	benign
Q8NH95	A4T	0.0788	benign
Q8NH95	A4V	0.1198	benign
Q8NH95	A4W	0.387	ambiguous
Q8NH95	A4Y	0.25	benign
Q8NH95	N5A	0.1911	benign
Q8NH95	N5C	0.3943	ambiguous
Q8NH95	N5D	0.148	benign
Q8NH95	N5E	0.2623	benign
Q8NH95	N5F	0.5123	ambiguous
Q8NH95	N5G	0.2255	benign
Q8NH95	N5H	0.1671	benign
Q8NH95	N5I	0.2334	benign
Q8NH95	N5K	0.2541	benign
Q8NH95	N5L	0.2776	benign
Q8NH95	N5M	0.4507	ambiguous
Q8NH95	N5P	0.2669	benign
Q8NH95	N5Q	0.3185	benign
Q8NH95	N5R	0.2172	benign
Q8NH95	N5S	0.0906	benign
Q8NH95	N5T	0.1528	benign
Q8NH95	N5V	0.2212	benign
Q8NH95	N5W	0.6961	pathogenic
Q8NH95	N5Y	0.1881	benign
Q8NH95	Q6A	0.1255	benign
Q8NH95	Q6C	0.4336	ambiguous
Q8NH95	Q6D	0.1584	benign
Q8NH95	Q6E	0.0605	benign
Q8NH95	Q6F	0.4293	ambiguous
Q8NH95	Q6G	0.118	benign
Q8NH95	Q6H	0.1395	benign
Q8NH95	Q6I	0.2477	benign
Q8NH95	Q6K	0.0928	benign
Q8NH95	Q6L	0.1218	benign
Q8NH95	Q6M	0.2941	benign
Q8NH95	Q6N	0.1692	benign
Q8NH95	Q6P	0.1055	benign
Q8NH95	Q6R	0.0741	benign
Q8NH95	Q6S	0.1334	benign
Q8NH95	Q6T	0.1257	benign
Q8NH95	Q6V	0.1589	benign
Q8NH95	Q6W	0.2804	benign
Q8NH95	Q6Y	0.2688	benign
Q8NH95	T7A	0.0898	benign
Q8NH95	T7C	0.4625	ambiguous
Q8NH95	T7D	0.1856	benign
Q8NH95	T7E	0.1634	benign
Q8NH95	T7F	0.2388	benign
Q8NH95	T7G	0.1736	benign
Q8NH95	T7H	0.1715	benign
Q8NH95	T7I	0.2011	benign
Q8NH95	T7K	0.1535	benign
Q8NH95	T7L	0.152	benign
Q8NH95	T7M	0.1165	benign
Q8NH95	T7N	0.1013	benign
Q8NH95	T7P	0.0867	benign
Q8NH95	T7Q	0.1668	benign
Q8NH95	T7R	0.1156	benign
Q8NH95	T7S	0.1078	benign
Q8NH95	T7V	0.1905	benign
Q8NH95	T7W	0.4399	ambiguous
Q8NH95	T7Y	0.2176	benign
Q8NH95	A8C	0.3004	benign
Q8NH95	A8D	0.0973	benign
Q8NH95	A8E	0.1299	benign
Q8NH95	A8F	0.1738	benign
Q8NH95	A8G	0.0842	benign
Q8NH95	A8H	0.2208	benign
Q8NH95	A8I	0.1579	benign
Q8NH95	A8K	0.2775	benign
Q8NH95	A8L	0.1317	benign
Q8NH95	A8M	0.2167	benign
Q8NH95	A8N	0.1418	benign
Q8NH95	A8P	0.0964	benign
Q8NH95	A8Q	0.1925	benign
Q8NH95	A8R	0.2068	benign
Q8NH95	A8S	0.0712	benign
Q8NH95	A8T	0.0738	benign
Q8NH95	A8V	0.0919	benign
Q8NH95	A8W	0.3898	ambiguous
Q8NH95	A8Y	0.2177	benign
Q8NH95	S9A	0.0647	benign
Q8NH95	S9C	0.1166	benign
Q8NH95	S9D	0.1761	benign
Q8NH95	S9E	0.1917	benign
Q8NH95	S9F	0.1333	benign
Q8NH95	S9G	0.0855	benign
Q8NH95	S9H	0.1801	benign
Q8NH95	S9I	0.1246	benign
Q8NH95	S9K	0.3384	benign
Q8NH95	S9L	0.1066	benign
Q8NH95	S9M	0.1896	benign
Q8NH95	S9N	0.1373	benign
Q8NH95	S9P	0.0667	benign
Q8NH95	S9Q	0.2401	benign
Q8NH95	S9R	0.2281	benign
Q8NH95	S9T	0.0791	benign
Q8NH95	S9V	0.1143	benign
Q8NH95	S9W	0.1479	benign
Q8NH95	S9Y	0.1101	benign
Q8NH95	V10A	0.1826	benign
Q8NH95	V10C	0.7118	pathogenic
Q8NH95	V10D	0.2684	benign
Q8NH95	V10E	0.2203	benign
Q8NH95	V10F	0.1534	benign
Q8NH95	V10G	0.1627	benign
Q8NH95	V10H	0.5378	ambiguous
Q8NH95	V10I	0.107	benign
Q8NH95	V10K	0.341	ambiguous
Q8NH95	V10L	0.1937	benign
Q8NH95	V10M	0.1606	benign
Q8NH95	V10N	0.3407	ambiguous
Q8NH95	V10P	0.2745	benign
Q8NH95	V10Q	0.2773	benign
Q8NH95	V10R	0.2722	benign
Q8NH95	V10S	0.2597	benign
Q8NH95	V10T	0.2656	benign
Q8NH95	V10W	0.6781	pathogenic
Q8NH95	V10Y	0.5085	ambiguous
Q8NH95	T11A	0.0924	benign
Q8NH95	T11C	0.4515	ambiguous
Q8NH95	T11D	0.2498	benign
Q8NH95	T11E	0.1704	benign
Q8NH95	T11F	0.2701	benign
Q8NH95	T11G	0.1746	benign
Q8NH95	T11H	0.1992	benign
Q8NH95	T11I	0.2191	benign
Q8NH95	T11K	0.131	benign
Q8NH95	T11L	0.1446	benign
Q8NH95	T11M	0.1121	benign
Q8NH95	T11N	0.1307	benign
Q8NH95	T11P	0.1034	benign
Q8NH95	T11Q	0.1443	benign
Q8NH95	T11R	0.0913	benign
Q8NH95	T11S	0.1078	benign
Q8NH95	T11V	0.1896	benign
Q8NH95	T11W	0.4269	ambiguous
Q8NH95	T11Y	0.2738	benign
Q8NH95	E12A	0.1647	benign
Q8NH95	E12C	0.7551	pathogenic
Q8NH95	E12D	0.1872	benign
Q8NH95	E12F	0.6699	pathogenic
Q8NH95	E12G	0.1099	benign
Q8NH95	E12H	0.3849	ambiguous
Q8NH95	E12I	0.4482	ambiguous
Q8NH95	E12K	0.1983	benign
Q8NH95	E12L	0.5109	ambiguous
Q8NH95	E12M	0.5708	pathogenic
Q8NH95	E12N	0.3239	benign
Q8NH95	E12P	0.6119	pathogenic
Q8NH95	E12Q	0.1315	benign
Q8NH95	E12R	0.2204	benign
Q8NH95	E12S	0.1934	benign
Q8NH95	E12T	0.2387	benign
Q8NH95	E12V	0.2581	benign
Q8NH95	E12W	0.7862	pathogenic
Q8NH95	E12Y	0.5015	ambiguous
Q8NH95	F13A	0.7553	pathogenic
Q8NH95	F13C	0.569	pathogenic
Q8NH95	F13D	0.7317	pathogenic
Q8NH95	F13E	0.8098	pathogenic
Q8NH95	F13G	0.7566	pathogenic
Q8NH95	F13H	0.7739	pathogenic
Q8NH95	F13I	0.3566	ambiguous
Q8NH95	F13K	0.8366	pathogenic
Q8NH95	F13L	0.9333	pathogenic
Q8NH95	F13M	0.7312	pathogenic
Q8NH95	F13N	0.6364	pathogenic
Q8NH95	F13P	0.9668	pathogenic
Q8NH95	F13Q	0.8603	pathogenic
Q8NH95	F13R	0.7776	pathogenic
Q8NH95	F13S	0.6776	pathogenic
Q8NH95	F13T	0.7613	pathogenic
Q8NH95	F13V	0.4243	ambiguous
Q8NH95	F13W	0.61	pathogenic
Q8NH95	F13Y	0.2482	benign
Q8NH95	I14A	0.5241	ambiguous
Q8NH95	I14C	0.6357	pathogenic
Q8NH95	I14D	0.6038	pathogenic
Q8NH95	I14E	0.5734	pathogenic
Q8NH95	I14F	0.134	benign
Q8NH95	I14G	0.6958	pathogenic
Q8NH95	I14H	0.3572	ambiguous
Q8NH95	I14K	0.4523	ambiguous
Q8NH95	I14L	0.1228	benign
Q8NH95	I14M	0.1958	benign
Q8NH95	I14N	0.3038	benign
Q8NH95	I14P	0.6357	pathogenic
Q8NH95	I14Q	0.3798	ambiguous
Q8NH95	I14R	0.2521	benign
Q8NH95	I14S	0.3223	benign
Q8NH95	I14T	0.3649	ambiguous
Q8NH95	I14V	0.1117	benign
Q8NH95	I14W	0.6367	pathogenic
Q8NH95	I14Y	0.3843	ambiguous
Q8NH95	L15A	0.6407	pathogenic
Q8NH95	L15C	0.7238	pathogenic
Q8NH95	L15D	0.8758	pathogenic
Q8NH95	L15E	0.7559	pathogenic
Q8NH95	L15F	0.1456	benign
Q8NH95	L15G	0.779	pathogenic
Q8NH95	L15H	0.4442	ambiguous
Q8NH95	L15I	0.136	benign
Q8NH95	L15K	0.6053	pathogenic
Q8NH95	L15M	0.288	benign
Q8NH95	L15N	0.7515	pathogenic
Q8NH95	L15P	0.3719	ambiguous
Q8NH95	L15Q	0.4463	ambiguous
Q8NH95	L15R	0.3646	ambiguous
Q8NH95	L15S	0.6684	pathogenic
Q8NH95	L15T	0.5999	pathogenic
Q8NH95	L15V	0.2117	benign
Q8NH95	L15W	0.362	ambiguous
Q8NH95	L15Y	0.5494	ambiguous
Q8NH95	L16A	0.2084	benign
Q8NH95	L16C	0.5522	ambiguous
Q8NH95	L16D	0.5873	pathogenic
Q8NH95	L16E	0.2343	benign
Q8NH95	L16F	0.2077	benign
Q8NH95	L16G	0.3976	ambiguous
Q8NH95	L16H	0.2356	benign
Q8NH95	L16I	0.1466	benign
Q8NH95	L16K	0.2053	benign
Q8NH95	L16M	0.1588	benign
Q8NH95	L16N	0.4458	ambiguous
Q8NH95	L16P	0.2248	benign
Q8NH95	L16Q	0.1107	benign
Q8NH95	L16R	0.1308	benign
Q8NH95	L16S	0.2357	benign
Q8NH95	L16T	0.1752	benign
Q8NH95	L16V	0.1165	benign
Q8NH95	L16W	0.2464	benign
Q8NH95	L16Y	0.4816	ambiguous
Q8NH95	G17A	0.3657	ambiguous
Q8NH95	G17C	0.4379	ambiguous
Q8NH95	G17D	0.4349	ambiguous
Q8NH95	G17E	0.4626	ambiguous
Q8NH95	G17F	0.7535	pathogenic
Q8NH95	G17H	0.6457	pathogenic
Q8NH95	G17I	0.6124	pathogenic
Q8NH95	G17K	0.7547	pathogenic
Q8NH95	G17L	0.7031	pathogenic
Q8NH95	G17M	0.8283	pathogenic
Q8NH95	G17N	0.7301	pathogenic
Q8NH95	G17P	0.8064	pathogenic
Q8NH95	G17Q	0.6116	pathogenic
Q8NH95	G17R	0.5261	ambiguous
Q8NH95	G17S	0.2736	benign
Q8NH95	G17T	0.5237	ambiguous
Q8NH95	G17V	0.4521	ambiguous
Q8NH95	G17W	0.5162	ambiguous
Q8NH95	G17Y	0.6367	pathogenic
Q8NH95	L18A	0.556	ambiguous
Q8NH95	L18C	0.6791	pathogenic
Q8NH95	L18D	0.8234	pathogenic
Q8NH95	L18E	0.6631	pathogenic
Q8NH95	L18F	0.1137	benign
Q8NH95	L18G	0.6907	pathogenic
Q8NH95	L18H	0.4176	ambiguous
Q8NH95	L18I	0.139	benign
Q8NH95	L18K	0.5404	ambiguous
Q8NH95	L18M	0.2128	benign
Q8NH95	L18N	0.6751	pathogenic
Q8NH95	L18P	0.3373	benign
Q8NH95	L18Q	0.3912	ambiguous
Q8NH95	L18R	0.3426	ambiguous
Q8NH95	L18S	0.6217	pathogenic
Q8NH95	L18T	0.5676	pathogenic
Q8NH95	L18V	0.18	benign
Q8NH95	L18W	0.2689	benign
Q8NH95	L18Y	0.4625	ambiguous
Q8NH95	S19A	0.1168	benign
Q8NH95	S19C	0.2131	benign
Q8NH95	S19D	0.5728	pathogenic
Q8NH95	S19E	0.5642	pathogenic
Q8NH95	S19F	0.3369	benign
Q8NH95	S19G	0.1643	benign
Q8NH95	S19H	0.5177	ambiguous
Q8NH95	S19I	0.3927	ambiguous
Q8NH95	S19K	0.7993	pathogenic
Q8NH95	S19L	0.2027	benign
Q8NH95	S19M	0.3941	ambiguous
Q8NH95	S19N	0.4534	ambiguous
Q8NH95	S19P	0.1743	benign
Q8NH95	S19Q	0.6071	pathogenic
Q8NH95	S19R	0.6734	pathogenic
Q8NH95	S19T	0.1354	benign
Q8NH95	S19V	0.3487	ambiguous
Q8NH95	S19W	0.2947	benign
Q8NH95	S19Y	0.2797	benign
Q8NH95	A20C	0.4059	ambiguous
Q8NH95	A20D	0.1021	benign
Q8NH95	A20E	0.1424	benign
Q8NH95	A20F	0.2614	benign
Q8NH95	A20G	0.1021	benign
Q8NH95	A20H	0.2841	benign
Q8NH95	A20I	0.2246	benign
Q8NH95	A20K	0.2951	benign
Q8NH95	A20L	0.1695	benign
Q8NH95	A20M	0.27	benign
Q8NH95	A20N	0.1724	benign
Q8NH95	A20P	0.1487	benign
Q8NH95	A20Q	0.2092	benign
Q8NH95	A20R	0.2199	benign
Q8NH95	A20S	0.085	benign
Q8NH95	A20T	0.0862	benign
Q8NH95	A20V	0.1109	benign
Q8NH95	A20W	0.5359	ambiguous
Q8NH95	A20Y	0.3179	benign
Q8NH95	H21A	0.3156	benign
Q8NH95	H21C	0.2262	benign
Q8NH95	H21D	0.1694	benign
Q8NH95	H21E	0.2785	benign
Q8NH95	H21F	0.2895	benign
Q8NH95	H21G	0.3425	ambiguous
Q8NH95	H21I	0.3228	benign
Q8NH95	H21K	0.2754	benign
Q8NH95	H21L	0.1352	benign
Q8NH95	H21M	0.5431	ambiguous
Q8NH95	H21N	0.1253	benign
Q8NH95	H21P	0.1568	benign
Q8NH95	H21Q	0.2049	benign
Q8NH95	H21R	0.1247	benign
Q8NH95	H21S	0.2385	benign
Q8NH95	H21T	0.3221	benign
Q8NH95	H21V	0.2819	benign
Q8NH95	H21W	0.325	benign
Q8NH95	H21Y	0.0836	benign
Q8NH95	P22A	0.1551	benign
Q8NH95	P22C	0.5605	ambiguous
Q8NH95	P22D	0.4992	ambiguous
Q8NH95	P22E	0.3051	benign
Q8NH95	P22F	0.5862	pathogenic
Q8NH95	P22G	0.3484	ambiguous
Q8NH95	P22H	0.2288	benign
Q8NH95	P22I	0.4271	ambiguous
Q8NH95	P22K	0.2969	benign
Q8NH95	P22L	0.1675	benign
Q8NH95	P22M	0.4568	ambiguous
Q8NH95	P22N	0.4766	ambiguous
Q8NH95	P22Q	0.1818	benign
Q8NH95	P22R	0.1476	benign
Q8NH95	P22S	0.2084	benign
Q8NH95	P22T	0.1716	benign
Q8NH95	P22V	0.3094	benign
Q8NH95	P22W	0.4919	ambiguous
Q8NH95	P22Y	0.4945	ambiguous
Q8NH95	K23A	0.1237	benign
Q8NH95	K23C	0.502	ambiguous
Q8NH95	K23D	0.2249	benign
Q8NH95	K23E	0.0796	benign
Q8NH95	K23F	0.3887	ambiguous
Q8NH95	K23G	0.1816	benign
Q8NH95	K23H	0.1916	benign
Q8NH95	K23I	0.1551	benign
Q8NH95	K23L	0.1541	benign
Q8NH95	K23M	0.1319	benign
Q8NH95	K23N	0.2055	benign
Q8NH95	K23P	0.2723	benign
Q8NH95	K23Q	0.0905	benign
Q8NH95	K23R	0.0664	benign
Q8NH95	K23S	0.1863	benign
Q8NH95	K23T	0.0964	benign
Q8NH95	K23V	0.1298	benign
Q8NH95	K23W	0.4562	ambiguous
Q8NH95	K23Y	0.3265	benign
Q8NH95	L24A	0.175	benign
Q8NH95	L24C	0.6066	pathogenic
Q8NH95	L24D	0.5869	pathogenic
Q8NH95	L24E	0.2566	benign
Q8NH95	L24F	0.1993	benign
Q8NH95	L24G	0.3853	ambiguous
Q8NH95	L24H	0.2765	benign
Q8NH95	L24I	0.1338	benign
Q8NH95	L24K	0.2347	benign
Q8NH95	L24M	0.1207	benign
Q8NH95	L24N	0.4451	ambiguous
Q8NH95	L24P	0.1713	benign
Q8NH95	L24Q	0.1474	benign
Q8NH95	L24R	0.1605	benign
Q8NH95	L24S	0.2688	benign
Q8NH95	L24T	0.1602	benign
Q8NH95	L24V	0.1114	benign
Q8NH95	L24W	0.1531	benign
Q8NH95	L24Y	0.3889	ambiguous
Q8NH95	E25A	0.3044	benign
Q8NH95	E25C	0.8851	pathogenic
Q8NH95	E25D	0.5592	ambiguous
Q8NH95	E25F	0.9032	pathogenic
Q8NH95	E25G	0.2085	benign
Q8NH95	E25H	0.6443	pathogenic
Q8NH95	E25I	0.7121	pathogenic
Q8NH95	E25K	0.2425	benign
Q8NH95	E25L	0.605	pathogenic
Q8NH95	E25M	0.7449	pathogenic
Q8NH95	E25N	0.7002	pathogenic
Q8NH95	E25P	0.6967	pathogenic
Q8NH95	E25Q	0.1184	benign
Q8NH95	E25R	0.2668	benign
Q8NH95	E25S	0.4485	ambiguous
Q8NH95	E25T	0.5391	ambiguous
Q8NH95	E25V	0.4455	ambiguous
Q8NH95	E25W	0.8931	pathogenic
Q8NH95	E25Y	0.7907	pathogenic
Q8NH95	K26A	0.216	benign
Q8NH95	K26C	0.5863	pathogenic
Q8NH95	K26D	0.3481	ambiguous
Q8NH95	K26E	0.112	benign
Q8NH95	K26F	0.5222	ambiguous
Q8NH95	K26G	0.2453	benign
Q8NH95	K26H	0.3043	benign
Q8NH95	K26I	0.1761	benign
Q8NH95	K26L	0.2052	benign
Q8NH95	K26M	0.1273	benign
Q8NH95	K26N	0.2269	benign
Q8NH95	K26P	0.4441	ambiguous
Q8NH95	K26Q	0.1272	benign
Q8NH95	K26R	0.0865	benign
Q8NH95	K26S	0.2765	benign
Q8NH95	K26T	0.1203	benign
Q8NH95	K26V	0.182	benign
Q8NH95	K26W	0.5509	ambiguous
Q8NH95	K26Y	0.3791	ambiguous
Q8NH95	T27A	0.0792	benign
Q8NH95	T27C	0.3452	ambiguous
Q8NH95	T27D	0.343	ambiguous
Q8NH95	T27E	0.3237	benign
Q8NH95	T27F	0.1723	benign
Q8NH95	T27G	0.1941	benign
Q8NH95	T27H	0.25	benign
Q8NH95	T27I	0.0885	benign
Q8NH95	T27K	0.2591	benign
Q8NH95	T27L	0.0885	benign
Q8NH95	T27M	0.0864	benign
Q8NH95	T27N	0.1184	benign
Q8NH95	T27P	0.085	benign
Q8NH95	T27Q	0.2881	benign
Q8NH95	T27R	0.2049	benign
Q8NH95	T27S	0.1209	benign
Q8NH95	T27V	0.1199	benign
Q8NH95	T27W	0.3971	ambiguous
Q8NH95	T27Y	0.1885	benign
Q8NH95	F28A	0.3121	benign
Q8NH95	F28C	0.1664	benign
Q8NH95	F28D	0.7257	pathogenic
Q8NH95	F28E	0.802	pathogenic
Q8NH95	F28G	0.5205	ambiguous
Q8NH95	F28H	0.6274	pathogenic
Q8NH95	F28I	0.1213	benign
Q8NH95	F28K	0.829	pathogenic
Q8NH95	F28L	0.5848	pathogenic
Q8NH95	F28M	0.4463	ambiguous
Q8NH95	F28N	0.5562	ambiguous
Q8NH95	F28P	0.8234	pathogenic
Q8NH95	F28Q	0.7509	pathogenic
Q8NH95	F28R	0.6535	pathogenic
Q8NH95	F28S	0.249	benign
Q8NH95	F28T	0.3847	ambiguous
Q8NH95	F28V	0.1187	benign
Q8NH95	F28W	0.4511	ambiguous
Q8NH95	F28Y	0.16	benign
Q8NH95	F29A	0.2723	benign
Q8NH95	F29C	0.2876	benign
Q8NH95	F29D	0.7641	pathogenic
Q8NH95	F29E	0.8359	pathogenic
Q8NH95	F29G	0.4947	ambiguous
Q8NH95	F29H	0.5982	pathogenic
Q8NH95	F29I	0.2767	benign
Q8NH95	F29K	0.8457	pathogenic
Q8NH95	F29L	0.7544	pathogenic
Q8NH95	F29M	0.6278	pathogenic
Q8NH95	F29N	0.6582	pathogenic
Q8NH95	F29P	0.7469	pathogenic
Q8NH95	F29Q	0.7408	pathogenic
Q8NH95	F29R	0.6473	pathogenic
Q8NH95	F29S	0.1785	benign
Q8NH95	F29T	0.3373	benign
Q8NH95	F29V	0.2297	benign
Q8NH95	F29W	0.5537	ambiguous
Q8NH95	F29Y	0.2803	benign
Q8NH95	V30A	0.1415	benign
Q8NH95	V30C	0.4355	ambiguous
Q8NH95	V30D	0.3676	ambiguous
Q8NH95	V30E	0.4388	ambiguous
Q8NH95	V30F	0.0917	benign
Q8NH95	V30G	0.1212	benign
Q8NH95	V30H	0.5083	ambiguous
Q8NH95	V30I	0.0912	benign
Q8NH95	V30K	0.5177	ambiguous
Q8NH95	V30L	0.1052	benign
Q8NH95	V30M	0.1471	benign
Q8NH95	V30N	0.321	benign
Q8NH95	V30P	0.3461	ambiguous
Q8NH95	V30Q	0.4032	ambiguous
Q8NH95	V30R	0.3906	ambiguous
Q8NH95	V30S	0.1671	benign
Q8NH95	V30T	0.2079	benign
Q8NH95	V30W	0.5527	ambiguous
Q8NH95	V30Y	0.3987	ambiguous
Q8NH95	L31A	0.2877	benign
Q8NH95	L31C	0.4069	ambiguous
Q8NH95	L31D	0.7348	pathogenic
Q8NH95	L31E	0.5533	ambiguous
Q8NH95	L31F	0.1198	benign
Q8NH95	L31G	0.4267	ambiguous
Q8NH95	L31H	0.3758	ambiguous
Q8NH95	L31I	0.1202	benign
Q8NH95	L31K	0.5057	ambiguous
Q8NH95	L31M	0.1454	benign
Q8NH95	L31N	0.4843	ambiguous
Q8NH95	L31P	0.2087	benign
Q8NH95	L31Q	0.293	benign
Q8NH95	L31R	0.3619	ambiguous
Q8NH95	L31S	0.297	benign
Q8NH95	L31T	0.2757	benign
Q8NH95	L31V	0.1193	benign
Q8NH95	L31W	0.2275	benign
Q8NH95	L31Y	0.4533	ambiguous
Q8NH95	I32A	0.5251	ambiguous
Q8NH95	I32C	0.5336	ambiguous
Q8NH95	I32D	0.7356	pathogenic
Q8NH95	I32E	0.7827	pathogenic
Q8NH95	I32F	0.1483	benign
Q8NH95	I32G	0.6128	pathogenic
Q8NH95	I32H	0.5444	ambiguous
Q8NH95	I32K	0.6819	pathogenic
Q8NH95	I32L	0.1272	benign
Q8NH95	I32M	0.19	benign
Q8NH95	I32N	0.2852	benign
Q8NH95	I32P	0.6054	pathogenic
Q8NH95	I32Q	0.597	pathogenic
Q8NH95	I32R	0.5299	ambiguous
Q8NH95	I32S	0.2882	benign
Q8NH95	I32T	0.4139	ambiguous
Q8NH95	I32V	0.1659	benign
Q8NH95	I32W	0.72	pathogenic
Q8NH95	I32Y	0.4717	ambiguous
Q8NH95	L33A	0.2892	benign
Q8NH95	L33C	0.4723	ambiguous
Q8NH95	L33D	0.8249	pathogenic
Q8NH95	L33E	0.65	pathogenic
Q8NH95	L33F	0.1161	benign
Q8NH95	L33G	0.4482	ambiguous
Q8NH95	L33H	0.3915	ambiguous
Q8NH95	L33I	0.1558	benign
Q8NH95	L33K	0.6042	pathogenic
Q8NH95	L33M	0.1839	benign
Q8NH95	L33N	0.5592	ambiguous
Q8NH95	L33P	0.3697	ambiguous
Q8NH95	L33Q	0.3259	benign
Q8NH95	L33R	0.4296	ambiguous
Q8NH95	L33S	0.2416	benign
Q8NH95	L33T	0.2819	benign
Q8NH95	L33V	0.1526	benign
Q8NH95	L33W	0.3219	benign
Q8NH95	L33Y	0.503	ambiguous
Q8NH95	L34A	0.1496	benign
Q8NH95	L34C	0.3177	benign
Q8NH95	L34D	0.667	pathogenic
Q8NH95	L34E	0.4926	ambiguous
Q8NH95	L34F	0.114	benign
Q8NH95	L34G	0.2291	benign
Q8NH95	L34H	0.363	ambiguous
Q8NH95	L34I	0.1132	benign
Q8NH95	L34K	0.5315	ambiguous
Q8NH95	L34M	0.1257	benign
Q8NH95	L34N	0.3854	ambiguous
Q8NH95	L34P	0.1982	benign
Q8NH95	L34Q	0.2825	benign
Q8NH95	L34R	0.4322	ambiguous
Q8NH95	L34S	0.147	benign
Q8NH95	L34T	0.1563	benign
Q8NH95	L34V	0.1005	benign
Q8NH95	L34W	0.2201	benign
Q8NH95	L34Y	0.4214	ambiguous
Q8NH95	M35A	0.3253	benign
Q8NH95	M35C	0.6081	pathogenic
Q8NH95	M35D	0.7465	pathogenic
Q8NH95	M35E	0.5294	ambiguous
Q8NH95	M35F	0.3479	ambiguous
Q8NH95	M35G	0.4637	ambiguous
Q8NH95	M35H	0.6069	pathogenic
Q8NH95	M35I	0.4022	ambiguous
Q8NH95	M35K	0.328	benign
Q8NH95	M35L	0.1242	benign
Q8NH95	M35N	0.4159	ambiguous
Q8NH95	M35P	0.5546	ambiguous
Q8NH95	M35Q	0.3327	benign
Q8NH95	M35R	0.3285	benign
Q8NH95	M35S	0.3012	benign
Q8NH95	M35T	0.1274	benign
Q8NH95	M35V	0.1204	benign
Q8NH95	M35W	0.6255	pathogenic
Q8NH95	M35Y	0.6932	pathogenic
Q8NH95	Y36A	0.7456	pathogenic
Q8NH95	Y36C	0.3774	ambiguous
Q8NH95	Y36D	0.4242	ambiguous
Q8NH95	Y36E	0.8643	pathogenic
Q8NH95	Y36F	0.2364	benign
Q8NH95	Y36G	0.6041	pathogenic
Q8NH95	Y36H	0.5316	ambiguous
Q8NH95	Y36I	0.7421	pathogenic
Q8NH95	Y36K	0.8916	pathogenic
Q8NH95	Y36L	0.6251	pathogenic
Q8NH95	Y36M	0.8305	pathogenic
Q8NH95	Y36N	0.3255	benign
Q8NH95	Y36P	0.8007	pathogenic
Q8NH95	Y36Q	0.8692	pathogenic
Q8NH95	Y36R	0.8556	pathogenic
Q8NH95	Y36S	0.4094	ambiguous
Q8NH95	Y36T	0.7266	pathogenic
Q8NH95	Y36V	0.6593	pathogenic
Q8NH95	Y36W	0.6848	pathogenic
Q8NH95	L37A	0.1697	benign
Q8NH95	L37C	0.3845	ambiguous
Q8NH95	L37D	0.7287	pathogenic
Q8NH95	L37E	0.4898	ambiguous
Q8NH95	L37F	0.1275	benign
Q8NH95	L37G	0.3331	benign
Q8NH95	L37H	0.3427	ambiguous
Q8NH95	L37I	0.1036	benign
Q8NH95	L37K	0.4795	ambiguous
Q8NH95	L37M	0.1158	benign
Q8NH95	L37N	0.4498	ambiguous
Q8NH95	L37P	0.2843	benign
Q8NH95	L37Q	0.2628	benign
Q8NH95	L37R	0.3503	ambiguous
Q8NH95	L37S	0.1857	benign
Q8NH95	L37T	0.1502	benign
Q8NH95	L37V	0.0971	benign
Q8NH95	L37W	0.2572	benign
Q8NH95	L37Y	0.4903	ambiguous
Q8NH95	V38A	0.1781	benign
Q8NH95	V38C	0.5777	pathogenic
Q8NH95	V38D	0.3951	ambiguous
Q8NH95	V38E	0.4278	ambiguous
Q8NH95	V38F	0.1217	benign
Q8NH95	V38G	0.1601	benign
Q8NH95	V38H	0.6446	pathogenic
Q8NH95	V38I	0.0938	benign
Q8NH95	V38K	0.6068	pathogenic
Q8NH95	V38L	0.1432	benign
Q8NH95	V38M	0.1441	benign
Q8NH95	V38N	0.3312	benign
Q8NH95	V38P	0.5018	ambiguous
Q8NH95	V38Q	0.4508	ambiguous
Q8NH95	V38R	0.5607	ambiguous
Q8NH95	V38S	0.2197	benign
Q8NH95	V38T	0.2332	benign
Q8NH95	V38W	0.6954	pathogenic
Q8NH95	V38Y	0.541	ambiguous
Q8NH95	I39A	0.5277	ambiguous
Q8NH95	I39C	0.7545	pathogenic
Q8NH95	I39D	0.6957	pathogenic
Q8NH95	I39E	0.7697	pathogenic
Q8NH95	I39F	0.2414	benign
Q8NH95	I39G	0.7135	pathogenic
Q8NH95	I39H	0.6181	pathogenic
Q8NH95	I39K	0.7099	pathogenic
Q8NH95	I39L	0.2356	benign
Q8NH95	I39M	0.2006	benign
Q8NH95	I39N	0.2172	benign
Q8NH95	I39P	0.6924	pathogenic
Q8NH95	I39Q	0.6652	pathogenic
Q8NH95	I39R	0.5809	pathogenic
Q8NH95	I39S	0.2627	benign
Q8NH95	I39T	0.3067	benign
Q8NH95	I39V	0.1892	benign
Q8NH95	I39W	0.8447	pathogenic
Q8NH95	I39Y	0.5924	pathogenic
Q8NH95	L40A	0.5052	ambiguous
Q8NH95	L40C	0.6147	pathogenic
Q8NH95	L40D	0.8861	pathogenic
Q8NH95	L40E	0.7143	pathogenic
Q8NH95	L40F	0.1706	benign
Q8NH95	L40G	0.71	pathogenic
Q8NH95	L40H	0.4778	ambiguous
Q8NH95	L40I	0.1289	benign
Q8NH95	L40K	0.6505	pathogenic
Q8NH95	L40M	0.2239	benign
Q8NH95	L40N	0.6886	pathogenic
Q8NH95	L40P	0.4044	ambiguous
Q8NH95	L40Q	0.4137	ambiguous
Q8NH95	L40R	0.4657	ambiguous
Q8NH95	L40S	0.4955	ambiguous
Q8NH95	L40T	0.443	ambiguous
Q8NH95	L40V	0.1418	benign
Q8NH95	L40W	0.4092	ambiguous
Q8NH95	L40Y	0.6175	pathogenic
Q8NH95	L41A	0.1435	benign
Q8NH95	L41C	0.3816	ambiguous
Q8NH95	L41D	0.731	pathogenic
Q8NH95	L41E	0.4961	ambiguous
Q8NH95	L41F	0.1245	benign
Q8NH95	L41G	0.2914	benign
Q8NH95	L41H	0.3242	benign
Q8NH95	L41I	0.1535	benign
Q8NH95	L41K	0.4714	ambiguous
Q8NH95	L41M	0.133	benign
Q8NH95	L41N	0.4983	ambiguous
Q8NH95	L41P	0.217	benign
Q8NH95	L41Q	0.242	benign
Q8NH95	L41R	0.3358	benign
Q8NH95	L41S	0.1672	benign
Q8NH95	L41T	0.131	benign
Q8NH95	L41V	0.1314	benign
Q8NH95	L41W	0.2043	benign
Q8NH95	L41Y	0.4859	ambiguous
Q8NH95	G42A	0.2969	benign
Q8NH95	G42C	0.2954	benign
Q8NH95	G42D	0.5178	ambiguous
Q8NH95	G42E	0.4141	ambiguous
Q8NH95	G42F	0.7359	pathogenic
Q8NH95	G42H	0.7449	pathogenic
Q8NH95	G42I	0.593	pathogenic
Q8NH95	G42K	0.7459	pathogenic
Q8NH95	G42L	0.6509	pathogenic
Q8NH95	G42M	0.75	pathogenic
Q8NH95	G42N	0.7101	pathogenic
Q8NH95	G42P	0.8763	pathogenic
Q8NH95	G42Q	0.5793	pathogenic
Q8NH95	G42R	0.522	ambiguous
Q8NH95	G42S	0.2127	benign
Q8NH95	G42T	0.4437	ambiguous
Q8NH95	G42V	0.4298	ambiguous
Q8NH95	G42W	0.3952	ambiguous
Q8NH95	G42Y	0.6985	pathogenic
Q8NH95	N43A	0.7176	pathogenic
Q8NH95	N43C	0.5549	ambiguous
Q8NH95	N43D	0.4495	ambiguous
Q8NH95	N43E	0.8011	pathogenic
Q8NH95	N43F	0.8523	pathogenic
Q8NH95	N43G	0.6945	pathogenic
Q8NH95	N43H	0.318	benign
Q8NH95	N43I	0.5616	ambiguous
Q8NH95	N43K	0.6154	pathogenic
Q8NH95	N43L	0.6817	pathogenic
Q8NH95	N43M	0.7169	pathogenic
Q8NH95	N43P	0.852	pathogenic
Q8NH95	N43Q	0.7778	pathogenic
Q8NH95	N43R	0.6277	pathogenic
Q8NH95	N43S	0.2055	benign
Q8NH95	N43T	0.4498	ambiguous
Q8NH95	N43V	0.6634	pathogenic
Q8NH95	N43W	0.8882	pathogenic
Q8NH95	N43Y	0.3673	ambiguous
Q8NH95	G44A	0.0981	benign
Q8NH95	G44C	0.1697	benign
Q8NH95	G44D	0.4925	ambiguous
Q8NH95	G44E	0.4451	ambiguous
Q8NH95	G44F	0.4576	ambiguous
Q8NH95	G44H	0.5832	pathogenic
Q8NH95	G44I	0.2087	benign
Q8NH95	G44K	0.6743	pathogenic
Q8NH95	G44L	0.3286	benign
Q8NH95	G44M	0.3786	ambiguous
Q8NH95	G44N	0.5028	ambiguous
Q8NH95	G44P	0.8772	pathogenic
Q8NH95	G44Q	0.5551	ambiguous
Q8NH95	G44R	0.4457	ambiguous
Q8NH95	G44S	0.0923	benign
Q8NH95	G44T	0.1406	benign
Q8NH95	G44V	0.1451	benign
Q8NH95	G44W	0.3227	benign
Q8NH95	G44Y	0.451	ambiguous
Q8NH95	V45A	0.1527	benign
Q8NH95	V45C	0.5363	ambiguous
Q8NH95	V45D	0.3657	ambiguous
Q8NH95	V45E	0.4187	ambiguous
Q8NH95	V45F	0.1136	benign
Q8NH95	V45G	0.1522	benign
Q8NH95	V45H	0.5872	pathogenic
Q8NH95	V45I	0.0783	benign
Q8NH95	V45K	0.477	ambiguous
Q8NH95	V45L	0.1293	benign
Q8NH95	V45M	0.1177	benign
Q8NH95	V45N	0.2788	benign
Q8NH95	V45P	0.5814	pathogenic
Q8NH95	V45Q	0.4138	ambiguous
Q8NH95	V45R	0.4215	ambiguous
Q8NH95	V45S	0.1884	benign
Q8NH95	V45T	0.1832	benign
Q8NH95	V45W	0.6707	pathogenic
Q8NH95	V45Y	0.5059	ambiguous
Q8NH95	L46A	0.5062	ambiguous
Q8NH95	L46C	0.6554	pathogenic
Q8NH95	L46D	0.833	pathogenic
Q8NH95	L46E	0.6668	pathogenic
Q8NH95	L46F	0.2247	benign
Q8NH95	L46G	0.6908	pathogenic
Q8NH95	L46H	0.4661	ambiguous
Q8NH95	L46I	0.1322	benign
Q8NH95	L46K	0.5555	ambiguous
Q8NH95	L46M	0.1858	benign
Q8NH95	L46N	0.5952	pathogenic
Q8NH95	L46P	0.3885	ambiguous
Q8NH95	L46Q	0.3849	ambiguous
Q8NH95	L46R	0.4092	ambiguous
Q8NH95	L46S	0.5222	ambiguous
Q8NH95	L46T	0.4339	ambiguous
Q8NH95	L46V	0.1752	benign
Q8NH95	L46W	0.4422	ambiguous
Q8NH95	L46Y	0.6608	pathogenic
Q8NH95	I47A	0.62	pathogenic
Q8NH95	I47C	0.6799	pathogenic
Q8NH95	I47D	0.8286	pathogenic
Q8NH95	I47E	0.839	pathogenic
Q8NH95	I47F	0.1719	benign
Q8NH95	I47G	0.7118	pathogenic
Q8NH95	I47H	0.5832	pathogenic
Q8NH95	I47K	0.6993	pathogenic
Q8NH95	I47L	0.1087	benign
Q8NH95	I47M	0.1632	benign
Q8NH95	I47N	0.4046	ambiguous
Q8NH95	I47P	0.7137	pathogenic
Q8NH95	I47Q	0.6399	pathogenic
Q8NH95	I47R	0.5471	ambiguous
Q8NH95	I47S	0.404	ambiguous
Q8NH95	I47T	0.5357	ambiguous
Q8NH95	I47V	0.1858	benign
Q8NH95	I47W	0.7056	pathogenic
Q8NH95	I47Y	0.5236	ambiguous
Q8NH95	L48A	0.1971	benign
Q8NH95	L48C	0.363	ambiguous
Q8NH95	L48D	0.744	pathogenic
Q8NH95	L48E	0.5354	ambiguous
Q8NH95	L48F	0.0989	benign
Q8NH95	L48G	0.3422	ambiguous
Q8NH95	L48H	0.3077	benign
Q8NH95	L48I	0.1054	benign
Q8NH95	L48K	0.4364	ambiguous
Q8NH95	L48M	0.1262	benign
Q8NH95	L48N	0.4797	ambiguous
Q8NH95	L48P	0.3115	benign
Q8NH95	L48Q	0.2604	benign
Q8NH95	L48R	0.2918	benign
Q8NH95	L48S	0.2146	benign
Q8NH95	L48T	0.1928	benign
Q8NH95	L48V	0.1036	benign
Q8NH95	L48W	0.1752	benign
Q8NH95	L48Y	0.3745	ambiguous
Q8NH95	M49A	0.2331	benign
Q8NH95	M49C	0.6228	pathogenic
Q8NH95	M49D	0.7038	pathogenic
Q8NH95	M49E	0.418	ambiguous
Q8NH95	M49F	0.309	benign
Q8NH95	M49G	0.4106	ambiguous
Q8NH95	M49H	0.5777	pathogenic
Q8NH95	M49I	0.2095	benign
Q8NH95	M49K	0.3191	benign
Q8NH95	M49L	0.1067	benign
Q8NH95	M49N	0.4735	ambiguous
Q8NH95	M49P	0.5971	pathogenic
Q8NH95	M49Q	0.291	benign
Q8NH95	M49R	0.3208	benign
Q8NH95	M49S	0.3288	benign
Q8NH95	M49T	0.1659	benign
Q8NH95	M49V	0.0631	benign
Q8NH95	M49W	0.5725	pathogenic
Q8NH95	M49Y	0.6416	pathogenic
Q8NH95	T50A	0.1082	benign
Q8NH95	T50C	0.5171	ambiguous
Q8NH95	T50D	0.5766	pathogenic
Q8NH95	T50E	0.5319	ambiguous
Q8NH95	T50F	0.3991	ambiguous
Q8NH95	T50G	0.3588	ambiguous
Q8NH95	T50H	0.3924	ambiguous
Q8NH95	T50I	0.165	benign
Q8NH95	T50K	0.4041	ambiguous
Q8NH95	T50L	0.1677	benign
Q8NH95	T50M	0.1011	benign
Q8NH95	T50N	0.2073	benign
Q8NH95	T50P	0.1477	benign
Q8NH95	T50Q	0.4299	ambiguous
Q8NH95	T50R	0.3066	benign
Q8NH95	T50S	0.1956	benign
Q8NH95	T50V	0.1842	benign
Q8NH95	T50W	0.6919	pathogenic
Q8NH95	T50Y	0.3835	ambiguous
Q8NH95	V51A	0.1235	benign
Q8NH95	V51C	0.5234	ambiguous
Q8NH95	V51D	0.3199	benign
Q8NH95	V51E	0.3224	benign
Q8NH95	V51F	0.0977	benign
Q8NH95	V51G	0.162	benign
Q8NH95	V51H	0.4288	ambiguous
Q8NH95	V51I	0.0735	benign
Q8NH95	V51K	0.2886	benign
Q8NH95	V51L	0.1216	benign
Q8NH95	V51M	0.1174	benign
Q8NH95	V51N	0.2516	benign
Q8NH95	V51P	0.4896	ambiguous
Q8NH95	V51Q	0.2975	benign
Q8NH95	V51R	0.2157	benign
Q8NH95	V51S	0.1813	benign
Q8NH95	V51T	0.1747	benign
Q8NH95	V51W	0.5286	ambiguous
Q8NH95	V51Y	0.3634	ambiguous
Q8NH95	S52A	0.0874	benign
Q8NH95	S52C	0.0875	benign
Q8NH95	S52D	0.4173	ambiguous
Q8NH95	S52E	0.4472	ambiguous
Q8NH95	S52F	0.132	benign
Q8NH95	S52G	0.1091	benign
Q8NH95	S52H	0.2566	benign
Q8NH95	S52I	0.1452	benign
Q8NH95	S52K	0.4928	ambiguous
Q8NH95	S52L	0.0766	benign
Q8NH95	S52M	0.1796	benign
Q8NH95	S52N	0.2242	benign
Q8NH95	S52P	0.2395	benign
Q8NH95	S52Q	0.3474	ambiguous
Q8NH95	S52R	0.3341	benign
Q8NH95	S52T	0.0903	benign
Q8NH95	S52V	0.1438	benign
Q8NH95	S52W	0.1344	benign
Q8NH95	S52Y	0.1317	benign
Q8NH95	N53A	0.2137	benign
Q8NH95	N53C	0.2798	benign
Q8NH95	N53D	0.0526	benign
Q8NH95	N53E	0.3105	benign
Q8NH95	N53F	0.5165	ambiguous
Q8NH95	N53G	0.2574	benign
Q8NH95	N53H	0.1075	benign
Q8NH95	N53I	0.2416	benign
Q8NH95	N53K	0.3472	ambiguous
Q8NH95	N53L	0.3032	benign
Q8NH95	N53M	0.446	ambiguous
Q8NH95	N53P	0.4814	ambiguous
Q8NH95	N53Q	0.3029	benign
Q8NH95	N53R	0.2939	benign
Q8NH95	N53S	0.0775	benign
Q8NH95	N53T	0.1606	benign
Q8NH95	N53V	0.2202	benign
Q8NH95	N53W	0.7068	pathogenic
Q8NH95	N53Y	0.1634	benign
Q8NH95	S54A	0.08	benign
Q8NH95	S54C	0.0938	benign
Q8NH95	S54D	0.2661	benign
Q8NH95	S54E	0.3165	benign
Q8NH95	S54F	0.1781	benign
Q8NH95	S54G	0.0941	benign
Q8NH95	S54H	0.1924	benign
Q8NH95	S54I	0.1431	benign
Q8NH95	S54K	0.3864	ambiguous
Q8NH95	S54L	0.1226	benign
Q8NH95	S54M	0.2372	benign
Q8NH95	S54N	0.1689	benign
Q8NH95	S54P	0.0715	benign
Q8NH95	S54Q	0.2938	benign
Q8NH95	S54R	0.2503	benign
Q8NH95	S54T	0.0863	benign
Q8NH95	S54V	0.1519	benign
Q8NH95	S54W	0.1584	benign
Q8NH95	S54Y	0.1342	benign
Q8NH95	H55A	0.2165	benign
Q8NH95	H55C	0.1136	benign
Q8NH95	H55D	0.1536	benign
Q8NH95	H55E	0.257	benign
Q8NH95	H55F	0.3023	benign
Q8NH95	H55G	0.2081	benign
Q8NH95	H55I	0.2796	benign
Q8NH95	H55K	0.2059	benign
Q8NH95	H55L	0.1168	benign
Q8NH95	H55M	0.4902	ambiguous
Q8NH95	H55N	0.1209	benign
Q8NH95	H55P	0.1181	benign
Q8NH95	H55Q	0.1527	benign
Q8NH95	H55R	0.0701	benign
Q8NH95	H55S	0.1649	benign
Q8NH95	H55T	0.2273	benign
Q8NH95	H55V	0.2298	benign
Q8NH95	H55W	0.267	benign
Q8NH95	H55Y	0.112	benign
Q8NH95	L56A	0.5516	ambiguous
Q8NH95	L56C	0.6603	pathogenic
Q8NH95	L56D	0.8166	pathogenic
Q8NH95	L56E	0.6084	pathogenic
Q8NH95	L56F	0.2269	benign
Q8NH95	L56G	0.6308	pathogenic
Q8NH95	L56H	0.3581	ambiguous
Q8NH95	L56I	0.2381	benign
Q8NH95	L56K	0.4532	ambiguous
Q8NH95	L56M	0.2495	benign
Q8NH95	L56N	0.6738	pathogenic
Q8NH95	L56P	0.3042	benign
Q8NH95	L56Q	0.2942	benign
Q8NH95	L56R	0.2646	benign
Q8NH95	L56S	0.569	pathogenic
Q8NH95	L56T	0.5257	ambiguous
Q8NH95	L56V	0.2514	benign
Q8NH95	L56W	0.3065	benign
Q8NH95	L56Y	0.5649	pathogenic
Q8NH95	H57A	0.4112	ambiguous
Q8NH95	H57C	0.2338	benign
Q8NH95	H57D	0.3192	benign
Q8NH95	H57E	0.4218	ambiguous
Q8NH95	H57F	0.4869	ambiguous
Q8NH95	H57G	0.3389	benign
Q8NH95	H57I	0.5522	ambiguous
Q8NH95	H57K	0.3164	benign
Q8NH95	H57L	0.1678	benign
Q8NH95	H57M	0.6824	pathogenic
Q8NH95	H57N	0.1983	benign
Q8NH95	H57P	0.1515	benign
Q8NH95	H57Q	0.2511	benign
Q8NH95	H57R	0.1197	benign
Q8NH95	H57S	0.324	benign
Q8NH95	H57T	0.4377	ambiguous
Q8NH95	H57V	0.4507	ambiguous
Q8NH95	H57W	0.4038	ambiguous
Q8NH95	H57Y	0.1579	benign
Q8NH95	M58A	0.1869	benign
Q8NH95	M58C	0.5924	pathogenic
Q8NH95	M58D	0.4853	ambiguous
Q8NH95	M58E	0.2233	benign
Q8NH95	M58F	0.379	ambiguous
Q8NH95	M58G	0.3857	ambiguous
Q8NH95	M58H	0.2466	benign
Q8NH95	M58I	0.2594	benign
Q8NH95	M58K	0.0839	benign
Q8NH95	M58L	0.1438	benign
Q8NH95	M58N	0.2276	benign
Q8NH95	M58P	0.5023	ambiguous
Q8NH95	M58Q	0.1229	benign
Q8NH95	M58R	0.0967	benign
Q8NH95	M58S	0.1452	benign
Q8NH95	M58T	0.0607	benign
Q8NH95	M58V	0.0911	benign
Q8NH95	M58W	0.5676	pathogenic
Q8NH95	M58Y	0.5064	ambiguous
Q8NH95	P59A	0.2709	benign
Q8NH95	P59C	0.8378	pathogenic
Q8NH95	P59D	0.8108	pathogenic
Q8NH95	P59E	0.7039	pathogenic
Q8NH95	P59F	0.8425	pathogenic
Q8NH95	P59G	0.684	pathogenic
Q8NH95	P59H	0.513	ambiguous
Q8NH95	P59I	0.6998	pathogenic
Q8NH95	P59K	0.7094	pathogenic
Q8NH95	P59L	0.2887	benign
Q8NH95	P59M	0.7408	pathogenic
Q8NH95	P59N	0.7975	pathogenic
Q8NH95	P59Q	0.4974	ambiguous
Q8NH95	P59R	0.4287	ambiguous
Q8NH95	P59S	0.4408	ambiguous
Q8NH95	P59T	0.3602	ambiguous
Q8NH95	P59V	0.5769	pathogenic
Q8NH95	P59W	0.851	pathogenic
Q8NH95	P59Y	0.7942	pathogenic
Q8NH95	M60A	0.4114	ambiguous
Q8NH95	M60C	0.8021	pathogenic
Q8NH95	M60D	0.8106	pathogenic
Q8NH95	M60E	0.4908	ambiguous
Q8NH95	M60F	0.5683	pathogenic
Q8NH95	M60G	0.593	pathogenic
Q8NH95	M60H	0.6063	pathogenic
Q8NH95	M60I	0.6273	pathogenic
Q8NH95	M60K	0.1981	benign
Q8NH95	M60L	0.2073	benign
Q8NH95	M60N	0.6115	pathogenic
Q8NH95	M60P	0.6369	pathogenic
Q8NH95	M60Q	0.2636	benign
Q8NH95	M60R	0.1747	benign
Q8NH95	M60S	0.4376	ambiguous
Q8NH95	M60T	0.2133	benign
Q8NH95	M60V	0.106	benign
Q8NH95	M60W	0.732	pathogenic
Q8NH95	M60Y	0.7913	pathogenic
Q8NH95	Y61A	0.6806	pathogenic
Q8NH95	Y61C	0.3638	ambiguous
Q8NH95	Y61D	0.4748	ambiguous
Q8NH95	Y61E	0.8801	pathogenic
Q8NH95	Y61F	0.2172	benign
Q8NH95	Y61G	0.5976	pathogenic
Q8NH95	Y61H	0.5323	ambiguous
Q8NH95	Y61I	0.6783	pathogenic
Q8NH95	Y61K	0.8741	pathogenic
Q8NH95	Y61L	0.594	pathogenic
Q8NH95	Y61M	0.7957	pathogenic
Q8NH95	Y61N	0.3374	benign
Q8NH95	Y61P	0.7617	pathogenic
Q8NH95	Y61Q	0.8509	pathogenic
Q8NH95	Y61R	0.7571	pathogenic
Q8NH95	Y61S	0.406	ambiguous
Q8NH95	Y61T	0.6669	pathogenic
Q8NH95	Y61V	0.5685	pathogenic
Q8NH95	Y61W	0.6096	pathogenic
Q8NH95	F62A	0.5056	ambiguous
Q8NH95	F62C	0.2696	benign
Q8NH95	F62D	0.7413	pathogenic
Q8NH95	F62E	0.86	pathogenic
Q8NH95	F62G	0.6969	pathogenic
Q8NH95	F62H	0.566	pathogenic
Q8NH95	F62I	0.1249	benign
Q8NH95	F62K	0.8205	pathogenic
Q8NH95	F62L	0.766	pathogenic
Q8NH95	F62M	0.5884	pathogenic
Q8NH95	F62N	0.6265	pathogenic
Q8NH95	F62P	0.892	pathogenic
Q8NH95	F62Q	0.766	pathogenic
Q8NH95	F62R	0.6093	pathogenic
Q8NH95	F62S	0.3784	ambiguous
Q8NH95	F62T	0.4913	ambiguous
Q8NH95	F62V	0.1348	benign
Q8NH95	F62W	0.4793	ambiguous
Q8NH95	F62Y	0.1424	benign
Q8NH95	F63A	0.7215	pathogenic
Q8NH95	F63C	0.4529	ambiguous
Q8NH95	F63D	0.8968	pathogenic
Q8NH95	F63E	0.9443	pathogenic
Q8NH95	F63G	0.8405	pathogenic
Q8NH95	F63H	0.7114	pathogenic
Q8NH95	F63I	0.3625	ambiguous
Q8NH95	F63K	0.9303	pathogenic
Q8NH95	F63L	0.7692	pathogenic
Q8NH95	F63M	0.7897	pathogenic
Q8NH95	F63N	0.8273	pathogenic
Q8NH95	F63P	0.8764	pathogenic
Q8NH95	F63Q	0.8591	pathogenic
Q8NH95	F63R	0.7911	pathogenic
Q8NH95	F63S	0.5167	ambiguous
Q8NH95	F63T	0.7438	pathogenic
Q8NH95	F63V	0.409	ambiguous
Q8NH95	F63W	0.6792	pathogenic
Q8NH95	F63Y	0.3688	ambiguous
Q8NH95	L64A	0.5079	ambiguous
Q8NH95	L64C	0.7022	pathogenic
Q8NH95	L64D	0.9045	pathogenic
Q8NH95	L64E	0.7124	pathogenic
Q8NH95	L64F	0.275	benign
Q8NH95	L64G	0.7538	pathogenic
Q8NH95	L64H	0.4432	ambiguous
Q8NH95	L64I	0.1826	benign
Q8NH95	L64K	0.5988	pathogenic
Q8NH95	L64M	0.2883	benign
Q8NH95	L64N	0.8056	pathogenic
Q8NH95	L64P	0.2568	benign
Q8NH95	L64Q	0.3879	ambiguous
Q8NH95	L64R	0.3278	benign
Q8NH95	L64S	0.5296	ambiguous
Q8NH95	L64T	0.4398	ambiguous
Q8NH95	L64V	0.2175	benign
Q8NH95	L64W	0.3507	ambiguous
Q8NH95	L64Y	0.7255	pathogenic
Q8NH95	G65A	0.1628	benign
Q8NH95	G65C	0.1742	benign
Q8NH95	G65D	0.4495	ambiguous
Q8NH95	G65E	0.2968	benign
Q8NH95	G65F	0.6143	pathogenic
Q8NH95	G65H	0.4543	ambiguous
Q8NH95	G65I	0.4008	ambiguous
Q8NH95	G65K	0.4691	ambiguous
Q8NH95	G65L	0.4435	ambiguous
Q8NH95	G65M	0.5511	ambiguous
Q8NH95	G65N	0.5262	ambiguous
Q8NH95	G65P	0.8541	pathogenic
Q8NH95	G65Q	0.3196	benign
Q8NH95	G65R	0.2392	benign
Q8NH95	G65S	0.1456	benign
Q8NH95	G65T	0.2548	benign
Q8NH95	G65V	0.2591	benign
Q8NH95	G65W	0.279	benign
Q8NH95	G65Y	0.4494	ambiguous
Q8NH95	N66A	0.4752	ambiguous
Q8NH95	N66C	0.3063	benign
Q8NH95	N66D	0.4249	ambiguous
Q8NH95	N66E	0.7171	pathogenic
Q8NH95	N66F	0.6118	pathogenic
Q8NH95	N66G	0.5138	ambiguous
Q8NH95	N66H	0.1385	benign
Q8NH95	N66I	0.2373	benign
Q8NH95	N66K	0.5784	pathogenic
Q8NH95	N66L	0.3605	ambiguous
Q8NH95	N66M	0.4654	ambiguous
Q8NH95	N66P	0.6766	pathogenic
Q8NH95	N66Q	0.5534	ambiguous
Q8NH95	N66R	0.5892	pathogenic
Q8NH95	N66S	0.1291	benign
Q8NH95	N66T	0.2587	benign
Q8NH95	N66V	0.3201	benign
Q8NH95	N66W	0.7593	pathogenic
Q8NH95	N66Y	0.178	benign
Q8NH95	L67A	0.6159	pathogenic
Q8NH95	L67C	0.7078	pathogenic
Q8NH95	L67D	0.8615	pathogenic
Q8NH95	L67E	0.6813	pathogenic
Q8NH95	L67F	0.2405	benign
Q8NH95	L67G	0.7405	pathogenic
Q8NH95	L67H	0.4093	ambiguous
Q8NH95	L67I	0.2152	benign
Q8NH95	L67K	0.4896	ambiguous
Q8NH95	L67M	0.2728	benign
Q8NH95	L67N	0.7452	pathogenic
Q8NH95	L67P	0.4432	ambiguous
Q8NH95	L67Q	0.3864	ambiguous
Q8NH95	L67R	0.2939	benign
Q8NH95	L67S	0.6292	pathogenic
Q8NH95	L67T	0.5581	ambiguous
Q8NH95	L67V	0.2333	benign
Q8NH95	L67W	0.4402	ambiguous
Q8NH95	L67Y	0.6067	pathogenic
Q8NH95	S68A	0.1184	benign
Q8NH95	S68C	0.2022	benign
Q8NH95	S68D	0.8858	pathogenic
Q8NH95	S68E	0.9059	pathogenic
Q8NH95	S68F	0.5026	ambiguous
Q8NH95	S68G	0.2735	benign
Q8NH95	S68H	0.7457	pathogenic
Q8NH95	S68I	0.5282	ambiguous
Q8NH95	S68K	0.9693	pathogenic
Q8NH95	S68L	0.2455	benign
Q8NH95	S68M	0.6299	pathogenic
Q8NH95	S68N	0.7242	pathogenic
Q8NH95	S68P	0.2944	benign
Q8NH95	S68Q	0.8544	pathogenic
Q8NH95	S68R	0.8963	pathogenic
Q8NH95	S68T	0.3185	benign
Q8NH95	S68V	0.549	ambiguous
Q8NH95	S68W	0.5024	ambiguous
Q8NH95	S68Y	0.4637	ambiguous
Q8NH95	F69A	0.4126	ambiguous
Q8NH95	F69C	0.2204	benign
Q8NH95	F69D	0.8792	pathogenic
Q8NH95	F69E	0.925	pathogenic
Q8NH95	F69G	0.6116	pathogenic
Q8NH95	F69H	0.7683	pathogenic
Q8NH95	F69I	0.1147	benign
Q8NH95	F69K	0.9059	pathogenic
Q8NH95	F69L	0.5952	pathogenic
Q8NH95	F69M	0.4535	ambiguous
Q8NH95	F69N	0.7545	pathogenic
Q8NH95	F69P	0.8977	pathogenic
Q8NH95	F69Q	0.8592	pathogenic
Q8NH95	F69R	0.7944	pathogenic
Q8NH95	F69S	0.3395	benign
Q8NH95	F69T	0.4676	ambiguous
Q8NH95	F69V	0.1205	benign
Q8NH95	F69W	0.5482	ambiguous
Q8NH95	F69Y	0.2932	benign
Q8NH95	L70A	0.4645	ambiguous
Q8NH95	L70C	0.6883	pathogenic
Q8NH95	L70D	0.9019	pathogenic
Q8NH95	L70E	0.6648	pathogenic
Q8NH95	L70F	0.3421	ambiguous
Q8NH95	L70G	0.6818	pathogenic
Q8NH95	L70H	0.4746	ambiguous
Q8NH95	L70I	0.2129	benign
Q8NH95	L70K	0.5864	pathogenic
Q8NH95	L70M	0.2323	benign
Q8NH95	L70N	0.7521	pathogenic
Q8NH95	L70P	0.3082	benign
Q8NH95	L70Q	0.3202	benign
Q8NH95	L70R	0.3492	ambiguous
Q8NH95	L70S	0.4398	ambiguous
Q8NH95	L70T	0.3672	ambiguous
Q8NH95	L70V	0.1972	benign
Q8NH95	L70W	0.3961	ambiguous
Q8NH95	L70Y	0.7659	pathogenic
Q8NH95	D71A	0.5975	pathogenic
Q8NH95	D71C	0.857	pathogenic
Q8NH95	D71E	0.6158	pathogenic
Q8NH95	D71F	0.8202	pathogenic
Q8NH95	D71G	0.4643	ambiguous
Q8NH95	D71H	0.5614	ambiguous
Q8NH95	D71I	0.7672	pathogenic
Q8NH95	D71K	0.8512	pathogenic
Q8NH95	D71L	0.7039	pathogenic
Q8NH95	D71M	0.9329	pathogenic
Q8NH95	D71N	0.4843	ambiguous
Q8NH95	D71P	0.8647	pathogenic
Q8NH95	D71Q	0.7756	pathogenic
Q8NH95	D71R	0.7465	pathogenic
Q8NH95	D71S	0.5129	ambiguous
Q8NH95	D71T	0.7831	pathogenic
Q8NH95	D71V	0.5569	ambiguous
Q8NH95	D71W	0.9269	pathogenic
Q8NH95	D71Y	0.378	ambiguous
Q8NH95	I72A	0.4895	ambiguous
Q8NH95	I72C	0.6804	pathogenic
Q8NH95	I72D	0.7984	pathogenic
Q8NH95	I72E	0.8378	pathogenic
Q8NH95	I72F	0.2061	benign
Q8NH95	I72G	0.7338	pathogenic
Q8NH95	I72H	0.6896	pathogenic
Q8NH95	I72K	0.7102	pathogenic
Q8NH95	I72L	0.1557	benign
Q8NH95	I72M	0.1545	benign
Q8NH95	I72N	0.3744	ambiguous
Q8NH95	I72P	0.8194	pathogenic
Q8NH95	I72Q	0.7493	pathogenic
Q8NH95	I72R	0.5606	ambiguous
Q8NH95	I72S	0.3535	ambiguous
Q8NH95	I72T	0.3395	benign
Q8NH95	I72V	0.1356	benign
Q8NH95	I72W	0.8008	pathogenic
Q8NH95	I72Y	0.645	pathogenic
Q8NH95	C73A	0.4309	ambiguous
Q8NH95	C73D	0.8602	pathogenic
Q8NH95	C73E	0.9293	pathogenic
Q8NH95	C73F	0.1872	benign
Q8NH95	C73G	0.1798	benign
Q8NH95	C73H	0.6621	pathogenic
Q8NH95	C73I	0.5336	ambiguous
Q8NH95	C73K	0.9314	pathogenic
Q8NH95	C73L	0.3745	ambiguous
Q8NH95	C73M	0.6955	pathogenic
Q8NH95	C73N	0.7191	pathogenic
Q8NH95	C73P	0.7847	pathogenic
Q8NH95	C73Q	0.8019	pathogenic
Q8NH95	C73R	0.6064	pathogenic
Q8NH95	C73S	0.2748	benign
Q8NH95	C73T	0.5252	ambiguous
Q8NH95	C73V	0.5035	ambiguous
Q8NH95	C73W	0.3713	ambiguous
Q8NH95	C73Y	0.3687	ambiguous
Q8NH95	Y74A	0.5287	ambiguous
Q8NH95	Y74C	0.1396	benign
Q8NH95	Y74D	0.3284	benign
Q8NH95	Y74E	0.7599	pathogenic
Q8NH95	Y74F	0.1291	benign
Q8NH95	Y74G	0.3794	ambiguous
Q8NH95	Y74H	0.3115	benign
Q8NH95	Y74I	0.5484	ambiguous
Q8NH95	Y74K	0.7595	pathogenic
Q8NH95	Y74L	0.4178	ambiguous
Q8NH95	Y74M	0.6713	pathogenic
Q8NH95	Y74N	0.2777	benign
Q8NH95	Y74P	0.8051	pathogenic
Q8NH95	Y74Q	0.6519	pathogenic
Q8NH95	Y74R	0.5814	pathogenic
Q8NH95	Y74S	0.2169	benign
Q8NH95	Y74T	0.5142	ambiguous
Q8NH95	Y74V	0.4489	ambiguous
Q8NH95	Y74W	0.4635	ambiguous
Q8NH95	T75A	0.1289	benign
Q8NH95	T75C	0.5828	pathogenic
Q8NH95	T75D	0.7462	pathogenic
Q8NH95	T75E	0.6911	pathogenic
Q8NH95	T75F	0.524	ambiguous
Q8NH95	T75G	0.4549	ambiguous
Q8NH95	T75H	0.518	ambiguous
Q8NH95	T75I	0.29	benign
Q8NH95	T75K	0.5112	ambiguous
Q8NH95	T75L	0.2164	benign
Q8NH95	T75M	0.1414	benign
Q8NH95	T75N	0.3282	benign
Q8NH95	T75P	0.1489	benign
Q8NH95	T75Q	0.5252	ambiguous
Q8NH95	T75R	0.3713	ambiguous
Q8NH95	T75S	0.202	benign
Q8NH95	T75V	0.2626	benign
Q8NH95	T75W	0.8206	pathogenic
Q8NH95	T75Y	0.5744	pathogenic
Q8NH95	T76A	0.091	benign
Q8NH95	T76C	0.4874	ambiguous
Q8NH95	T76D	0.7457	pathogenic
Q8NH95	T76E	0.7325	pathogenic
Q8NH95	T76F	0.3941	ambiguous
Q8NH95	T76G	0.3338	benign
Q8NH95	T76H	0.5054	ambiguous
Q8NH95	T76I	0.3857	ambiguous
Q8NH95	T76K	0.5898	pathogenic
Q8NH95	T76L	0.2145	benign
Q8NH95	T76M	0.1448	benign
Q8NH95	T76N	0.3441	ambiguous
Q8NH95	T76P	0.2249	benign
Q8NH95	T76Q	0.5433	ambiguous
Q8NH95	T76R	0.4223	ambiguous
Q8NH95	T76S	0.1238	benign
Q8NH95	T76V	0.3005	benign
Q8NH95	T76W	0.7328	pathogenic
Q8NH95	T76Y	0.5182	ambiguous
Q8NH95	S77A	0.0837	benign
Q8NH95	S77C	0.1397	benign
Q8NH95	S77D	0.7281	pathogenic
Q8NH95	S77E	0.8129	pathogenic
Q8NH95	S77F	0.3366	benign
Q8NH95	S77G	0.1194	benign
Q8NH95	S77H	0.6662	pathogenic
Q8NH95	S77I	0.2418	benign
Q8NH95	S77K	0.9173	pathogenic
Q8NH95	S77L	0.1803	benign
Q8NH95	S77M	0.3756	ambiguous
Q8NH95	S77N	0.3772	ambiguous
Q8NH95	S77P	0.3567	ambiguous
Q8NH95	S77Q	0.7925	pathogenic
Q8NH95	S77R	0.8293	pathogenic
Q8NH95	S77T	0.1003	benign
Q8NH95	S77V	0.2128	benign
Q8NH95	S77W	0.4577	ambiguous
Q8NH95	S77Y	0.3246	benign
Q8NH95	S78A	0.0874	benign
Q8NH95	S78C	0.1474	benign
Q8NH95	S78D	0.7669	pathogenic
Q8NH95	S78E	0.8051	pathogenic
Q8NH95	S78F	0.2843	benign
Q8NH95	S78G	0.1678	benign
Q8NH95	S78H	0.6491	pathogenic
Q8NH95	S78I	0.2719	benign
Q8NH95	S78K	0.9286	pathogenic
Q8NH95	S78L	0.1973	benign
Q8NH95	S78M	0.3629	ambiguous
Q8NH95	S78N	0.4662	ambiguous
Q8NH95	S78P	0.3475	ambiguous
Q8NH95	S78Q	0.7998	pathogenic
Q8NH95	S78R	0.8588	pathogenic
Q8NH95	S78T	0.1168	benign
Q8NH95	S78V	0.2472	benign
Q8NH95	S78W	0.3923	ambiguous
Q8NH95	S78Y	0.2769	benign
Q8NH95	V79A	0.3242	benign
Q8NH95	V79C	0.8061	pathogenic
Q8NH95	V79D	0.6391	pathogenic
Q8NH95	V79E	0.6383	pathogenic
Q8NH95	V79F	0.2384	benign
Q8NH95	V79G	0.3714	ambiguous
Q8NH95	V79H	0.8255	pathogenic
Q8NH95	V79I	0.091	benign
Q8NH95	V79K	0.7435	pathogenic
Q8NH95	V79L	0.2546	benign
Q8NH95	V79M	0.2033	benign
Q8NH95	V79N	0.5743	pathogenic
Q8NH95	V79P	0.7257	pathogenic
Q8NH95	V79Q	0.6514	pathogenic
Q8NH95	V79R	0.6784	pathogenic
Q8NH95	V79S	0.4195	ambiguous
Q8NH95	V79T	0.414	ambiguous
Q8NH95	V79W	0.8871	pathogenic
Q8NH95	V79Y	0.7273	pathogenic
Q8NH95	P80A	0.3514	ambiguous
Q8NH95	P80C	0.775	pathogenic
Q8NH95	P80D	0.8479	pathogenic
Q8NH95	P80E	0.7744	pathogenic
Q8NH95	P80F	0.7143	pathogenic
Q8NH95	P80G	0.6904	pathogenic
Q8NH95	P80H	0.4659	ambiguous
Q8NH95	P80I	0.6344	pathogenic
Q8NH95	P80K	0.7719	pathogenic
Q8NH95	P80L	0.2568	benign
Q8NH95	P80M	0.7091	pathogenic
Q8NH95	P80N	0.7992	pathogenic
Q8NH95	P80Q	0.5451	ambiguous
Q8NH95	P80R	0.4875	ambiguous
Q8NH95	P80S	0.4062	ambiguous
Q8NH95	P80T	0.3524	ambiguous
Q8NH95	P80V	0.5496	ambiguous
Q8NH95	P80W	0.8105	pathogenic
Q8NH95	P80Y	0.7344	pathogenic
Q8NH95	L81A	0.1803	benign
Q8NH95	L81C	0.4319	ambiguous
Q8NH95	L81D	0.6156	pathogenic
Q8NH95	L81E	0.3664	ambiguous
Q8NH95	L81F	0.1491	benign
Q8NH95	L81G	0.3445	ambiguous
Q8NH95	L81H	0.1775	benign
Q8NH95	L81I	0.1133	benign
Q8NH95	L81K	0.1724	benign
Q8NH95	L81M	0.1307	benign
Q8NH95	L81N	0.3085	benign
Q8NH95	L81P	0.1664	benign
Q8NH95	L81Q	0.1246	benign
Q8NH95	L81R	0.114	benign
Q8NH95	L81S	0.2	benign
Q8NH95	L81T	0.2038	benign
Q8NH95	L81V	0.0973	benign
Q8NH95	L81W	0.2293	benign
Q8NH95	L81Y	0.3366	benign
Q8NH95	I82A	0.4763	ambiguous
Q8NH95	I82C	0.6888	pathogenic
Q8NH95	I82D	0.7847	pathogenic
Q8NH95	I82E	0.772	pathogenic
Q8NH95	I82F	0.1887	benign
Q8NH95	I82G	0.7215	pathogenic
Q8NH95	I82H	0.5753	pathogenic
Q8NH95	I82K	0.6729	pathogenic
Q8NH95	I82L	0.0996	benign
Q8NH95	I82M	0.1204	benign
Q8NH95	I82N	0.3806	ambiguous
Q8NH95	I82P	0.6899	pathogenic
Q8NH95	I82Q	0.5716	pathogenic
Q8NH95	I82R	0.5209	ambiguous
Q8NH95	I82S	0.3354	benign
Q8NH95	I82T	0.3897	ambiguous
Q8NH95	I82V	0.1428	benign
Q8NH95	I82W	0.7725	pathogenic
Q8NH95	I82Y	0.5433	ambiguous
Q8NH95	L83A	0.3964	ambiguous
Q8NH95	L83C	0.7045	pathogenic
Q8NH95	L83D	0.9085	pathogenic
Q8NH95	L83E	0.6615	pathogenic
Q8NH95	L83F	0.2995	benign
Q8NH95	L83G	0.6662	pathogenic
Q8NH95	L83H	0.5288	ambiguous
Q8NH95	L83I	0.2107	benign
Q8NH95	L83K	0.5567	ambiguous
Q8NH95	L83M	0.1866	benign
Q8NH95	L83N	0.8048	pathogenic
Q8NH95	L83P	0.3052	benign
Q8NH95	L83Q	0.3764	ambiguous
Q8NH95	L83R	0.3612	ambiguous
Q8NH95	L83S	0.5117	ambiguous
Q8NH95	L83T	0.3612	ambiguous
Q8NH95	L83V	0.2079	benign
Q8NH95	L83W	0.409	ambiguous
Q8NH95	L83Y	0.7496	pathogenic
Q8NH95	D84A	0.1016	benign
Q8NH95	D84C	0.341	ambiguous
Q8NH95	D84E	0.1671	benign
Q8NH95	D84F	0.3179	benign
Q8NH95	D84G	0.0992	benign
Q8NH95	D84H	0.1237	benign
Q8NH95	D84I	0.2105	benign
Q8NH95	D84K	0.2558	benign
Q8NH95	D84L	0.2166	benign
Q8NH95	D84M	0.4503	ambiguous
Q8NH95	D84N	0.1059	benign
Q8NH95	D84P	0.5312	ambiguous
Q8NH95	D84Q	0.2082	benign
Q8NH95	D84R	0.2077	benign
Q8NH95	D84S	0.0966	benign
Q8NH95	D84T	0.1853	benign
Q8NH95	D84V	0.1224	benign
Q8NH95	D84W	0.6111	pathogenic
Q8NH95	D84Y	0.1057	benign
Q8NH95	S85A	0.1382	benign
Q8NH95	S85C	0.1298	benign
Q8NH95	S85D	0.3298	benign
Q8NH95	S85E	0.5867	pathogenic
Q8NH95	S85F	0.4111	ambiguous
Q8NH95	S85G	0.0726	benign
Q8NH95	S85H	0.3311	benign
Q8NH95	S85I	0.1743	benign
Q8NH95	S85K	0.716	pathogenic
Q8NH95	S85L	0.2427	benign
Q8NH95	S85M	0.3449	ambiguous
Q8NH95	S85N	0.1465	benign
Q8NH95	S85P	0.4815	ambiguous
Q8NH95	S85Q	0.584	pathogenic
Q8NH95	S85R	0.5394	ambiguous
Q8NH95	S85T	0.111	benign
Q8NH95	S85V	0.2363	benign
Q8NH95	S85W	0.4249	ambiguous
Q8NH95	S85Y	0.2542	benign
Q8NH95	F86A	0.594	pathogenic
Q8NH95	F86C	0.341	ambiguous
Q8NH95	F86D	0.8082	pathogenic
Q8NH95	F86E	0.861	pathogenic
Q8NH95	F86G	0.7708	pathogenic
Q8NH95	F86H	0.6443	pathogenic
Q8NH95	F86I	0.1994	benign
Q8NH95	F86K	0.8489	pathogenic
Q8NH95	F86L	0.7529	pathogenic
Q8NH95	F86M	0.576	pathogenic
Q8NH95	F86N	0.6821	pathogenic
Q8NH95	F86P	0.8996	pathogenic
Q8NH95	F86Q	0.7835	pathogenic
Q8NH95	F86R	0.7157	pathogenic
Q8NH95	F86S	0.4293	ambiguous
Q8NH95	F86T	0.585	pathogenic
Q8NH95	F86V	0.2292	benign
Q8NH95	F86W	0.6139	pathogenic
Q8NH95	F86Y	0.2766	benign
Q8NH95	L87A	0.3175	benign
Q8NH95	L87C	0.4379	ambiguous
Q8NH95	L87D	0.7478	pathogenic
Q8NH95	L87E	0.4877	ambiguous
Q8NH95	L87F	0.1329	benign
Q8NH95	L87G	0.4796	ambiguous
Q8NH95	L87H	0.2503	benign
Q8NH95	L87I	0.1263	benign
Q8NH95	L87K	0.3785	ambiguous
Q8NH95	L87M	0.1739	benign
Q8NH95	L87N	0.5383	ambiguous
Q8NH95	L87P	0.308	benign
Q8NH95	L87Q	0.1991	benign
Q8NH95	L87R	0.1929	benign
Q8NH95	L87S	0.3008	benign
Q8NH95	L87T	0.3253	benign
Q8NH95	L87V	0.1239	benign
Q8NH95	L87W	0.1922	benign
Q8NH95	L87Y	0.424	ambiguous
Q8NH95	T88A	0.0842	benign
Q8NH95	T88C	0.3788	ambiguous
Q8NH95	T88D	0.2963	benign
Q8NH95	T88E	0.2395	benign
Q8NH95	T88F	0.1644	benign
Q8NH95	T88G	0.1822	benign
Q8NH95	T88H	0.1511	benign
Q8NH95	T88I	0.1322	benign
Q8NH95	T88K	0.132	benign
Q8NH95	T88L	0.0832	benign
Q8NH95	T88M	0.0848	benign
Q8NH95	T88N	0.1101	benign
Q8NH95	T88P	0.1106	benign
Q8NH95	T88Q	0.1508	benign
Q8NH95	T88R	0.0979	benign
Q8NH95	T88S	0.1009	benign
Q8NH95	T88V	0.1445	benign
Q8NH95	T88W	0.3784	ambiguous
Q8NH95	T88Y	0.1972	benign
Q8NH95	P89A	0.0806	benign
Q8NH95	P89C	0.3796	ambiguous
Q8NH95	P89D	0.21	benign
Q8NH95	P89E	0.1477	benign
Q8NH95	P89F	0.3915	ambiguous
Q8NH95	P89G	0.1731	benign
Q8NH95	P89H	0.1242	benign
Q8NH95	P89I	0.2638	benign
Q8NH95	P89K	0.1646	benign
Q8NH95	P89L	0.1279	benign
Q8NH95	P89M	0.2866	benign
Q8NH95	P89N	0.2009	benign
Q8NH95	P89Q	0.1063	benign
Q8NH95	P89R	0.1016	benign
Q8NH95	P89S	0.0933	benign
Q8NH95	P89T	0.0917	benign
Q8NH95	P89V	0.1816	benign
Q8NH95	P89W	0.385	ambiguous
Q8NH95	P89Y	0.2829	benign
Q8NH95	R90A	0.2303	benign
Q8NH95	R90C	0.1654	benign
Q8NH95	R90D	0.3231	benign
Q8NH95	R90E	0.1724	benign
Q8NH95	R90F	0.4185	ambiguous
Q8NH95	R90G	0.1054	benign
Q8NH95	R90H	0.1044	benign
Q8NH95	R90I	0.2281	benign
Q8NH95	R90K	0.0997	benign
Q8NH95	R90L	0.1823	benign
Q8NH95	R90M	0.2237	benign
Q8NH95	R90N	0.3233	benign
Q8NH95	R90P	0.2884	benign
Q8NH95	R90Q	0.0823	benign
Q8NH95	R90S	0.2372	benign
Q8NH95	R90T	0.1582	benign
Q8NH95	R90V	0.2635	benign
Q8NH95	R90W	0.142	benign
Q8NH95	R90Y	0.323	benign
Q8NH95	K91A	0.3488	ambiguous
Q8NH95	K91C	0.6983	pathogenic
Q8NH95	K91D	0.499	ambiguous
Q8NH95	K91E	0.1761	benign
Q8NH95	K91F	0.7656	pathogenic
Q8NH95	K91G	0.3279	benign
Q8NH95	K91H	0.3323	benign
Q8NH95	K91I	0.4482	ambiguous
Q8NH95	K91L	0.3878	ambiguous
Q8NH95	K91M	0.283	benign
Q8NH95	K91N	0.36	ambiguous
Q8NH95	K91P	0.4572	ambiguous
Q8NH95	K91Q	0.1565	benign
Q8NH95	K91R	0.0892	benign
Q8NH95	K91S	0.3959	ambiguous
Q8NH95	K91T	0.2237	benign
Q8NH95	K91V	0.4137	ambiguous
Q8NH95	K91W	0.7567	pathogenic
Q8NH95	K91Y	0.5664	pathogenic
Q8NH95	T92A	0.0932	benign
Q8NH95	T92C	0.5148	ambiguous
Q8NH95	T92D	0.355	ambiguous
Q8NH95	T92E	0.2742	benign
Q8NH95	T92F	0.2942	benign
Q8NH95	T92G	0.2384	benign
Q8NH95	T92H	0.2477	benign
Q8NH95	T92I	0.1819	benign
Q8NH95	T92K	0.1976	benign
Q8NH95	T92L	0.1579	benign
Q8NH95	T92M	0.1158	benign
Q8NH95	T92N	0.133	benign
Q8NH95	T92P	0.1275	benign
Q8NH95	T92Q	0.227	benign
Q8NH95	T92R	0.1344	benign
Q8NH95	T92S	0.1411	benign
Q8NH95	T92V	0.1787	benign
Q8NH95	T92W	0.5844	pathogenic
Q8NH95	T92Y	0.284	benign
Q8NH95	I93A	0.575	pathogenic
Q8NH95	I93C	0.8699	pathogenic
Q8NH95	I93D	0.8222	pathogenic
Q8NH95	I93E	0.799	pathogenic
Q8NH95	I93F	0.2564	benign
Q8NH95	I93G	0.8	pathogenic
Q8NH95	I93H	0.7354	pathogenic
Q8NH95	I93K	0.7014	pathogenic
Q8NH95	I93L	0.2052	benign
Q8NH95	I93M	0.2223	benign
Q8NH95	I93N	0.4623	ambiguous
Q8NH95	I93P	0.7058	pathogenic
Q8NH95	I93Q	0.708	pathogenic
Q8NH95	I93R	0.5162	ambiguous
Q8NH95	I93S	0.4685	ambiguous
Q8NH95	I93T	0.5316	ambiguous
Q8NH95	I93V	0.1246	benign
Q8NH95	I93W	0.8426	pathogenic
Q8NH95	I93Y	0.6599	pathogenic
Q8NH95	S94A	0.1256	benign
Q8NH95	S94C	0.1987	benign
Q8NH95	S94D	0.5788	pathogenic
Q8NH95	S94E	0.7156	pathogenic
Q8NH95	S94F	0.3246	benign
Q8NH95	S94G	0.1631	benign
Q8NH95	S94H	0.4757	ambiguous
Q8NH95	S94I	0.3415	ambiguous
Q8NH95	S94K	0.8464	pathogenic
Q8NH95	S94L	0.1743	benign
Q8NH95	S94M	0.3987	ambiguous
Q8NH95	S94N	0.404	ambiguous
Q8NH95	S94P	0.1183	benign
Q8NH95	S94Q	0.6904	pathogenic
Q8NH95	S94R	0.7119	pathogenic
Q8NH95	S94T	0.1222	benign
Q8NH95	S94V	0.3278	benign
Q8NH95	S94W	0.3688	ambiguous
Q8NH95	S94Y	0.2821	benign
Q8NH95	F95A	0.5497	ambiguous
Q8NH95	F95C	0.5046	ambiguous
Q8NH95	F95D	0.7603	pathogenic
Q8NH95	F95E	0.8244	pathogenic
Q8NH95	F95G	0.7116	pathogenic
Q8NH95	F95H	0.6694	pathogenic
Q8NH95	F95I	0.2068	benign
Q8NH95	F95K	0.814	pathogenic
Q8NH95	F95L	0.7918	pathogenic
Q8NH95	F95M	0.6339	pathogenic
Q8NH95	F95N	0.705	pathogenic
Q8NH95	F95P	0.7903	pathogenic
Q8NH95	F95Q	0.7879	pathogenic
Q8NH95	F95R	0.6544	pathogenic
Q8NH95	F95S	0.431	ambiguous
Q8NH95	F95T	0.611	pathogenic
Q8NH95	F95V	0.205	benign
Q8NH95	F95W	0.5342	ambiguous
Q8NH95	F95Y	0.1745	benign
Q8NH95	S96A	0.083	benign
Q8NH95	S96C	0.1356	benign
Q8NH95	S96D	0.3662	ambiguous
Q8NH95	S96E	0.3517	ambiguous
Q8NH95	S96F	0.1741	benign
Q8NH95	S96G	0.0929	benign
Q8NH95	S96H	0.2702	benign
Q8NH95	S96I	0.1778	benign
Q8NH95	S96K	0.5144	ambiguous
Q8NH95	S96L	0.1119	benign
Q8NH95	S96M	0.2411	benign
Q8NH95	S96N	0.2155	benign
Q8NH95	S96P	0.0725	benign
Q8NH95	S96Q	0.3657	ambiguous
Q8NH95	S96R	0.3727	ambiguous
Q8NH95	S96T	0.089	benign
Q8NH95	S96V	0.1674	benign
Q8NH95	S96W	0.1817	benign
Q8NH95	S96Y	0.1453	benign
Q8NH95	A97C	0.3521	ambiguous
Q8NH95	A97D	0.1988	benign
Q8NH95	A97E	0.232	benign
Q8NH95	A97F	0.293	benign
Q8NH95	A97G	0.0648	benign
Q8NH95	A97H	0.3603	ambiguous
Q8NH95	A97I	0.2814	benign
Q8NH95	A97K	0.3778	ambiguous
Q8NH95	A97L	0.1837	benign
Q8NH95	A97M	0.2956	benign
Q8NH95	A97N	0.2407	benign
Q8NH95	A97P	0.2729	benign
Q8NH95	A97Q	0.2646	benign
Q8NH95	A97R	0.2455	benign
Q8NH95	A97S	0.0934	benign
Q8NH95	A97T	0.0972	benign
Q8NH95	A97V	0.1371	benign
Q8NH95	A97W	0.514	ambiguous
Q8NH95	A97Y	0.3691	ambiguous
Q8NH95	C98A	0.5983	pathogenic
Q8NH95	C98D	0.8052	pathogenic
Q8NH95	C98E	0.9166	pathogenic
Q8NH95	C98F	0.2611	benign
Q8NH95	C98G	0.319	benign
Q8NH95	C98H	0.7103	pathogenic
Q8NH95	C98I	0.798	pathogenic
Q8NH95	C98K	0.9194	pathogenic
Q8NH95	C98L	0.6724	pathogenic
Q8NH95	C98M	0.8413	pathogenic
Q8NH95	C98N	0.7686	pathogenic
Q8NH95	C98P	0.8667	pathogenic
Q8NH95	C98Q	0.8462	pathogenic
Q8NH95	C98R	0.5516	ambiguous
Q8NH95	C98S	0.4481	ambiguous
Q8NH95	C98T	0.7277	pathogenic
Q8NH95	C98V	0.6637	pathogenic
Q8NH95	C98W	0.5628	ambiguous
Q8NH95	C98Y	0.4456	ambiguous
Q8NH95	A99C	0.4584	ambiguous
Q8NH95	A99D	0.5673	pathogenic
Q8NH95	A99E	0.5057	ambiguous
Q8NH95	A99F	0.2741	benign
Q8NH95	A99G	0.1657	benign
Q8NH95	A99H	0.6411	pathogenic
Q8NH95	A99I	0.2551	benign
Q8NH95	A99K	0.6792	pathogenic
Q8NH95	A99L	0.1938	benign
Q8NH95	A99M	0.2407	benign
Q8NH95	A99N	0.5169	ambiguous
Q8NH95	A99P	0.4223	ambiguous
Q8NH95	A99Q	0.5525	ambiguous
Q8NH95	A99R	0.5269	ambiguous
Q8NH95	A99S	0.1328	benign
Q8NH95	A99T	0.1134	benign
Q8NH95	A99V	0.1304	benign
Q8NH95	A99W	0.6902	pathogenic
Q8NH95	A99Y	0.528	ambiguous
Q8NH95	V100A	0.1163	benign
Q8NH95	V100C	0.5607	ambiguous
Q8NH95	V100D	0.412	ambiguous
Q8NH95	V100E	0.3752	ambiguous
Q8NH95	V100F	0.1147	benign
Q8NH95	V100G	0.1077	benign
Q8NH95	V100H	0.5843	pathogenic
Q8NH95	V100I	0.0921	benign
Q8NH95	V100K	0.4243	ambiguous
Q8NH95	V100L	0.1347	benign
Q8NH95	V100M	0.1142	benign
Q8NH95	V100N	0.3257	benign
Q8NH95	V100P	0.569	pathogenic
Q8NH95	V100Q	0.3466	ambiguous
Q8NH95	V100R	0.3309	benign
Q8NH95	V100S	0.1594	benign
Q8NH95	V100T	0.1507	benign
Q8NH95	V100W	0.6055	pathogenic
Q8NH95	V100Y	0.5122	ambiguous
Q8NH95	Q101A	0.5103	ambiguous
Q8NH95	Q101C	0.904	pathogenic
Q8NH95	Q101D	0.787	pathogenic
Q8NH95	Q101E	0.1581	benign
Q8NH95	Q101F	0.8962	pathogenic
Q8NH95	Q101G	0.4759	ambiguous
Q8NH95	Q101H	0.6329	pathogenic
Q8NH95	Q101I	0.7419	pathogenic
Q8NH95	Q101K	0.2902	benign
Q8NH95	Q101L	0.3025	benign
Q8NH95	Q101M	0.683	pathogenic
Q8NH95	Q101N	0.6648	pathogenic
Q8NH95	Q101P	0.2401	benign
Q8NH95	Q101R	0.2674	benign
Q8NH95	Q101S	0.5402	ambiguous
Q8NH95	Q101T	0.5476	ambiguous
Q8NH95	Q101V	0.6087	pathogenic
Q8NH95	Q101W	0.7987	pathogenic
Q8NH95	Q101Y	0.8498	pathogenic
Q8NH95	M102A	0.6066	pathogenic
Q8NH95	M102C	0.7464	pathogenic
Q8NH95	M102D	0.8741	pathogenic
Q8NH95	M102E	0.7296	pathogenic
Q8NH95	M102F	0.4639	ambiguous
Q8NH95	M102G	0.6699	pathogenic
Q8NH95	M102H	0.6807	pathogenic
Q8NH95	M102I	0.5879	pathogenic
Q8NH95	M102K	0.4022	ambiguous
Q8NH95	M102L	0.1676	benign
Q8NH95	M102N	0.5832	pathogenic
Q8NH95	M102P	0.8393	pathogenic
Q8NH95	M102Q	0.498	ambiguous
Q8NH95	M102R	0.3842	ambiguous
Q8NH95	M102S	0.6025	pathogenic
Q8NH95	M102T	0.4509	ambiguous
Q8NH95	M102V	0.1872	benign
Q8NH95	M102W	0.7427	pathogenic
Q8NH95	M102Y	0.6719	pathogenic
Q8NH95	F103A	0.3077	benign
Q8NH95	F103C	0.2156	benign
Q8NH95	F103D	0.6691	pathogenic
Q8NH95	F103E	0.7588	pathogenic
Q8NH95	F103G	0.3775	ambiguous
Q8NH95	F103H	0.5395	ambiguous
Q8NH95	F103I	0.2349	benign
Q8NH95	F103K	0.8126	pathogenic
Q8NH95	F103L	0.7082	pathogenic
Q8NH95	F103M	0.4917	ambiguous
Q8NH95	F103N	0.4577	ambiguous
Q8NH95	F103P	0.7773	pathogenic
Q8NH95	F103Q	0.7047	pathogenic
Q8NH95	F103R	0.6951	pathogenic
Q8NH95	F103S	0.185	benign
Q8NH95	F103T	0.3487	ambiguous
Q8NH95	F103V	0.2133	benign
Q8NH95	F103W	0.4428	ambiguous
Q8NH95	F103Y	0.1437	benign
Q8NH95	L104A	0.3195	benign
Q8NH95	L104C	0.3913	ambiguous
Q8NH95	L104D	0.8236	pathogenic
Q8NH95	L104E	0.6858	pathogenic
Q8NH95	L104F	0.0995	benign
Q8NH95	L104G	0.4715	ambiguous
Q8NH95	L104H	0.3526	ambiguous
Q8NH95	L104I	0.1289	benign
Q8NH95	L104K	0.6465	pathogenic
Q8NH95	L104M	0.1929	benign
Q8NH95	L104N	0.558	ambiguous
Q8NH95	L104P	0.3927	ambiguous
Q8NH95	L104Q	0.3411	ambiguous
Q8NH95	L104R	0.3957	ambiguous
Q8NH95	L104S	0.2829	benign
Q8NH95	L104T	0.3212	benign
Q8NH95	L104V	0.1255	benign
Q8NH95	L104W	0.2349	benign
Q8NH95	L104Y	0.4629	ambiguous
Q8NH95	S105A	0.1244	benign
Q8NH95	S105C	0.1507	benign
Q8NH95	S105D	0.716	pathogenic
Q8NH95	S105E	0.7887	pathogenic
Q8NH95	S105F	0.312	benign
Q8NH95	S105G	0.1159	benign
Q8NH95	S105H	0.6098	pathogenic
Q8NH95	S105I	0.2541	benign
Q8NH95	S105K	0.9313	pathogenic
Q8NH95	S105L	0.2019	benign
Q8NH95	S105M	0.4087	ambiguous
Q8NH95	S105N	0.395	ambiguous
Q8NH95	S105P	0.2756	benign
Q8NH95	S105Q	0.7823	pathogenic
Q8NH95	S105R	0.8435	pathogenic
Q8NH95	S105T	0.1426	benign
Q8NH95	S105V	0.2954	benign
Q8NH95	S105W	0.364	ambiguous
Q8NH95	S105Y	0.2655	benign
Q8NH95	F106A	0.4119	ambiguous
Q8NH95	F106C	0.2753	benign
Q8NH95	F106D	0.7583	pathogenic
Q8NH95	F106E	0.7924	pathogenic
Q8NH95	F106G	0.5901	pathogenic
Q8NH95	F106H	0.5851	pathogenic
Q8NH95	F106I	0.1949	benign
Q8NH95	F106K	0.8352	pathogenic
Q8NH95	F106L	0.6702	pathogenic
Q8NH95	F106M	0.4415	ambiguous
Q8NH95	F106N	0.6225	pathogenic
Q8NH95	F106P	0.8793	pathogenic
Q8NH95	F106Q	0.7497	pathogenic
Q8NH95	F106R	0.7036	pathogenic
Q8NH95	F106S	0.3401	ambiguous
Q8NH95	F106T	0.4413	ambiguous
Q8NH95	F106V	0.191	benign
Q8NH95	F106W	0.4329	ambiguous
Q8NH95	F106Y	0.1941	benign
Q8NH95	A107C	0.381	ambiguous
Q8NH95	A107D	0.5139	ambiguous
Q8NH95	A107E	0.5459	ambiguous
Q8NH95	A107F	0.2755	benign
Q8NH95	A107G	0.1374	benign
Q8NH95	A107H	0.5814	pathogenic
Q8NH95	A107I	0.3108	benign
Q8NH95	A107K	0.7511	pathogenic
Q8NH95	A107L	0.1882	benign
Q8NH95	A107M	0.3142	benign
Q8NH95	A107N	0.4671	ambiguous
Q8NH95	A107P	0.4092	ambiguous
Q8NH95	A107Q	0.5317	ambiguous
Q8NH95	A107R	0.5928	pathogenic
Q8NH95	A107S	0.097	benign
Q8NH95	A107T	0.1032	benign
Q8NH95	A107V	0.1709	benign
Q8NH95	A107W	0.6397	pathogenic
Q8NH95	A107Y	0.52	ambiguous
Q8NH95	M108A	0.2969	benign
Q8NH95	M108C	0.6766	pathogenic
Q8NH95	M108D	0.8519	pathogenic
Q8NH95	M108E	0.6222	pathogenic
Q8NH95	M108F	0.3657	ambiguous
Q8NH95	M108G	0.5217	ambiguous
Q8NH95	M108H	0.6853	pathogenic
Q8NH95	M108I	0.5629	ambiguous
Q8NH95	M108K	0.3324	benign
Q8NH95	M108L	0.114	benign
Q8NH95	M108N	0.6717	pathogenic
Q8NH95	M108P	0.6632	pathogenic
Q8NH95	M108Q	0.4084	ambiguous
Q8NH95	M108R	0.2895	benign
Q8NH95	M108S	0.4235	ambiguous
Q8NH95	M108T	0.1698	benign
Q8NH95	M108V	0.1064	benign
Q8NH95	M108W	0.6803	pathogenic
Q8NH95	M108Y	0.7456	pathogenic
Q8NH95	G109A	0.1575	benign
Q8NH95	G109C	0.4018	ambiguous
Q8NH95	G109D	0.4805	ambiguous
Q8NH95	G109E	0.4521	ambiguous
Q8NH95	G109F	0.7498	pathogenic
Q8NH95	G109H	0.7456	pathogenic
Q8NH95	G109I	0.4551	ambiguous
Q8NH95	G109K	0.7538	pathogenic
Q8NH95	G109L	0.5995	pathogenic
Q8NH95	G109M	0.6917	pathogenic
Q8NH95	G109N	0.6868	pathogenic
Q8NH95	G109P	0.8494	pathogenic
Q8NH95	G109Q	0.7	pathogenic
Q8NH95	G109R	0.5415	ambiguous
Q8NH95	G109S	0.2277	benign
Q8NH95	G109T	0.37	ambiguous
Q8NH95	G109V	0.2632	benign
Q8NH95	G109W	0.58	pathogenic
Q8NH95	G109Y	0.6152	pathogenic
Q8NH95	A110C	0.4444	ambiguous
Q8NH95	A110D	0.4195	ambiguous
Q8NH95	A110E	0.4628	ambiguous
Q8NH95	A110F	0.3643	ambiguous
Q8NH95	A110G	0.1123	benign
Q8NH95	A110H	0.6558	pathogenic
Q8NH95	A110I	0.2976	benign
Q8NH95	A110K	0.6783	pathogenic
Q8NH95	A110L	0.2536	benign
Q8NH95	A110M	0.3034	benign
Q8NH95	A110N	0.3911	ambiguous
Q8NH95	A110P	0.4979	ambiguous
Q8NH95	A110Q	0.5472	ambiguous
Q8NH95	A110R	0.5787	pathogenic
Q8NH95	A110S	0.1069	benign
Q8NH95	A110T	0.096	benign
Q8NH95	A110V	0.1563	benign
Q8NH95	A110W	0.7589	pathogenic
Q8NH95	A110Y	0.569	pathogenic
Q8NH95	T111A	0.0899	benign
Q8NH95	T111C	0.5376	ambiguous
Q8NH95	T111D	0.6414	pathogenic
Q8NH95	T111E	0.5061	ambiguous
Q8NH95	T111F	0.4477	ambiguous
Q8NH95	T111G	0.2657	benign
Q8NH95	T111H	0.5286	ambiguous
Q8NH95	T111I	0.3346	benign
Q8NH95	T111K	0.4143	ambiguous
Q8NH95	T111L	0.2229	benign
Q8NH95	T111M	0.1353	benign
Q8NH95	T111N	0.3057	benign
Q8NH95	T111P	0.2112	benign
Q8NH95	T111Q	0.4043	ambiguous
Q8NH95	T111R	0.2847	benign
Q8NH95	T111S	0.1563	benign
Q8NH95	T111V	0.2498	benign
Q8NH95	T111W	0.6653	pathogenic
Q8NH95	T111Y	0.5855	pathogenic
Q8NH95	E112A	0.3464	ambiguous
Q8NH95	E112C	0.9295	pathogenic
Q8NH95	E112D	0.4618	ambiguous
Q8NH95	E112F	0.9091	pathogenic
Q8NH95	E112G	0.3468	ambiguous
Q8NH95	E112H	0.7187	pathogenic
Q8NH95	E112I	0.7527	pathogenic
Q8NH95	E112K	0.2445	benign
Q8NH95	E112L	0.7504	pathogenic
Q8NH95	E112M	0.8008	pathogenic
Q8NH95	E112N	0.6873	pathogenic
Q8NH95	E112P	0.8633	pathogenic
Q8NH95	E112Q	0.2696	benign
Q8NH95	E112R	0.4056	ambiguous
Q8NH95	E112S	0.4506	ambiguous
Q8NH95	E112T	0.5816	pathogenic
Q8NH95	E112V	0.5306	ambiguous
Q8NH95	E112W	0.9485	pathogenic
Q8NH95	E112Y	0.8252	pathogenic
Q8NH95	C113A	0.3721	ambiguous
Q8NH95	C113D	0.6197	pathogenic
Q8NH95	C113E	0.8342	pathogenic
Q8NH95	C113F	0.1885	benign
Q8NH95	C113G	0.1508	benign
Q8NH95	C113H	0.6337	pathogenic
Q8NH95	C113I	0.4937	ambiguous
Q8NH95	C113K	0.8608	pathogenic
Q8NH95	C113L	0.4332	ambiguous
Q8NH95	C113M	0.5723	pathogenic
Q8NH95	C113N	0.5163	ambiguous
Q8NH95	C113P	0.8201	pathogenic
Q8NH95	C113Q	0.7746	pathogenic
Q8NH95	C113R	0.5768	pathogenic
Q8NH95	C113S	0.307	benign
Q8NH95	C113T	0.481	ambiguous
Q8NH95	C113V	0.4171	ambiguous
Q8NH95	C113W	0.4775	ambiguous
Q8NH95	C113Y	0.2687	benign
Q8NH95	V114A	0.2321	benign
Q8NH95	V114C	0.5655	pathogenic
Q8NH95	V114D	0.5632	ambiguous
Q8NH95	V114E	0.5275	ambiguous
Q8NH95	V114F	0.1077	benign
Q8NH95	V114G	0.2291	benign
Q8NH95	V114H	0.6492	pathogenic
Q8NH95	V114I	0.0869	benign
Q8NH95	V114K	0.6205	pathogenic
Q8NH95	V114L	0.1331	benign
Q8NH95	V114M	0.151	benign
Q8NH95	V114N	0.4754	ambiguous
Q8NH95	V114P	0.6855	pathogenic
Q8NH95	V114Q	0.4993	ambiguous
Q8NH95	V114R	0.5009	ambiguous
Q8NH95	V114S	0.3105	benign
Q8NH95	V114T	0.3147	benign
Q8NH95	V114W	0.683	pathogenic
Q8NH95	V114Y	0.5098	ambiguous
Q8NH95	L115A	0.6184	pathogenic
Q8NH95	L115C	0.733	pathogenic
Q8NH95	L115D	0.903	pathogenic
Q8NH95	L115E	0.8081	pathogenic
Q8NH95	L115F	0.2073	benign
Q8NH95	L115G	0.7794	pathogenic
Q8NH95	L115H	0.5374	ambiguous
Q8NH95	L115I	0.1884	benign
Q8NH95	L115K	0.6972	pathogenic
Q8NH95	L115M	0.2923	benign
Q8NH95	L115N	0.7372	pathogenic
Q8NH95	L115P	0.3844	ambiguous
Q8NH95	L115Q	0.4818	ambiguous
Q8NH95	L115R	0.4815	ambiguous
Q8NH95	L115S	0.6497	pathogenic
Q8NH95	L115T	0.6091	pathogenic
Q8NH95	L115V	0.2369	benign
Q8NH95	L115W	0.5104	ambiguous
Q8NH95	L115Y	0.6588	pathogenic
Q8NH95	L116A	0.6693	pathogenic
Q8NH95	L116C	0.7883	pathogenic
Q8NH95	L116D	0.8943	pathogenic
Q8NH95	L116E	0.7717	pathogenic
Q8NH95	L116F	0.2784	benign
Q8NH95	L116G	0.7509	pathogenic
Q8NH95	L116H	0.5583	ambiguous
Q8NH95	L116I	0.2719	benign
Q8NH95	L116K	0.6527	pathogenic
Q8NH95	L116M	0.3618	ambiguous
Q8NH95	L116N	0.7815	pathogenic
Q8NH95	L116P	0.4545	ambiguous
Q8NH95	L116Q	0.4924	ambiguous
Q8NH95	L116R	0.4504	ambiguous
Q8NH95	L116S	0.695	pathogenic
Q8NH95	L116T	0.6592	pathogenic
Q8NH95	L116V	0.3125	benign
Q8NH95	L116W	0.4648	ambiguous
Q8NH95	L116Y	0.6949	pathogenic
Q8NH95	S117A	0.1052	benign
Q8NH95	S117C	0.121	benign
Q8NH95	S117D	0.7501	pathogenic
Q8NH95	S117E	0.8094	pathogenic
Q8NH95	S117F	0.4621	ambiguous
Q8NH95	S117G	0.0674	benign
Q8NH95	S117H	0.7225	pathogenic
Q8NH95	S117I	0.353	ambiguous
Q8NH95	S117K	0.9317	pathogenic
Q8NH95	S117L	0.2543	benign
Q8NH95	S117M	0.3888	ambiguous
Q8NH95	S117N	0.4578	ambiguous
Q8NH95	S117P	0.4242	ambiguous
Q8NH95	S117Q	0.7982	pathogenic
Q8NH95	S117R	0.8569	pathogenic
Q8NH95	S117T	0.1377	benign
Q8NH95	S117V	0.324	benign
Q8NH95	S117W	0.4966	ambiguous
Q8NH95	S117Y	0.4723	ambiguous
Q8NH95	M118A	0.2361	benign
Q8NH95	M118C	0.5948	pathogenic
Q8NH95	M118D	0.8054	pathogenic
Q8NH95	M118E	0.5493	ambiguous
Q8NH95	M118F	0.356	ambiguous
Q8NH95	M118G	0.4443	ambiguous
Q8NH95	M118H	0.6553	pathogenic
Q8NH95	M118I	0.3096	benign
Q8NH95	M118K	0.3175	benign
Q8NH95	M118L	0.1273	benign
Q8NH95	M118N	0.5709	pathogenic
Q8NH95	M118P	0.719	pathogenic
Q8NH95	M118Q	0.3709	ambiguous
Q8NH95	M118R	0.2949	benign
Q8NH95	M118S	0.3246	benign
Q8NH95	M118T	0.1395	benign
Q8NH95	M118V	0.0594	benign
Q8NH95	M118W	0.6571	pathogenic
Q8NH95	M118Y	0.7103	pathogenic
Q8NH95	M119A	0.6101	pathogenic
Q8NH95	M119C	0.9065	pathogenic
Q8NH95	M119D	0.8919	pathogenic
Q8NH95	M119E	0.6803	pathogenic
Q8NH95	M119F	0.6542	pathogenic
Q8NH95	M119G	0.7826	pathogenic
Q8NH95	M119H	0.7851	pathogenic
Q8NH95	M119I	0.7583	pathogenic
Q8NH95	M119K	0.4494	ambiguous
Q8NH95	M119L	0.2761	benign
Q8NH95	M119N	0.7367	pathogenic
Q8NH95	M119P	0.7073	pathogenic
Q8NH95	M119Q	0.461	ambiguous
Q8NH95	M119R	0.4008	ambiguous
Q8NH95	M119S	0.6773	pathogenic
Q8NH95	M119T	0.442	ambiguous
Q8NH95	M119V	0.2569	benign
Q8NH95	M119W	0.8291	pathogenic
Q8NH95	M119Y	0.8632	pathogenic
Q8NH95	A120C	0.7295	pathogenic
Q8NH95	A120D	0.53	ambiguous
Q8NH95	A120E	0.6637	pathogenic
Q8NH95	A120F	0.6475	pathogenic
Q8NH95	A120G	0.239	benign
Q8NH95	A120H	0.7723	pathogenic
Q8NH95	A120I	0.6587	pathogenic
Q8NH95	A120K	0.8696	pathogenic
Q8NH95	A120L	0.4809	ambiguous
Q8NH95	A120M	0.6598	pathogenic
Q8NH95	A120N	0.6457	pathogenic
Q8NH95	A120P	0.4209	ambiguous
Q8NH95	A120Q	0.7479	pathogenic
Q8NH95	A120R	0.7009	pathogenic
Q8NH95	A120S	0.1434	benign
Q8NH95	A120T	0.2838	benign
Q8NH95	A120V	0.3647	ambiguous
Q8NH95	A120W	0.9	pathogenic
Q8NH95	A120Y	0.7236	pathogenic
Q8NH95	F121A	0.3949	ambiguous
Q8NH95	F121C	0.2656	benign
Q8NH95	F121D	0.8241	pathogenic
Q8NH95	F121E	0.819	pathogenic
Q8NH95	F121G	0.6177	pathogenic
Q8NH95	F121H	0.6711	pathogenic
Q8NH95	F121I	0.1924	benign
Q8NH95	F121K	0.8298	pathogenic
Q8NH95	F121L	0.6949	pathogenic
Q8NH95	F121M	0.4432	ambiguous
Q8NH95	F121N	0.7292	pathogenic
Q8NH95	F121P	0.9163	pathogenic
Q8NH95	F121Q	0.7673	pathogenic
Q8NH95	F121R	0.6725	pathogenic
Q8NH95	F121S	0.3326	benign
Q8NH95	F121T	0.4283	ambiguous
Q8NH95	F121V	0.1748	benign
Q8NH95	F121W	0.2972	benign
Q8NH95	F121Y	0.1603	benign
Q8NH95	D122A	0.6309	pathogenic
Q8NH95	D122C	0.8498	pathogenic
Q8NH95	D122E	0.7134	pathogenic
Q8NH95	D122F	0.8356	pathogenic
Q8NH95	D122G	0.48	ambiguous
Q8NH95	D122H	0.4724	ambiguous
Q8NH95	D122I	0.815	pathogenic
Q8NH95	D122K	0.8077	pathogenic
Q8NH95	D122L	0.7323	pathogenic
Q8NH95	D122M	0.9645	pathogenic
Q8NH95	D122N	0.4319	ambiguous
Q8NH95	D122P	0.8238	pathogenic
Q8NH95	D122Q	0.7463	pathogenic
Q8NH95	D122R	0.6378	pathogenic
Q8NH95	D122S	0.4163	ambiguous
Q8NH95	D122T	0.7721	pathogenic
Q8NH95	D122V	0.6751	pathogenic
Q8NH95	D122W	0.9364	pathogenic
Q8NH95	D122Y	0.3829	ambiguous
Q8NH95	R123A	0.574	pathogenic
Q8NH95	R123C	0.148	benign
Q8NH95	R123D	0.7166	pathogenic
Q8NH95	R123E	0.5496	ambiguous
Q8NH95	R123F	0.6782	pathogenic
Q8NH95	R123G	0.3186	benign
Q8NH95	R123H	0.1178	benign
Q8NH95	R123I	0.4665	ambiguous
Q8NH95	R123K	0.363	ambiguous
Q8NH95	R123L	0.3633	ambiguous
Q8NH95	R123M	0.6367	pathogenic
Q8NH95	R123N	0.6749	pathogenic
Q8NH95	R123P	0.6764	pathogenic
Q8NH95	R123Q	0.1654	benign
Q8NH95	R123S	0.5424	ambiguous
Q8NH95	R123T	0.4809	ambiguous
Q8NH95	R123V	0.5847	pathogenic
Q8NH95	R123W	0.2473	benign
Q8NH95	R123Y	0.4419	ambiguous
Q8NH95	Y124A	0.5386	ambiguous
Q8NH95	Y124C	0.1794	benign
Q8NH95	Y124D	0.4089	ambiguous
Q8NH95	Y124E	0.7712	pathogenic
Q8NH95	Y124F	0.1556	benign
Q8NH95	Y124G	0.4368	ambiguous
Q8NH95	Y124H	0.3016	benign
Q8NH95	Y124I	0.6461	pathogenic
Q8NH95	Y124K	0.7403	pathogenic
Q8NH95	Y124L	0.4702	ambiguous
Q8NH95	Y124M	0.661	pathogenic
Q8NH95	Y124N	0.3091	benign
Q8NH95	Y124P	0.8236	pathogenic
Q8NH95	Y124Q	0.6795	pathogenic
Q8NH95	Y124R	0.5738	pathogenic
Q8NH95	Y124S	0.2844	benign
Q8NH95	Y124T	0.5859	pathogenic
Q8NH95	Y124V	0.5053	ambiguous
Q8NH95	Y124W	0.3989	ambiguous
Q8NH95	V125A	0.1821	benign
Q8NH95	V125C	0.7709	pathogenic
Q8NH95	V125D	0.6077	pathogenic
Q8NH95	V125E	0.3854	ambiguous
Q8NH95	V125F	0.2441	benign
Q8NH95	V125G	0.2896	benign
Q8NH95	V125H	0.7169	pathogenic
Q8NH95	V125I	0.12	benign
Q8NH95	V125K	0.4616	ambiguous
Q8NH95	V125L	0.2096	benign
Q8NH95	V125M	0.1418	benign
Q8NH95	V125N	0.5694	pathogenic
Q8NH95	V125P	0.7569	pathogenic
Q8NH95	V125Q	0.3758	ambiguous
Q8NH95	V125R	0.3381	benign
Q8NH95	V125S	0.3452	ambiguous
Q8NH95	V125T	0.266	benign
Q8NH95	V125W	0.8068	pathogenic
Q8NH95	V125Y	0.718	pathogenic
Q8NH95	A126C	0.7689	pathogenic
Q8NH95	A126D	0.5915	pathogenic
Q8NH95	A126E	0.6164	pathogenic
Q8NH95	A126F	0.6692	pathogenic
Q8NH95	A126G	0.3641	ambiguous
Q8NH95	A126H	0.8107	pathogenic
Q8NH95	A126I	0.6669	pathogenic
Q8NH95	A126K	0.8488	pathogenic
Q8NH95	A126L	0.4722	ambiguous
Q8NH95	A126M	0.666	pathogenic
Q8NH95	A126N	0.7188	pathogenic
Q8NH95	A126P	0.5702	pathogenic
Q8NH95	A126Q	0.6874	pathogenic
Q8NH95	A126R	0.6725	pathogenic
Q8NH95	A126S	0.2032	benign
Q8NH95	A126T	0.312	benign
Q8NH95	A126V	0.3572	ambiguous
Q8NH95	A126W	0.9221	pathogenic
Q8NH95	A126Y	0.8002	pathogenic
Q8NH95	I127A	0.6702	pathogenic
Q8NH95	I127C	0.9003	pathogenic
Q8NH95	I127D	0.8504	pathogenic
Q8NH95	I127E	0.8519	pathogenic
Q8NH95	I127F	0.388	ambiguous
Q8NH95	I127G	0.8499	pathogenic
Q8NH95	I127H	0.8443	pathogenic
Q8NH95	I127K	0.7819	pathogenic
Q8NH95	I127L	0.3321	benign
Q8NH95	I127M	0.3887	ambiguous
Q8NH95	I127N	0.5899	pathogenic
Q8NH95	I127P	0.7921	pathogenic
Q8NH95	I127Q	0.8233	pathogenic
Q8NH95	I127R	0.6094	pathogenic
Q8NH95	I127S	0.5421	ambiguous
Q8NH95	I127T	0.6386	pathogenic
Q8NH95	I127V	0.1373	benign
Q8NH95	I127W	0.903	pathogenic
Q8NH95	I127Y	0.7934	pathogenic
Q8NH95	C128A	0.5049	ambiguous
Q8NH95	C128D	0.7638	pathogenic
Q8NH95	C128E	0.827	pathogenic
Q8NH95	C128F	0.2741	benign
Q8NH95	C128G	0.1948	benign
Q8NH95	C128H	0.5296	ambiguous
Q8NH95	C128I	0.6816	pathogenic
Q8NH95	C128K	0.7927	pathogenic
Q8NH95	C128L	0.5836	pathogenic
Q8NH95	C128M	0.7938	pathogenic
Q8NH95	C128N	0.6729	pathogenic
Q8NH95	C128P	0.8584	pathogenic
Q8NH95	C128Q	0.6173	pathogenic
Q8NH95	C128R	0.3371	benign
Q8NH95	C128S	0.3221	benign
Q8NH95	C128T	0.5856	pathogenic
Q8NH95	C128V	0.5926	pathogenic
Q8NH95	C128W	0.455	ambiguous
Q8NH95	C128Y	0.3653	ambiguous
Q8NH95	N129A	0.2819	benign
Q8NH95	N129C	0.2552	benign
Q8NH95	N129D	0.1259	benign
Q8NH95	N129E	0.3437	ambiguous
Q8NH95	N129F	0.395	ambiguous
Q8NH95	N129G	0.4033	ambiguous
Q8NH95	N129H	0.0769	benign
Q8NH95	N129I	0.2415	benign
Q8NH95	N129K	0.2448	benign
Q8NH95	N129L	0.2171	benign
Q8NH95	N129M	0.3674	ambiguous
Q8NH95	N129P	0.6051	pathogenic
Q8NH95	N129Q	0.2438	benign
Q8NH95	N129R	0.2072	benign
Q8NH95	N129S	0.093	benign
Q8NH95	N129T	0.2033	benign
Q8NH95	N129V	0.2489	benign
Q8NH95	N129W	0.5276	ambiguous
Q8NH95	N129Y	0.1054	benign
Q8NH95	P130A	0.2825	benign
Q8NH95	P130C	0.7175	pathogenic
Q8NH95	P130D	0.7588	pathogenic
Q8NH95	P130E	0.6998	pathogenic
Q8NH95	P130F	0.7569	pathogenic
Q8NH95	P130G	0.6473	pathogenic
Q8NH95	P130H	0.3506	ambiguous
Q8NH95	P130I	0.6087	pathogenic
Q8NH95	P130K	0.6676	pathogenic
Q8NH95	P130L	0.2635	benign
Q8NH95	P130M	0.7321	pathogenic
Q8NH95	P130N	0.7318	pathogenic
Q8NH95	P130Q	0.4713	ambiguous
Q8NH95	P130R	0.3137	benign
Q8NH95	P130S	0.375	ambiguous
Q8NH95	P130T	0.3088	benign
Q8NH95	P130V	0.5278	ambiguous
Q8NH95	P130W	0.8215	pathogenic
Q8NH95	P130Y	0.693	pathogenic
Q8NH95	L131A	0.5105	ambiguous
Q8NH95	L131C	0.7234	pathogenic
Q8NH95	L131D	0.8617	pathogenic
Q8NH95	L131E	0.6578	pathogenic
Q8NH95	L131F	0.2482	benign
Q8NH95	L131G	0.6758	pathogenic
Q8NH95	L131H	0.4414	ambiguous
Q8NH95	L131I	0.2951	benign
Q8NH95	L131K	0.499	ambiguous
Q8NH95	L131M	0.3111	benign
Q8NH95	L131N	0.7263	pathogenic
Q8NH95	L131P	0.3116	benign
Q8NH95	L131Q	0.3327	benign
Q8NH95	L131R	0.3013	benign
Q8NH95	L131S	0.5415	ambiguous
Q8NH95	L131T	0.5798	pathogenic
Q8NH95	L131V	0.2665	benign
Q8NH95	L131W	0.3521	ambiguous
Q8NH95	L131Y	0.6092	pathogenic
Q8NH95	R132A	0.4805	ambiguous
Q8NH95	R132C	0.1255	benign
Q8NH95	R132D	0.6368	pathogenic
Q8NH95	R132E	0.4161	ambiguous
Q8NH95	R132F	0.486	ambiguous
Q8NH95	R132G	0.235	benign
Q8NH95	R132H	0.0969	benign
Q8NH95	R132I	0.3136	benign
Q8NH95	R132K	0.2197	benign
Q8NH95	R132L	0.1771	benign
Q8NH95	R132M	0.4031	ambiguous
Q8NH95	R132N	0.5938	pathogenic
Q8NH95	R132P	0.4467	ambiguous
Q8NH95	R132Q	0.1256	benign
Q8NH95	R132S	0.47	ambiguous
Q8NH95	R132T	0.3619	ambiguous
Q8NH95	R132V	0.4197	ambiguous
Q8NH95	R132W	0.129	benign
Q8NH95	R132Y	0.3065	benign
Q8NH95	Y133A	0.7468	pathogenic
Q8NH95	Y133C	0.4859	ambiguous
Q8NH95	Y133D	0.4367	ambiguous
Q8NH95	Y133E	0.8179	pathogenic
Q8NH95	Y133F	0.3137	benign
Q8NH95	Y133G	0.5573	ambiguous
Q8NH95	Y133H	0.5532	ambiguous
Q8NH95	Y133I	0.7002	pathogenic
Q8NH95	Y133K	0.7987	pathogenic
Q8NH95	Y133L	0.5869	pathogenic
Q8NH95	Y133M	0.8109	pathogenic
Q8NH95	Y133N	0.369	ambiguous
Q8NH95	Y133P	0.7268	pathogenic
Q8NH95	Y133Q	0.7907	pathogenic
Q8NH95	Y133R	0.7239	pathogenic
Q8NH95	Y133S	0.4334	ambiguous
Q8NH95	Y133T	0.7206	pathogenic
Q8NH95	Y133V	0.6152	pathogenic
Q8NH95	Y133W	0.6786	pathogenic
Q8NH95	P134A	0.0886	benign
Q8NH95	P134C	0.3952	ambiguous
Q8NH95	P134D	0.3433	ambiguous
Q8NH95	P134E	0.2632	benign
Q8NH95	P134F	0.4498	ambiguous
Q8NH95	P134G	0.2302	benign
Q8NH95	P134H	0.1557	benign
Q8NH95	P134I	0.3233	benign
Q8NH95	P134K	0.3156	benign
Q8NH95	P134L	0.1342	benign
Q8NH95	P134M	0.329	benign
Q8NH95	P134N	0.2927	benign
Q8NH95	P134Q	0.167	benign
Q8NH95	P134R	0.1522	benign
Q8NH95	P134S	0.1073	benign
Q8NH95	P134T	0.0968	benign
Q8NH95	P134V	0.2087	benign
Q8NH95	P134W	0.45	ambiguous
Q8NH95	P134Y	0.3673	ambiguous
Q8NH95	V135A	0.0993	benign
Q8NH95	V135C	0.6678	pathogenic
Q8NH95	V135D	0.2159	benign
Q8NH95	V135E	0.1806	benign
Q8NH95	V135F	0.1518	benign
Q8NH95	V135G	0.1461	benign
Q8NH95	V135H	0.4384	ambiguous
Q8NH95	V135I	0.0942	benign
Q8NH95	V135K	0.3118	benign
Q8NH95	V135L	0.1425	benign
Q8NH95	V135M	0.1157	benign
Q8NH95	V135N	0.2508	benign
Q8NH95	V135P	0.379	ambiguous
Q8NH95	V135Q	0.2506	benign
Q8NH95	V135R	0.2267	benign
Q8NH95	V135S	0.1562	benign
Q8NH95	V135T	0.1392	benign
Q8NH95	V135W	0.669	pathogenic
Q8NH95	V135Y	0.4891	ambiguous
Q8NH95	V136A	0.2312	benign
Q8NH95	V136C	0.668	pathogenic
Q8NH95	V136D	0.3895	ambiguous
Q8NH95	V136E	0.353	ambiguous
Q8NH95	V136F	0.1507	benign
Q8NH95	V136G	0.2311	benign
Q8NH95	V136H	0.5306	ambiguous
Q8NH95	V136I	0.0817	benign
Q8NH95	V136K	0.3949	ambiguous
Q8NH95	V136L	0.1445	benign
Q8NH95	V136M	0.1829	benign
Q8NH95	V136N	0.3795	ambiguous
Q8NH95	V136P	0.5246	ambiguous
Q8NH95	V136Q	0.3734	ambiguous
Q8NH95	V136R	0.2887	benign
Q8NH95	V136S	0.2871	benign
Q8NH95	V136T	0.279	benign
Q8NH95	V136W	0.6727	pathogenic
Q8NH95	V136Y	0.4831	ambiguous
Q8NH95	M137A	0.5818	pathogenic
Q8NH95	M137C	0.7856	pathogenic
Q8NH95	M137D	0.8477	pathogenic
Q8NH95	M137E	0.6428	pathogenic
Q8NH95	M137F	0.4564	ambiguous
Q8NH95	M137G	0.6886	pathogenic
Q8NH95	M137H	0.6327	pathogenic
Q8NH95	M137I	0.5536	ambiguous
Q8NH95	M137K	0.3031	benign
Q8NH95	M137L	0.2021	benign
Q8NH95	M137N	0.6625	pathogenic
Q8NH95	M137P	0.6754	pathogenic
Q8NH95	M137Q	0.3687	ambiguous
Q8NH95	M137R	0.2636	benign
Q8NH95	M137S	0.5705	pathogenic
Q8NH95	M137T	0.4098	ambiguous
Q8NH95	M137V	0.1463	benign
Q8NH95	M137W	0.6802	pathogenic
Q8NH95	M137Y	0.7375	pathogenic
Q8NH95	S138A	0.1531	benign
Q8NH95	S138C	0.1494	benign
Q8NH95	S138D	0.3004	benign
Q8NH95	S138E	0.4059	ambiguous
Q8NH95	S138F	0.4759	ambiguous
Q8NH95	S138G	0.0834	benign
Q8NH95	S138H	0.2951	benign
Q8NH95	S138I	0.3254	benign
Q8NH95	S138K	0.4585	ambiguous
Q8NH95	S138L	0.243	benign
Q8NH95	S138M	0.3638	ambiguous
Q8NH95	S138N	0.1305	benign
Q8NH95	S138P	0.2549	benign
Q8NH95	S138Q	0.3933	ambiguous
Q8NH95	S138R	0.3297	benign
Q8NH95	S138T	0.1161	benign
Q8NH95	S138V	0.3397	benign
Q8NH95	S138W	0.3599	ambiguous
Q8NH95	S138Y	0.2993	benign
Q8NH95	K139A	0.2035	benign
Q8NH95	K139C	0.6244	pathogenic
Q8NH95	K139D	0.372	ambiguous
Q8NH95	K139E	0.1285	benign
Q8NH95	K139F	0.5921	pathogenic
Q8NH95	K139G	0.2473	benign
Q8NH95	K139H	0.2605	benign
Q8NH95	K139I	0.3452	ambiguous
Q8NH95	K139L	0.2767	benign
Q8NH95	K139M	0.2292	benign
Q8NH95	K139N	0.3287	benign
Q8NH95	K139P	0.2694	benign
Q8NH95	K139Q	0.1255	benign
Q8NH95	K139R	0.0657	benign
Q8NH95	K139S	0.2677	benign
Q8NH95	K139T	0.1463	benign
Q8NH95	K139V	0.2786	benign
Q8NH95	K139W	0.5686	pathogenic
Q8NH95	K139Y	0.4882	ambiguous
Q8NH95	A140C	0.4126	ambiguous
Q8NH95	A140D	0.1213	benign
Q8NH95	A140E	0.1229	benign
Q8NH95	A140F	0.2497	benign
Q8NH95	A140G	0.0962	benign
Q8NH95	A140H	0.2577	benign
Q8NH95	A140I	0.211	benign
Q8NH95	A140K	0.1964	benign
Q8NH95	A140L	0.1542	benign
Q8NH95	A140M	0.2177	benign
Q8NH95	A140N	0.1755	benign
Q8NH95	A140P	0.1221	benign
Q8NH95	A140Q	0.1843	benign
Q8NH95	A140R	0.1554	benign
Q8NH95	A140S	0.0973	benign
Q8NH95	A140T	0.0832	benign
Q8NH95	A140V	0.104	benign
Q8NH95	A140W	0.4545	ambiguous
Q8NH95	A140Y	0.2813	benign
Q8NH95	A141C	0.3428	ambiguous
Q8NH95	A141D	0.2311	benign
Q8NH95	A141E	0.2254	benign
Q8NH95	A141F	0.2363	benign
Q8NH95	A141G	0.1162	benign
Q8NH95	A141H	0.3482	ambiguous
Q8NH95	A141I	0.1839	benign
Q8NH95	A141K	0.334	benign
Q8NH95	A141L	0.1461	benign
Q8NH95	A141M	0.2419	benign
Q8NH95	A141N	0.2446	benign
Q8NH95	A141P	0.155	benign
Q8NH95	A141Q	0.2743	benign
Q8NH95	A141R	0.2153	benign
Q8NH95	A141S	0.1021	benign
Q8NH95	A141T	0.0832	benign
Q8NH95	A141V	0.0976	benign
Q8NH95	A141W	0.505	ambiguous
Q8NH95	A141Y	0.3513	ambiguous
Q8NH95	Y142A	0.189	benign
Q8NH95	Y142C	0.0782	benign
Q8NH95	Y142D	0.1947	benign
Q8NH95	Y142E	0.4208	ambiguous
Q8NH95	Y142F	0.0892	benign
Q8NH95	Y142G	0.1575	benign
Q8NH95	Y142H	0.2113	benign
Q8NH95	Y142I	0.2547	benign
Q8NH95	Y142K	0.4264	ambiguous
Q8NH95	Y142L	0.2143	benign
Q8NH95	Y142M	0.4114	ambiguous
Q8NH95	Y142N	0.1664	benign
Q8NH95	Y142P	0.2588	benign
Q8NH95	Y142Q	0.3766	ambiguous
Q8NH95	Y142R	0.2581	benign
Q8NH95	Y142S	0.1029	benign
Q8NH95	Y142T	0.2104	benign
Q8NH95	Y142V	0.1663	benign
Q8NH95	Y142W	0.2541	benign
Q8NH95	M143A	0.1648	benign
Q8NH95	M143C	0.428	ambiguous
Q8NH95	M143D	0.3495	ambiguous
Q8NH95	M143E	0.2254	benign
Q8NH95	M143F	0.1548	benign
Q8NH95	M143G	0.1975	benign
Q8NH95	M143H	0.2232	benign
Q8NH95	M143I	0.1415	benign
Q8NH95	M143K	0.1404	benign
Q8NH95	M143L	0.0895	benign
Q8NH95	M143N	0.2522	benign
Q8NH95	M143P	0.2918	benign
Q8NH95	M143Q	0.1366	benign
Q8NH95	M143R	0.11	benign
Q8NH95	M143S	0.1766	benign
Q8NH95	M143T	0.1165	benign
Q8NH95	M143V	0.0469	benign
Q8NH95	M143W	0.3138	benign
Q8NH95	M143Y	0.3132	benign
Q8NH95	P144A	0.0862	benign
Q8NH95	P144C	0.3355	benign
Q8NH95	P144D	0.2571	benign
Q8NH95	P144E	0.1979	benign
Q8NH95	P144F	0.3365	benign
Q8NH95	P144G	0.1626	benign
Q8NH95	P144H	0.1456	benign
Q8NH95	P144I	0.2337	benign
Q8NH95	P144K	0.224	benign
Q8NH95	P144L	0.1433	benign
Q8NH95	P144M	0.3068	benign
Q8NH95	P144N	0.2319	benign
Q8NH95	P144Q	0.1304	benign
Q8NH95	P144R	0.1229	benign
Q8NH95	P144S	0.1231	benign
Q8NH95	P144T	0.1071	benign
Q8NH95	P144V	0.1568	benign
Q8NH95	P144W	0.3819	ambiguous
Q8NH95	P144Y	0.2666	benign
Q8NH95	I145A	0.1768	benign
Q8NH95	I145C	0.3365	benign
Q8NH95	I145D	0.3096	benign
Q8NH95	I145E	0.2682	benign
Q8NH95	I145F	0.0817	benign
Q8NH95	I145G	0.2393	benign
Q8NH95	I145H	0.2192	benign
Q8NH95	I145K	0.1992	benign
Q8NH95	I145L	0.0682	benign
Q8NH95	I145M	0.0867	benign
Q8NH95	I145N	0.1621	benign
Q8NH95	I145P	0.1904	benign
Q8NH95	I145Q	0.1798	benign
Q8NH95	I145R	0.1129	benign
Q8NH95	I145S	0.1356	benign
Q8NH95	I145T	0.258	benign
Q8NH95	I145V	0.0917	benign
Q8NH95	I145W	0.2866	benign
Q8NH95	I145Y	0.1992	benign
Q8NH95	R146A	0.081	benign
Q8NH95	R146C	0.1189	benign
Q8NH95	R146D	0.1997	benign
Q8NH95	R146E	0.1799	benign
Q8NH95	R146F	0.1418	benign
Q8NH95	R146G	0.0771	benign
Q8NH95	R146H	0.1007	benign
Q8NH95	R146I	0.1029	benign
Q8NH95	R146K	0.1401	benign
Q8NH95	R146L	0.095	benign
Q8NH95	R146M	0.1704	benign
Q8NH95	R146N	0.2085	benign
Q8NH95	R146P	0.0714	benign
Q8NH95	R146Q	0.1072	benign
Q8NH95	R146S	0.1032	benign
Q8NH95	R146T	0.0953	benign
Q8NH95	R146V	0.112	benign
Q8NH95	R146W	0.1498	benign
Q8NH95	R146Y	0.1633	benign
Q8NH95	L147A	0.1058	benign
Q8NH95	L147C	0.2372	benign
Q8NH95	L147D	0.2095	benign
Q8NH95	L147E	0.1436	benign
Q8NH95	L147F	0.0791	benign
Q8NH95	L147G	0.1487	benign
Q8NH95	L147H	0.1258	benign
Q8NH95	L147I	0.0808	benign
Q8NH95	L147K	0.1213	benign
Q8NH95	L147M	0.1124	benign
Q8NH95	L147N	0.1512	benign
Q8NH95	L147P	0.0743	benign
Q8NH95	L147Q	0.094	benign
Q8NH95	L147R	0.0921	benign
Q8NH95	L147S	0.1166	benign
Q8NH95	L147T	0.1254	benign
Q8NH95	L147V	0.0757	benign
Q8NH95	L147W	0.1223	benign
Q8NH95	L147Y	0.1536	benign
Q8NH95	P148A	0.0614	benign
Q8NH95	P148C	0.2103	benign
Q8NH95	P148D	0.1814	benign
Q8NH95	P148E	0.1399	benign
Q8NH95	P148F	0.2068	benign
Q8NH95	P148G	0.1204	benign
Q8NH95	P148H	0.1124	benign
Q8NH95	P148I	0.1733	benign
Q8NH95	P148K	0.175	benign
Q8NH95	P148L	0.1035	benign
Q8NH95	P148M	0.2402	benign
Q8NH95	P148N	0.193	benign
Q8NH95	P148Q	0.1038	benign
Q8NH95	P148R	0.0908	benign
Q8NH95	P148S	0.0847	benign
Q8NH95	P148T	0.0835	benign
Q8NH95	P148V	0.1174	benign
Q8NH95	P148W	0.2606	benign
Q8NH95	P148Y	0.1961	benign
Q8NH95	A149C	0.1963	benign
Q8NH95	A149D	0.1085	benign
Q8NH95	A149E	0.1103	benign
Q8NH95	A149F	0.1101	benign
Q8NH95	A149G	0.0766	benign
Q8NH95	A149H	0.162	benign
Q8NH95	A149I	0.1378	benign
Q8NH95	A149K	0.1683	benign
Q8NH95	A149L	0.0883	benign
Q8NH95	A149M	0.1972	benign
Q8NH95	A149N	0.1581	benign
Q8NH95	A149P	0.0666	benign
Q8NH95	A149Q	0.1252	benign
Q8NH95	A149R	0.1074	benign
Q8NH95	A149S	0.0774	benign
Q8NH95	A149T	0.0949	benign
Q8NH95	A149V	0.0893	benign
Q8NH95	A149W	0.2372	benign
Q8NH95	A149Y	0.1751	benign
Q8NH95	P150A	0.0507	benign
Q8NH95	P150C	0.1781	benign
Q8NH95	P150D	0.1464	benign
Q8NH95	P150E	0.1078	benign
Q8NH95	P150F	0.1744	benign
Q8NH95	P150G	0.0992	benign
Q8NH95	P150H	0.1028	benign
Q8NH95	P150I	0.1398	benign
Q8NH95	P150K	0.118	benign
Q8NH95	P150L	0.0926	benign
Q8NH95	P150M	0.1868	benign
Q8NH95	P150N	0.1406	benign
Q8NH95	P150Q	0.0878	benign
Q8NH95	P150R	0.0689	benign
Q8NH95	P150S	0.0696	benign
Q8NH95	P150T	0.0643	benign
Q8NH95	P150V	0.1015	benign
Q8NH95	P150W	0.2375	benign
Q8NH95	P150Y	0.1811	benign
Q8NH95	G151A	0.0739	benign
Q8NH95	G151C	0.1092	benign
Q8NH95	G151D	0.0988	benign
Q8NH95	G151E	0.1285	benign
Q8NH95	G151F	0.1887	benign
Q8NH95	G151H	0.1765	benign
Q8NH95	G151I	0.2015	benign
Q8NH95	G151K	0.2376	benign
Q8NH95	G151L	0.1517	benign
Q8NH95	G151M	0.2713	benign
Q8NH95	G151N	0.1344	benign
Q8NH95	G151P	0.1433	benign
Q8NH95	G151Q	0.168	benign
Q8NH95	G151R	0.1525	benign
Q8NH95	G151S	0.0783	benign
Q8NH95	G151T	0.133	benign
Q8NH95	G151V	0.1319	benign
Q8NH95	G151W	0.1406	benign
Q8NH95	G151Y	0.1872	benign
