P18509	M1A	0.5826	pathogenic
P18509	M1C	0.5291	ambiguous
P18509	M1D	0.9633	pathogenic
P18509	M1E	0.8529	pathogenic
P18509	M1F	0.4242	ambiguous
P18509	M1G	0.7243	pathogenic
P18509	M1H	0.8248	pathogenic
P18509	M1I	0.7047	pathogenic
P18509	M1K	0.732	pathogenic
P18509	M1L	0.2598	benign
P18509	M1N	0.8582	pathogenic
P18509	M1P	0.8035	pathogenic
P18509	M1Q	0.4939	ambiguous
P18509	M1R	0.5965	pathogenic
P18509	M1S	0.7023	pathogenic
P18509	M1T	0.6487	pathogenic
P18509	M1V	0.188	benign
P18509	M1W	0.686	pathogenic
P18509	M1Y	0.7899	pathogenic
P18509	T2A	0.0764	benign
P18509	T2C	0.5258	ambiguous
P18509	T2D	0.4932	ambiguous
P18509	T2E	0.422	ambiguous
P18509	T2F	0.3436	ambiguous
P18509	T2G	0.2013	benign
P18509	T2H	0.4042	ambiguous
P18509	T2I	0.406	ambiguous
P18509	T2K	0.3323	benign
P18509	T2L	0.2651	benign
P18509	T2M	0.2981	benign
P18509	T2N	0.2269	benign
P18509	T2P	0.1291	benign
P18509	T2Q	0.3524	ambiguous
P18509	T2R	0.2554	benign
P18509	T2S	0.1514	benign
P18509	T2V	0.31	benign
P18509	T2W	0.6608	pathogenic
P18509	T2Y	0.4548	ambiguous
P18509	M3A	0.2453	benign
P18509	M3C	0.5819	pathogenic
P18509	M3D	0.7225	pathogenic
P18509	M3E	0.5301	ambiguous
P18509	M3F	0.3124	benign
P18509	M3G	0.3323	benign
P18509	M3H	0.4987	ambiguous
P18509	M3I	0.7068	pathogenic
P18509	M3K	0.2882	benign
P18509	M3L	0.178	benign
P18509	M3N	0.5755	pathogenic
P18509	M3P	0.4798	ambiguous
P18509	M3Q	0.2581	benign
P18509	M3R	0.1819	benign
P18509	M3S	0.2913	benign
P18509	M3T	0.2876	benign
P18509	M3V	0.1192	benign
P18509	M3W	0.519	ambiguous
P18509	M3Y	0.5793	pathogenic
P18509	C4A	0.2417	benign
P18509	C4D	0.5794	pathogenic
P18509	C4E	0.7367	pathogenic
P18509	C4F	0.1642	benign
P18509	C4G	0.1009	benign
P18509	C4H	0.469	ambiguous
P18509	C4I	0.4835	ambiguous
P18509	C4K	0.7358	pathogenic
P18509	C4L	0.362	ambiguous
P18509	C4M	0.6098	pathogenic
P18509	C4N	0.4618	ambiguous
P18509	C4P	0.5005	ambiguous
P18509	C4Q	0.5576	ambiguous
P18509	C4R	0.3919	ambiguous
P18509	C4S	0.2004	benign
P18509	C4T	0.3303	benign
P18509	C4V	0.3611	ambiguous
P18509	C4W	0.3805	ambiguous
P18509	C4Y	0.2809	benign
P18509	S5A	0.1416	benign
P18509	S5C	0.16	benign
P18509	S5D	0.3633	ambiguous
P18509	S5E	0.5776	pathogenic
P18509	S5F	0.4378	ambiguous
P18509	S5G	0.083	benign
P18509	S5H	0.2807	benign
P18509	S5I	0.3518	ambiguous
P18509	S5K	0.6609	pathogenic
P18509	S5L	0.3387	benign
P18509	S5M	0.49	ambiguous
P18509	S5N	0.1784	benign
P18509	S5P	0.2478	benign
P18509	S5Q	0.5022	ambiguous
P18509	S5R	0.4618	ambiguous
P18509	S5T	0.1297	benign
P18509	S5V	0.3543	ambiguous
P18509	S5W	0.3951	ambiguous
P18509	S5Y	0.3821	ambiguous
P18509	G6A	0.1121	benign
P18509	G6C	0.3269	benign
P18509	G6D	0.5132	ambiguous
P18509	G6E	0.3717	ambiguous
P18509	G6F	0.5584	ambiguous
P18509	G6H	0.478	ambiguous
P18509	G6I	0.3558	ambiguous
P18509	G6K	0.3854	ambiguous
P18509	G6L	0.4438	ambiguous
P18509	G6M	0.526	ambiguous
P18509	G6N	0.5394	ambiguous
P18509	G6P	0.5017	ambiguous
P18509	G6Q	0.3841	ambiguous
P18509	G6R	0.2501	benign
P18509	G6S	0.1594	benign
P18509	G6T	0.1669	benign
P18509	G6V	0.2069	benign
P18509	G6W	0.3706	ambiguous
P18509	G6Y	0.5156	ambiguous
P18509	A7C	0.523	ambiguous
P18509	A7D	0.5723	pathogenic
P18509	A7E	0.4837	ambiguous
P18509	A7F	0.3183	benign
P18509	A7G	0.1487	benign
P18509	A7H	0.5496	ambiguous
P18509	A7I	0.3854	ambiguous
P18509	A7K	0.5922	pathogenic
P18509	A7L	0.2301	benign
P18509	A7M	0.382	ambiguous
P18509	A7N	0.5028	ambiguous
P18509	A7P	0.2081	benign
P18509	A7Q	0.42	ambiguous
P18509	A7R	0.3667	ambiguous
P18509	A7S	0.128	benign
P18509	A7T	0.1415	benign
P18509	A7V	0.1819	benign
P18509	A7W	0.5427	ambiguous
P18509	A7Y	0.5451	ambiguous
P18509	R8A	0.1541	benign
P18509	R8C	0.2129	benign
P18509	R8D	0.5442	ambiguous
P18509	R8E	0.3245	benign
P18509	R8F	0.3948	ambiguous
P18509	R8G	0.1003	benign
P18509	R8H	0.1887	benign
P18509	R8I	0.2399	benign
P18509	R8K	0.1673	benign
P18509	R8L	0.1708	benign
P18509	R8M	0.3121	benign
P18509	R8N	0.4352	ambiguous
P18509	R8P	0.2603	benign
P18509	R8Q	0.1395	benign
P18509	R8S	0.1753	benign
P18509	R8T	0.1129	benign
P18509	R8V	0.2193	benign
P18509	R8W	0.1984	benign
P18509	R8Y	0.4003	ambiguous
P18509	L9A	0.3211	benign
P18509	L9C	0.7095	pathogenic
P18509	L9D	0.923	pathogenic
P18509	L9E	0.7647	pathogenic
P18509	L9F	0.2591	benign
P18509	L9G	0.6187	pathogenic
P18509	L9H	0.7023	pathogenic
P18509	L9I	0.1725	benign
P18509	L9K	0.6789	pathogenic
P18509	L9M	0.2433	benign
P18509	L9N	0.8474	pathogenic
P18509	L9P	0.475	ambiguous
P18509	L9Q	0.5586	ambiguous
P18509	L9R	0.4846	ambiguous
P18509	L9S	0.6673	pathogenic
P18509	L9T	0.4051	ambiguous
P18509	L9V	0.1561	benign
P18509	L9W	0.3615	ambiguous
P18509	L9Y	0.6302	pathogenic
P18509	A10C	0.5385	ambiguous
P18509	A10D	0.8681	pathogenic
P18509	A10E	0.8485	pathogenic
P18509	A10F	0.3419	ambiguous
P18509	A10G	0.2358	benign
P18509	A10H	0.7886	pathogenic
P18509	A10I	0.4186	ambiguous
P18509	A10K	0.8974	pathogenic
P18509	A10L	0.2031	benign
P18509	A10M	0.4861	ambiguous
P18509	A10N	0.7976	pathogenic
P18509	A10P	0.4085	ambiguous
P18509	A10Q	0.7519	pathogenic
P18509	A10R	0.7454	pathogenic
P18509	A10S	0.1944	benign
P18509	A10T	0.2551	benign
P18509	A10V	0.231	benign
P18509	A10W	0.696	pathogenic
P18509	A10Y	0.6196	pathogenic
P18509	L11A	0.4333	ambiguous
P18509	L11C	0.6912	pathogenic
P18509	L11D	0.9749	pathogenic
P18509	L11E	0.906	pathogenic
P18509	L11F	0.1887	benign
P18509	L11G	0.7048	pathogenic
P18509	L11H	0.8277	pathogenic
P18509	L11I	0.2336	benign
P18509	L11K	0.8826	pathogenic
P18509	L11M	0.2526	benign
P18509	L11N	0.9329	pathogenic
P18509	L11P	0.7187	pathogenic
P18509	L11Q	0.7232	pathogenic
P18509	L11R	0.7159	pathogenic
P18509	L11S	0.7479	pathogenic
P18509	L11T	0.635	pathogenic
P18509	L11V	0.151	benign
P18509	L11W	0.4247	ambiguous
P18509	L11Y	0.7172	pathogenic
P18509	L12A	0.2881	benign
P18509	L12C	0.6624	pathogenic
P18509	L12D	0.9754	pathogenic
P18509	L12E	0.9173	pathogenic
P18509	L12F	0.2308	benign
P18509	L12G	0.6793	pathogenic
P18509	L12H	0.8418	pathogenic
P18509	L12I	0.1982	benign
P18509	L12K	0.9051	pathogenic
P18509	L12M	0.2636	benign
P18509	L12N	0.9467	pathogenic
P18509	L12P	0.5821	pathogenic
P18509	L12Q	0.7524	pathogenic
P18509	L12R	0.7609	pathogenic
P18509	L12S	0.7365	pathogenic
P18509	L12T	0.4628	ambiguous
P18509	L12V	0.1566	benign
P18509	L12W	0.4511	ambiguous
P18509	L12Y	0.7523	pathogenic
P18509	V13A	0.3967	ambiguous
P18509	V13C	0.7271	pathogenic
P18509	V13D	0.9238	pathogenic
P18509	V13E	0.8893	pathogenic
P18509	V13F	0.3295	benign
P18509	V13G	0.4059	ambiguous
P18509	V13H	0.9329	pathogenic
P18509	V13I	0.1105	benign
P18509	V13K	0.9158	pathogenic
P18509	V13L	0.2213	benign
P18509	V13M	0.535	ambiguous
P18509	V13N	0.9047	pathogenic
P18509	V13P	0.7574	pathogenic
P18509	V13Q	0.8696	pathogenic
P18509	V13R	0.793	pathogenic
P18509	V13S	0.667	pathogenic
P18509	V13T	0.5942	pathogenic
P18509	V13W	0.8739	pathogenic
P18509	V13Y	0.8152	pathogenic
P18509	Y14A	0.5625	ambiguous
P18509	Y14C	0.2133	benign
P18509	Y14D	0.8866	pathogenic
P18509	Y14E	0.9538	pathogenic
P18509	Y14F	0.2306	benign
P18509	Y14G	0.4758	ambiguous
P18509	Y14H	0.7563	pathogenic
P18509	Y14I	0.7664	pathogenic
P18509	Y14K	0.9672	pathogenic
P18509	Y14L	0.5394	ambiguous
P18509	Y14M	0.8059	pathogenic
P18509	Y14N	0.7467	pathogenic
P18509	Y14P	0.8827	pathogenic
P18509	Y14Q	0.9304	pathogenic
P18509	Y14R	0.9004	pathogenic
P18509	Y14S	0.4398	ambiguous
P18509	Y14T	0.671	pathogenic
P18509	Y14V	0.5753	pathogenic
P18509	Y14W	0.4577	ambiguous
P18509	G15A	0.2951	benign
P18509	G15C	0.4912	ambiguous
P18509	G15D	0.9486	pathogenic
P18509	G15E	0.9555	pathogenic
P18509	G15F	0.9112	pathogenic
P18509	G15H	0.9499	pathogenic
P18509	G15I	0.8195	pathogenic
P18509	G15K	0.9865	pathogenic
P18509	G15L	0.8315	pathogenic
P18509	G15M	0.913	pathogenic
P18509	G15N	0.9447	pathogenic
P18509	G15P	0.9737	pathogenic
P18509	G15Q	0.9505	pathogenic
P18509	G15R	0.9435	pathogenic
P18509	G15S	0.3805	ambiguous
P18509	G15T	0.6161	pathogenic
P18509	G15V	0.6289	pathogenic
P18509	G15W	0.8367	pathogenic
P18509	G15Y	0.9184	pathogenic
P18509	I16A	0.7501	pathogenic
P18509	I16C	0.83	pathogenic
P18509	I16D	0.9674	pathogenic
P18509	I16E	0.9568	pathogenic
P18509	I16F	0.3147	benign
P18509	I16G	0.8548	pathogenic
P18509	I16H	0.9286	pathogenic
P18509	I16K	0.9085	pathogenic
P18509	I16L	0.1484	benign
P18509	I16M	0.1865	benign
P18509	I16N	0.8257	pathogenic
P18509	I16P	0.947	pathogenic
P18509	I16Q	0.9248	pathogenic
P18509	I16R	0.8654	pathogenic
P18509	I16S	0.7934	pathogenic
P18509	I16T	0.8487	pathogenic
P18509	I16V	0.2717	benign
P18509	I16W	0.7838	pathogenic
P18509	I16Y	0.7649	pathogenic
P18509	I17A	0.523	ambiguous
P18509	I17C	0.7316	pathogenic
P18509	I17D	0.9719	pathogenic
P18509	I17E	0.946	pathogenic
P18509	I17F	0.233	benign
P18509	I17G	0.8009	pathogenic
P18509	I17H	0.8933	pathogenic
P18509	I17K	0.8893	pathogenic
P18509	I17L	0.0959	benign
P18509	I17M	0.1703	benign
P18509	I17N	0.8659	pathogenic
P18509	I17P	0.8507	pathogenic
P18509	I17Q	0.8617	pathogenic
P18509	I17R	0.7839	pathogenic
P18509	I17S	0.7244	pathogenic
P18509	I17T	0.6372	pathogenic
P18509	I17V	0.162	benign
P18509	I17W	0.7354	pathogenic
P18509	I17Y	0.7463	pathogenic
P18509	M18A	0.5093	ambiguous
P18509	M18C	0.7428	pathogenic
P18509	M18D	0.9697	pathogenic
P18509	M18E	0.8102	pathogenic
P18509	M18F	0.5581	ambiguous
P18509	M18G	0.6639	pathogenic
P18509	M18H	0.8142	pathogenic
P18509	M18I	0.8188	pathogenic
P18509	M18K	0.6444	pathogenic
P18509	M18L	0.307	benign
P18509	M18N	0.832	pathogenic
P18509	M18P	0.9046	pathogenic
P18509	M18Q	0.4288	ambiguous
P18509	M18R	0.4859	ambiguous
P18509	M18S	0.5348	ambiguous
P18509	M18T	0.3768	ambiguous
P18509	M18V	0.1923	benign
P18509	M18W	0.8212	pathogenic
P18509	M18Y	0.8702	pathogenic
P18509	H19A	0.555	ambiguous
P18509	H19C	0.424	ambiguous
P18509	H19D	0.6224	pathogenic
P18509	H19E	0.6775	pathogenic
P18509	H19F	0.6434	pathogenic
P18509	H19G	0.4301	ambiguous
P18509	H19I	0.8026	pathogenic
P18509	H19K	0.5981	pathogenic
P18509	H19L	0.3835	ambiguous
P18509	H19M	0.8537	pathogenic
P18509	H19N	0.3224	benign
P18509	H19P	0.3426	ambiguous
P18509	H19Q	0.4466	ambiguous
P18509	H19R	0.2354	benign
P18509	H19S	0.5218	ambiguous
P18509	H19T	0.6384	pathogenic
P18509	H19V	0.6538	pathogenic
P18509	H19W	0.6112	pathogenic
P18509	H19Y	0.2624	benign
P18509	S20A	0.1383	benign
P18509	S20C	0.1194	benign
P18509	S20D	0.5393	ambiguous
P18509	S20E	0.7343	pathogenic
P18509	S20F	0.4734	ambiguous
P18509	S20G	0.0786	benign
P18509	S20H	0.4269	ambiguous
P18509	S20I	0.4437	ambiguous
P18509	S20K	0.8811	pathogenic
P18509	S20L	0.4046	ambiguous
P18509	S20M	0.5632	ambiguous
P18509	S20N	0.2915	benign
P18509	S20P	0.4036	ambiguous
P18509	S20Q	0.6665	pathogenic
P18509	S20R	0.753	pathogenic
P18509	S20T	0.1449	benign
P18509	S20V	0.3947	ambiguous
P18509	S20W	0.4186	ambiguous
P18509	S20Y	0.3475	ambiguous
P18509	S21A	0.1094	benign
P18509	S21C	0.1611	benign
P18509	S21D	0.4871	ambiguous
P18509	S21E	0.6394	pathogenic
P18509	S21F	0.4925	ambiguous
P18509	S21G	0.0796	benign
P18509	S21H	0.3944	ambiguous
P18509	S21I	0.4119	ambiguous
P18509	S21K	0.7698	pathogenic
P18509	S21L	0.3534	ambiguous
P18509	S21M	0.4787	ambiguous
P18509	S21N	0.2732	benign
P18509	S21P	0.2989	benign
P18509	S21Q	0.5741	pathogenic
P18509	S21R	0.5712	pathogenic
P18509	S21T	0.1269	benign
P18509	S21V	0.3358	benign
P18509	S21W	0.4157	ambiguous
P18509	S21Y	0.4241	ambiguous
P18509	V22A	0.1766	benign
P18509	V22C	0.5764	pathogenic
P18509	V22D	0.4861	ambiguous
P18509	V22E	0.5027	ambiguous
P18509	V22F	0.2329	benign
P18509	V22G	0.1606	benign
P18509	V22H	0.6812	pathogenic
P18509	V22I	0.1189	benign
P18509	V22K	0.6946	pathogenic
P18509	V22L	0.2762	benign
P18509	V22M	0.3654	ambiguous
P18509	V22N	0.4938	ambiguous
P18509	V22P	0.3697	ambiguous
P18509	V22Q	0.5316	ambiguous
P18509	V22R	0.421	ambiguous
P18509	V22S	0.2705	benign
P18509	V22T	0.3287	benign
P18509	V22W	0.7566	pathogenic
P18509	V22Y	0.6206	pathogenic
P18509	Y23A	0.2422	benign
P18509	Y23C	0.0961	benign
P18509	Y23D	0.2575	benign
P18509	Y23E	0.5394	ambiguous
P18509	Y23F	0.1182	benign
P18509	Y23G	0.1835	benign
P18509	Y23H	0.1626	benign
P18509	Y23I	0.4022	ambiguous
P18509	Y23K	0.6053	pathogenic
P18509	Y23L	0.3344	benign
P18509	Y23M	0.5978	pathogenic
P18509	Y23N	0.2021	benign
P18509	Y23P	0.3092	benign
P18509	Y23Q	0.3909	ambiguous
P18509	Y23R	0.3316	benign
P18509	Y23S	0.1123	benign
P18509	Y23T	0.2624	benign
P18509	Y23V	0.2866	benign
P18509	Y23W	0.243	benign
P18509	S24A	0.0812	benign
P18509	S24C	0.0389	benign
P18509	S24D	0.3728	ambiguous
P18509	S24E	0.5344	ambiguous
P18509	S24F	0.2465	benign
P18509	S24G	0.0435	benign
P18509	S24H	0.3327	benign
P18509	S24I	0.2647	benign
P18509	S24K	0.7404	pathogenic
P18509	S24L	0.2194	benign
P18509	S24M	0.4273	ambiguous
P18509	S24N	0.2459	benign
P18509	S24P	0.152	benign
P18509	S24Q	0.4982	ambiguous
P18509	S24R	0.4741	ambiguous
P18509	S24T	0.1147	benign
P18509	S24V	0.2037	benign
P18509	S24W	0.2535	benign
P18509	S24Y	0.2117	benign
P18509	S25A	0.1183	benign
P18509	S25C	0.2223	benign
P18509	S25D	0.6871	pathogenic
P18509	S25E	0.7088	pathogenic
P18509	S25F	0.3019	benign
P18509	S25G	0.1713	benign
P18509	S25H	0.5624	ambiguous
P18509	S25I	0.4634	ambiguous
P18509	S25K	0.9051	pathogenic
P18509	S25L	0.2637	benign
P18509	S25M	0.4968	ambiguous
P18509	S25N	0.5807	pathogenic
P18509	S25P	0.2005	benign
P18509	S25Q	0.7193	pathogenic
P18509	S25R	0.8277	pathogenic
P18509	S25T	0.1493	benign
P18509	S25V	0.3269	benign
P18509	S25W	0.3984	ambiguous
P18509	S25Y	0.3208	benign
P18509	P26A	0.1224	benign
P18509	P26C	0.6798	pathogenic
P18509	P26D	0.5157	ambiguous
P18509	P26E	0.3948	ambiguous
P18509	P26F	0.696	pathogenic
P18509	P26G	0.2877	benign
P18509	P26H	0.3315	benign
P18509	P26I	0.6738	pathogenic
P18509	P26K	0.5609	ambiguous
P18509	P26L	0.3335	benign
P18509	P26M	0.6686	pathogenic
P18509	P26N	0.5856	pathogenic
P18509	P26Q	0.2883	benign
P18509	P26R	0.2436	benign
P18509	P26S	0.1735	benign
P18509	P26T	0.1751	benign
P18509	P26V	0.3994	ambiguous
P18509	P26W	0.7027	pathogenic
P18509	P26Y	0.6534	pathogenic
P18509	A27C	0.4963	ambiguous
P18509	A27D	0.167	benign
P18509	A27E	0.1808	benign
P18509	A27F	0.3334	benign
P18509	A27G	0.1072	benign
P18509	A27H	0.3971	ambiguous
P18509	A27I	0.3653	ambiguous
P18509	A27K	0.4573	ambiguous
P18509	A27L	0.2009	benign
P18509	A27M	0.3768	ambiguous
P18509	A27N	0.3073	benign
P18509	A27P	0.1073	benign
P18509	A27Q	0.2944	benign
P18509	A27R	0.3	benign
P18509	A27S	0.1097	benign
P18509	A27T	0.1215	benign
P18509	A27V	0.1431	benign
P18509	A27W	0.5452	ambiguous
P18509	A27Y	0.4321	ambiguous
P18509	A28C	0.4553	ambiguous
P18509	A28D	0.2325	benign
P18509	A28E	0.2033	benign
P18509	A28F	0.3205	benign
P18509	A28G	0.1025	benign
P18509	A28H	0.4147	ambiguous
P18509	A28I	0.3408	ambiguous
P18509	A28K	0.4404	ambiguous
P18509	A28L	0.1954	benign
P18509	A28M	0.319	benign
P18509	A28N	0.3181	benign
P18509	A28P	0.1291	benign
P18509	A28Q	0.3109	benign
P18509	A28R	0.2946	benign
P18509	A28S	0.1111	benign
P18509	A28T	0.1069	benign
P18509	A28V	0.1418	benign
P18509	A28W	0.542	ambiguous
P18509	A28Y	0.4361	ambiguous
P18509	A29C	0.4547	ambiguous
P18509	A29D	0.2103	benign
P18509	A29E	0.2121	benign
P18509	A29F	0.3548	ambiguous
P18509	A29G	0.0936	benign
P18509	A29H	0.4155	ambiguous
P18509	A29I	0.3833	ambiguous
P18509	A29K	0.4536	ambiguous
P18509	A29L	0.2272	benign
P18509	A29M	0.3713	ambiguous
P18509	A29N	0.3057	benign
P18509	A29P	0.1349	benign
P18509	A29Q	0.3173	benign
P18509	A29R	0.295	benign
P18509	A29S	0.0961	benign
P18509	A29T	0.1031	benign
P18509	A29V	0.1593	benign
P18509	A29W	0.5503	ambiguous
P18509	A29Y	0.4428	ambiguous
P18509	G30A	0.1491	benign
P18509	G30C	0.3432	ambiguous
P18509	G30D	0.3548	ambiguous
P18509	G30E	0.3584	ambiguous
P18509	G30F	0.5698	pathogenic
P18509	G30H	0.5913	pathogenic
P18509	G30I	0.4039	ambiguous
P18509	G30K	0.7493	pathogenic
P18509	G30L	0.4438	ambiguous
P18509	G30M	0.6269	pathogenic
P18509	G30N	0.5473	ambiguous
P18509	G30P	0.4783	ambiguous
P18509	G30Q	0.5374	ambiguous
P18509	G30R	0.5115	ambiguous
P18509	G30S	0.1863	benign
P18509	G30T	0.2743	benign
P18509	G30V	0.2262	benign
P18509	G30W	0.4595	ambiguous
P18509	G30Y	0.5458	ambiguous
P18509	L31A	0.3046	benign
P18509	L31C	0.5798	pathogenic
P18509	L31D	0.6246	pathogenic
P18509	L31E	0.3454	ambiguous
P18509	L31F	0.1373	benign
P18509	L31G	0.359	ambiguous
P18509	L31H	0.3479	ambiguous
P18509	L31I	0.1411	benign
P18509	L31K	0.385	ambiguous
P18509	L31M	0.1842	benign
P18509	L31N	0.4959	ambiguous
P18509	L31P	0.1774	benign
P18509	L31Q	0.2092	benign
P18509	L31R	0.2068	benign
P18509	L31S	0.3815	ambiguous
P18509	L31T	0.3576	ambiguous
P18509	L31V	0.1383	benign
P18509	L31W	0.2236	benign
P18509	L31Y	0.3936	ambiguous
P18509	R32A	0.1205	benign
P18509	R32C	0.1503	benign
P18509	R32D	0.2246	benign
P18509	R32E	0.1738	benign
P18509	R32F	0.2815	benign
P18509	R32G	0.0795	benign
P18509	R32H	0.1073	benign
P18509	R32I	0.1887	benign
P18509	R32K	0.156	benign
P18509	R32L	0.0925	benign
P18509	R32M	0.2556	benign
P18509	R32N	0.2487	benign
P18509	R32P	0.0873	benign
P18509	R32Q	0.092	benign
P18509	R32S	0.1351	benign
P18509	R32T	0.119	benign
P18509	R32V	0.1663	benign
P18509	R32W	0.1403	benign
P18509	R32Y	0.2374	benign
P18509	F33A	0.7361	pathogenic
P18509	F33C	0.6585	pathogenic
P18509	F33D	0.8091	pathogenic
P18509	F33E	0.8165	pathogenic
P18509	F33G	0.7625	pathogenic
P18509	F33H	0.7107	pathogenic
P18509	F33I	0.4156	ambiguous
P18509	F33K	0.8879	pathogenic
P18509	F33L	0.8647	pathogenic
P18509	F33M	0.7418	pathogenic
P18509	F33N	0.7729	pathogenic
P18509	F33P	0.8513	pathogenic
P18509	F33Q	0.7788	pathogenic
P18509	F33R	0.7795	pathogenic
P18509	F33S	0.6368	pathogenic
P18509	F33T	0.7864	pathogenic
P18509	F33V	0.4336	ambiguous
P18509	F33W	0.4674	ambiguous
P18509	F33Y	0.1993	benign
P18509	P34A	0.135	benign
P18509	P34C	0.593	pathogenic
P18509	P34D	0.5466	ambiguous
P18509	P34E	0.4185	ambiguous
P18509	P34F	0.6777	pathogenic
P18509	P34G	0.3059	benign
P18509	P34H	0.3078	benign
P18509	P34I	0.643	pathogenic
P18509	P34K	0.6044	pathogenic
P18509	P34L	0.3045	benign
P18509	P34M	0.6879	pathogenic
P18509	P34N	0.6339	pathogenic
P18509	P34Q	0.2846	benign
P18509	P34R	0.2354	benign
P18509	P34S	0.1829	benign
P18509	P34T	0.2057	benign
P18509	P34V	0.4372	ambiguous
P18509	P34W	0.608	pathogenic
P18509	P34Y	0.644	pathogenic
P18509	G35A	0.1074	benign
P18509	G35C	0.2998	benign
P18509	G35D	0.1851	benign
P18509	G35E	0.1921	benign
P18509	G35F	0.5493	ambiguous
P18509	G35H	0.3721	ambiguous
P18509	G35I	0.363	ambiguous
P18509	G35K	0.4439	ambiguous
P18509	G35L	0.3902	ambiguous
P18509	G35M	0.5201	ambiguous
P18509	G35N	0.3549	ambiguous
P18509	G35P	0.4163	ambiguous
P18509	G35Q	0.3045	benign
P18509	G35R	0.2497	benign
P18509	G35S	0.1392	benign
P18509	G35T	0.1957	benign
P18509	G35V	0.1852	benign
P18509	G35W	0.365	ambiguous
P18509	G35Y	0.4439	ambiguous
P18509	I36A	0.5538	ambiguous
P18509	I36C	0.7571	pathogenic
P18509	I36D	0.6519	pathogenic
P18509	I36E	0.5916	pathogenic
P18509	I36F	0.1288	benign
P18509	I36G	0.6052	pathogenic
P18509	I36H	0.6045	pathogenic
P18509	I36K	0.6224	pathogenic
P18509	I36L	0.1287	benign
P18509	I36M	0.1784	benign
P18509	I36N	0.4272	ambiguous
P18509	I36P	0.5076	ambiguous
P18509	I36Q	0.5534	ambiguous
P18509	I36R	0.4811	ambiguous
P18509	I36S	0.4499	ambiguous
P18509	I36T	0.6908	pathogenic
P18509	I36V	0.2369	benign
P18509	I36W	0.5427	ambiguous
P18509	I36Y	0.3811	ambiguous
P18509	R37A	0.2828	benign
P18509	R37C	0.3441	ambiguous
P18509	R37D	0.4919	ambiguous
P18509	R37E	0.2516	benign
P18509	R37F	0.4977	ambiguous
P18509	R37G	0.1526	benign
P18509	R37H	0.2057	benign
P18509	R37I	0.3409	ambiguous
P18509	R37K	0.2848	benign
P18509	R37L	0.2237	benign
P18509	R37M	0.4243	ambiguous
P18509	R37N	0.6298	pathogenic
P18509	R37P	0.2508	benign
P18509	R37Q	0.1543	benign
P18509	R37S	0.329	benign
P18509	R37T	0.2586	benign
P18509	R37V	0.3246	benign
P18509	R37W	0.227	benign
P18509	R37Y	0.4705	ambiguous
P18509	P38A	0.0703	benign
P18509	P38C	0.4945	ambiguous
P18509	P38D	0.2317	benign
P18509	P38E	0.1584	benign
P18509	P38F	0.4156	ambiguous
P18509	P38G	0.1608	benign
P18509	P38H	0.1932	benign
P18509	P38I	0.3298	benign
P18509	P38K	0.279	benign
P18509	P38L	0.1237	benign
P18509	P38M	0.3094	benign
P18509	P38N	0.2885	benign
P18509	P38Q	0.1395	benign
P18509	P38R	0.1387	benign
P18509	P38S	0.1013	benign
P18509	P38T	0.0945	benign
P18509	P38V	0.1913	benign
P18509	P38W	0.3817	ambiguous
P18509	P38Y	0.3699	ambiguous
P18509	E39A	0.1308	benign
P18509	E39C	0.8505	pathogenic
P18509	E39D	0.1736	benign
P18509	E39F	0.7811	pathogenic
P18509	E39G	0.1034	benign
P18509	E39H	0.5126	ambiguous
P18509	E39I	0.5914	pathogenic
P18509	E39K	0.1985	benign
P18509	E39L	0.4089	ambiguous
P18509	E39M	0.6022	pathogenic
P18509	E39N	0.4562	ambiguous
P18509	E39P	0.2976	benign
P18509	E39Q	0.1464	benign
P18509	E39R	0.1872	benign
P18509	E39S	0.2336	benign
P18509	E39T	0.2821	benign
P18509	E39V	0.2849	benign
P18509	E39W	0.8088	pathogenic
P18509	E39Y	0.6654	pathogenic
P18509	E40A	0.1101	benign
P18509	E40C	0.7384	pathogenic
P18509	E40D	0.0642	benign
P18509	E40F	0.6261	pathogenic
P18509	E40G	0.0835	benign
P18509	E40H	0.3398	benign
P18509	E40I	0.4147	ambiguous
P18509	E40K	0.1809	benign
P18509	E40L	0.3297	benign
P18509	E40M	0.4613	ambiguous
P18509	E40N	0.1421	benign
P18509	E40P	0.2569	benign
P18509	E40Q	0.1481	benign
P18509	E40R	0.1998	benign
P18509	E40S	0.1484	benign
P18509	E40T	0.1689	benign
P18509	E40V	0.2125	benign
P18509	E40W	0.7163	pathogenic
P18509	E40Y	0.4045	ambiguous
P18509	E41A	0.0955	benign
P18509	E41C	0.8388	pathogenic
P18509	E41D	0.1241	benign
P18509	E41F	0.6677	pathogenic
P18509	E41G	0.1081	benign
P18509	E41H	0.4527	ambiguous
P18509	E41I	0.4116	ambiguous
P18509	E41K	0.2204	benign
P18509	E41L	0.355	ambiguous
P18509	E41M	0.4544	ambiguous
P18509	E41N	0.2964	benign
P18509	E41P	0.2885	benign
P18509	E41Q	0.1622	benign
P18509	E41R	0.2499	benign
P18509	E41S	0.2161	benign
P18509	E41T	0.1897	benign
P18509	E41V	0.198	benign
P18509	E41W	0.8118	pathogenic
P18509	E41Y	0.5085	ambiguous
P18509	A42C	0.4868	ambiguous
P18509	A42D	0.1266	benign
P18509	A42E	0.1333	benign
P18509	A42F	0.2213	benign
P18509	A42G	0.0912	benign
P18509	A42H	0.3481	ambiguous
P18509	A42I	0.1631	benign
P18509	A42K	0.3318	benign
P18509	A42L	0.146	benign
P18509	A42M	0.2354	benign
P18509	A42N	0.1769	benign
P18509	A42P	0.1142	benign
P18509	A42Q	0.2527	benign
P18509	A42R	0.229	benign
P18509	A42S	0.0975	benign
P18509	A42T	0.0877	benign
P18509	A42V	0.0823	benign
P18509	A42W	0.4772	ambiguous
P18509	A42Y	0.3106	benign
P18509	Y43A	0.227	benign
P18509	Y43C	0.1584	benign
P18509	Y43D	0.2144	benign
P18509	Y43E	0.4608	ambiguous
P18509	Y43F	0.1251	benign
P18509	Y43G	0.1887	benign
P18509	Y43H	0.3297	benign
P18509	Y43I	0.5345	ambiguous
P18509	Y43K	0.6935	pathogenic
P18509	Y43L	0.3877	ambiguous
P18509	Y43M	0.6292	pathogenic
P18509	Y43N	0.297	benign
P18509	Y43P	0.3567	ambiguous
P18509	Y43Q	0.508	ambiguous
P18509	Y43R	0.3921	ambiguous
P18509	Y43S	0.158	benign
P18509	Y43T	0.3293	benign
P18509	Y43V	0.3225	benign
P18509	Y43W	0.2373	benign
P18509	G44A	0.0989	benign
P18509	G44C	0.2309	benign
P18509	G44D	0.0556	benign
P18509	G44E	0.0955	benign
P18509	G44F	0.4339	ambiguous
P18509	G44H	0.199	benign
P18509	G44I	0.3129	benign
P18509	G44K	0.3422	ambiguous
P18509	G44L	0.237	benign
P18509	G44M	0.4429	ambiguous
P18509	G44N	0.1746	benign
P18509	G44P	0.3733	ambiguous
P18509	G44Q	0.1774	benign
P18509	G44R	0.1589	benign
P18509	G44S	0.0929	benign
P18509	G44T	0.1435	benign
P18509	G44V	0.1641	benign
P18509	G44W	0.2625	benign
P18509	G44Y	0.2598	benign
P18509	E45A	0.0941	benign
P18509	E45C	0.6473	pathogenic
P18509	E45D	0.0833	benign
P18509	E45F	0.4984	ambiguous
P18509	E45G	0.0741	benign
P18509	E45H	0.2475	benign
P18509	E45I	0.3129	benign
P18509	E45K	0.1135	benign
P18509	E45L	0.2411	benign
P18509	E45M	0.3611	ambiguous
P18509	E45N	0.1916	benign
P18509	E45P	0.1818	benign
P18509	E45Q	0.1017	benign
P18509	E45R	0.1116	benign
P18509	E45S	0.1333	benign
P18509	E45T	0.1573	benign
P18509	E45V	0.1758	benign
P18509	E45W	0.546	ambiguous
P18509	E45Y	0.3765	ambiguous
P18509	D46A	0.1086	benign
P18509	D46C	0.5271	ambiguous
P18509	D46E	0.1262	benign
P18509	D46F	0.4152	ambiguous
P18509	D46G	0.0824	benign
P18509	D46H	0.2142	benign
P18509	D46I	0.3366	benign
P18509	D46K	0.2814	benign
P18509	D46L	0.2958	benign
P18509	D46M	0.5208	ambiguous
P18509	D46N	0.1087	benign
P18509	D46P	0.3051	benign
P18509	D46Q	0.2347	benign
P18509	D46R	0.2181	benign
P18509	D46S	0.1187	benign
P18509	D46T	0.1818	benign
P18509	D46V	0.1865	benign
P18509	D46W	0.6088	pathogenic
P18509	D46Y	0.1462	benign
P18509	G47A	0.1557	benign
P18509	G47C	0.2923	benign
P18509	G47D	0.1887	benign
P18509	G47E	0.1977	benign
P18509	G47F	0.5947	pathogenic
P18509	G47H	0.3801	ambiguous
P18509	G47I	0.4005	ambiguous
P18509	G47K	0.4248	ambiguous
P18509	G47L	0.4356	ambiguous
P18509	G47M	0.527	ambiguous
P18509	G47N	0.3543	ambiguous
P18509	G47P	0.5496	ambiguous
P18509	G47Q	0.3087	benign
P18509	G47R	0.2192	benign
P18509	G47S	0.1519	benign
P18509	G47T	0.2399	benign
P18509	G47V	0.2589	benign
P18509	G47W	0.3187	benign
P18509	G47Y	0.4469	ambiguous
P18509	N48A	0.1403	benign
P18509	N48C	0.2464	benign
P18509	N48D	0.1144	benign
P18509	N48E	0.1798	benign
P18509	N48F	0.2708	benign
P18509	N48G	0.1859	benign
P18509	N48H	0.0986	benign
P18509	N48I	0.1258	benign
P18509	N48K	0.2066	benign
P18509	N48L	0.1304	benign
P18509	N48M	0.2315	benign
P18509	N48P	0.2182	benign
P18509	N48Q	0.1915	benign
P18509	N48R	0.1771	benign
P18509	N48S	0.0759	benign
P18509	N48T	0.1073	benign
P18509	N48V	0.1406	benign
P18509	N48W	0.4349	ambiguous
P18509	N48Y	0.1125	benign
P18509	P49A	0.0612	benign
P18509	P49C	0.3317	benign
P18509	P49D	0.1614	benign
P18509	P49E	0.119	benign
P18509	P49F	0.2067	benign
P18509	P49G	0.1239	benign
P18509	P49H	0.1168	benign
P18509	P49I	0.159	benign
P18509	P49K	0.1994	benign
P18509	P49L	0.0748	benign
P18509	P49M	0.2046	benign
P18509	P49N	0.197	benign
P18509	P49Q	0.1012	benign
P18509	P49R	0.086	benign
P18509	P49S	0.0771	benign
P18509	P49T	0.0717	benign
P18509	P49V	0.1033	benign
P18509	P49W	0.2418	benign
P18509	P49Y	0.2139	benign
P18509	L50A	0.0963	benign
P18509	L50C	0.3983	ambiguous
P18509	L50D	0.2821	benign
P18509	L50E	0.122	benign
P18509	L50F	0.1188	benign
P18509	L50G	0.1714	benign
P18509	L50H	0.1562	benign
P18509	L50I	0.1239	benign
P18509	L50K	0.1707	benign
P18509	L50M	0.1499	benign
P18509	L50N	0.2492	benign
P18509	L50P	0.0813	benign
P18509	L50Q	0.0853	benign
P18509	L50R	0.0853	benign
P18509	L50S	0.1342	benign
P18509	L50T	0.1521	benign
P18509	L50V	0.083	benign
P18509	L50W	0.1489	benign
P18509	L50Y	0.238	benign
P18509	P51A	0.0645	benign
P18509	P51C	0.3985	ambiguous
P18509	P51D	0.1718	benign
P18509	P51E	0.0934	benign
P18509	P51F	0.3291	benign
P18509	P51G	0.1201	benign
P18509	P51H	0.1275	benign
P18509	P51I	0.2505	benign
P18509	P51K	0.1525	benign
P18509	P51L	0.094	benign
P18509	P51M	0.2518	benign
P18509	P51N	0.215	benign
P18509	P51Q	0.0665	benign
P18509	P51R	0.0776	benign
P18509	P51S	0.0863	benign
P18509	P51T	0.0882	benign
P18509	P51V	0.1453	benign
P18509	P51W	0.2411	benign
P18509	P51Y	0.2804	benign
P18509	D52A	0.077	benign
P18509	D52C	0.3714	ambiguous
P18509	D52E	0.139	benign
P18509	D52F	0.3119	benign
P18509	D52G	0.0755	benign
P18509	D52H	0.1582	benign
P18509	D52I	0.2587	benign
P18509	D52K	0.3001	benign
P18509	D52L	0.2026	benign
P18509	D52M	0.4897	ambiguous
P18509	D52N	0.1151	benign
P18509	D52P	0.1954	benign
P18509	D52Q	0.2052	benign
P18509	D52R	0.1684	benign
P18509	D52S	0.0858	benign
P18509	D52T	0.1676	benign
P18509	D52V	0.1265	benign
P18509	D52W	0.5328	ambiguous
P18509	D52Y	0.1221	benign
P18509	F53A	0.0891	benign
P18509	F53C	0.1925	benign
P18509	F53D	0.1373	benign
P18509	F53E	0.2202	benign
P18509	F53G	0.1494	benign
P18509	F53H	0.2445	benign
P18509	F53I	0.1215	benign
P18509	F53K	0.3894	ambiguous
P18509	F53L	0.3925	ambiguous
P18509	F53M	0.2737	benign
P18509	F53N	0.2413	benign
P18509	F53P	0.234	benign
P18509	F53Q	0.2863	benign
P18509	F53R	0.2023	benign
P18509	F53S	0.0865	benign
P18509	F53T	0.1158	benign
P18509	F53V	0.0877	benign
P18509	F53W	0.1526	benign
P18509	F53Y	0.1023	benign
P18509	D54A	0.064	benign
P18509	D54C	0.18	benign
P18509	D54E	0.1003	benign
P18509	D54F	0.1582	benign
P18509	D54G	0.0613	benign
P18509	D54H	0.0837	benign
P18509	D54I	0.2007	benign
P18509	D54K	0.2235	benign
P18509	D54L	0.1217	benign
P18509	D54M	0.3727	ambiguous
P18509	D54N	0.1004	benign
P18509	D54P	0.1221	benign
P18509	D54Q	0.1284	benign
P18509	D54R	0.1015	benign
P18509	D54S	0.0627	benign
P18509	D54T	0.1152	benign
P18509	D54V	0.1141	benign
P18509	D54W	0.2627	benign
P18509	D54Y	0.0529	benign
P18509	G55A	0.0764	benign
P18509	G55C	0.1564	benign
P18509	G55D	0.06	benign
P18509	G55E	0.0878	benign
P18509	G55F	0.2347	benign
P18509	G55H	0.1396	benign
P18509	G55I	0.1507	benign
P18509	G55K	0.2381	benign
P18509	G55L	0.1691	benign
P18509	G55M	0.3116	benign
P18509	G55N	0.1433	benign
P18509	G55P	0.1903	benign
P18509	G55Q	0.1572	benign
P18509	G55R	0.1165	benign
P18509	G55S	0.0789	benign
P18509	G55T	0.106	benign
P18509	G55V	0.0942	benign
P18509	G55W	0.165	benign
P18509	G55Y	0.1403	benign
P18509	S56A	0.0647	benign
P18509	S56C	0.1391	benign
P18509	S56D	0.1334	benign
P18509	S56E	0.1286	benign
P18509	S56F	0.1181	benign
P18509	S56G	0.0729	benign
P18509	S56H	0.1575	benign
P18509	S56I	0.1415	benign
P18509	S56K	0.2594	benign
P18509	S56L	0.0859	benign
P18509	S56M	0.176	benign
P18509	S56N	0.1431	benign
P18509	S56P	0.0647	benign
P18509	S56Q	0.1751	benign
P18509	S56R	0.1675	benign
P18509	S56T	0.0805	benign
P18509	S56V	0.1172	benign
P18509	S56W	0.0926	benign
P18509	S56Y	0.1152	benign
P18509	E57A	0.0716	benign
P18509	E57C	0.5076	ambiguous
P18509	E57D	0.0654	benign
P18509	E57F	0.3313	benign
P18509	E57G	0.0679	benign
P18509	E57H	0.184	benign
P18509	E57I	0.2205	benign
P18509	E57K	0.1227	benign
P18509	E57L	0.1446	benign
P18509	E57M	0.3067	benign
P18509	E57N	0.1568	benign
P18509	E57P	0.1276	benign
P18509	E57Q	0.089	benign
P18509	E57R	0.1044	benign
P18509	E57S	0.0969	benign
P18509	E57T	0.1262	benign
P18509	E57V	0.1094	benign
P18509	E57W	0.4594	ambiguous
P18509	E57Y	0.2653	benign
P18509	P58A	0.0591	benign
P18509	P58C	0.3558	ambiguous
P18509	P58D	0.1413	benign
P18509	P58E	0.1066	benign
P18509	P58F	0.1884	benign
P18509	P58G	0.1213	benign
P18509	P58H	0.117	benign
P18509	P58I	0.1438	benign
P18509	P58K	0.1605	benign
P18509	P58L	0.0808	benign
P18509	P58M	0.1734	benign
P18509	P58N	0.1671	benign
P18509	P58Q	0.0922	benign
P18509	P58R	0.0908	benign
P18509	P58S	0.0744	benign
P18509	P58T	0.0736	benign
P18509	P58V	0.0975	benign
P18509	P58W	0.2481	benign
P18509	P58Y	0.1917	benign
P18509	P59A	0.0523	benign
P18509	P59C	0.34	ambiguous
P18509	P59D	0.1508	benign
P18509	P59E	0.1088	benign
P18509	P59F	0.2121	benign
P18509	P59G	0.1092	benign
P18509	P59H	0.1319	benign
P18509	P59I	0.1907	benign
P18509	P59K	0.1826	benign
P18509	P59L	0.0804	benign
P18509	P59M	0.2204	benign
P18509	P59N	0.2227	benign
P18509	P59Q	0.0987	benign
P18509	P59R	0.081	benign
P18509	P59S	0.0776	benign
P18509	P59T	0.0786	benign
P18509	P59V	0.1101	benign
P18509	P59W	0.2231	benign
P18509	P59Y	0.2406	benign
P18509	G60A	0.0685	benign
P18509	G60C	0.2309	benign
P18509	G60D	0.0979	benign
P18509	G60E	0.0912	benign
P18509	G60F	0.29	benign
P18509	G60H	0.2001	benign
P18509	G60I	0.1997	benign
P18509	G60K	0.2146	benign
P18509	G60L	0.1618	benign
P18509	G60M	0.2832	benign
P18509	G60N	0.2245	benign
P18509	G60P	0.1597	benign
P18509	G60Q	0.1573	benign
P18509	G60R	0.1153	benign
P18509	G60S	0.1045	benign
P18509	G60T	0.1121	benign
P18509	G60V	0.0974	benign
P18509	G60W	0.1815	benign
P18509	G60Y	0.2471	benign
P18509	A61C	0.338	benign
P18509	A61D	0.1087	benign
P18509	A61E	0.0947	benign
P18509	A61F	0.1583	benign
P18509	A61G	0.0771	benign
P18509	A61H	0.2241	benign
P18509	A61I	0.1384	benign
P18509	A61K	0.2101	benign
P18509	A61L	0.0965	benign
P18509	A61M	0.1659	benign
P18509	A61N	0.1732	benign
P18509	A61P	0.0738	benign
P18509	A61Q	0.1607	benign
P18509	A61R	0.1353	benign
P18509	A61S	0.0916	benign
P18509	A61T	0.0785	benign
P18509	A61V	0.0766	benign
P18509	A61W	0.2926	benign
P18509	A61Y	0.2257	benign
P18509	G62A	0.0711	benign
P18509	G62C	0.2077	benign
P18509	G62D	0.0985	benign
P18509	G62E	0.0985	benign
P18509	G62F	0.288	benign
P18509	G62H	0.2135	benign
P18509	G62I	0.1942	benign
P18509	G62K	0.2413	benign
P18509	G62L	0.1799	benign
P18509	G62M	0.3056	benign
P18509	G62N	0.2215	benign
P18509	G62P	0.1734	benign
P18509	G62Q	0.1709	benign
P18509	G62R	0.1269	benign
P18509	G62S	0.1007	benign
P18509	G62T	0.1149	benign
P18509	G62V	0.1007	benign
P18509	G62W	0.1926	benign
P18509	G62Y	0.2491	benign
P18509	S63A	0.0917	benign
P18509	S63C	0.1448	benign
P18509	S63D	0.1497	benign
P18509	S63E	0.1971	benign
P18509	S63F	0.158	benign
P18509	S63G	0.0699	benign
P18509	S63H	0.1789	benign
P18509	S63I	0.1262	benign
P18509	S63K	0.3605	ambiguous
P18509	S63L	0.1262	benign
P18509	S63M	0.2296	benign
P18509	S63N	0.1253	benign
P18509	S63P	0.0939	benign
P18509	S63Q	0.2428	benign
P18509	S63R	0.2353	benign
P18509	S63T	0.1018	benign
P18509	S63V	0.1383	benign
P18509	S63W	0.1927	benign
P18509	S63Y	0.1575	benign
P18509	P64A	0.0628	benign
P18509	P64C	0.452	ambiguous
P18509	P64D	0.2167	benign
P18509	P64E	0.1693	benign
P18509	P64F	0.2844	benign
P18509	P64G	0.1395	benign
P18509	P64H	0.1788	benign
P18509	P64I	0.2837	benign
P18509	P64K	0.2802	benign
P18509	P64L	0.1091	benign
P18509	P64M	0.3088	benign
P18509	P64N	0.3004	benign
P18509	P64Q	0.1477	benign
P18509	P64R	0.1103	benign
P18509	P64S	0.0904	benign
P18509	P64T	0.0923	benign
P18509	P64V	0.1527	benign
P18509	P64W	0.3356	benign
P18509	P64Y	0.321	benign
P18509	A65C	0.4871	ambiguous
P18509	A65D	0.1196	benign
P18509	A65E	0.1397	benign
P18509	A65F	0.2362	benign
P18509	A65G	0.0872	benign
P18509	A65H	0.3084	benign
P18509	A65I	0.2752	benign
P18509	A65K	0.3466	ambiguous
P18509	A65L	0.1568	benign
P18509	A65M	0.3342	benign
P18509	A65N	0.238	benign
P18509	A65P	0.0781	benign
P18509	A65Q	0.2261	benign
P18509	A65R	0.1912	benign
P18509	A65S	0.0873	benign
P18509	A65T	0.107	benign
P18509	A65V	0.1177	benign
P18509	A65W	0.4322	ambiguous
P18509	A65Y	0.3129	benign
P18509	S66A	0.0573	benign
P18509	S66C	0.2097	benign
P18509	S66D	0.2348	benign
P18509	S66E	0.2452	benign
P18509	S66F	0.1616	benign
P18509	S66G	0.0826	benign
P18509	S66H	0.338	benign
P18509	S66I	0.2673	benign
P18509	S66K	0.5604	ambiguous
P18509	S66L	0.1367	benign
P18509	S66M	0.2975	benign
P18509	S66N	0.2984	benign
P18509	S66P	0.0733	benign
P18509	S66Q	0.3884	ambiguous
P18509	S66R	0.3944	ambiguous
P18509	S66T	0.1014	benign
P18509	S66V	0.1528	benign
P18509	S66W	0.1954	benign
P18509	S66Y	0.1888	benign
P18509	A67C	0.4155	ambiguous
P18509	A67D	0.1169	benign
P18509	A67E	0.1099	benign
P18509	A67F	0.1791	benign
P18509	A67G	0.0842	benign
P18509	A67H	0.2518	benign
P18509	A67I	0.1844	benign
P18509	A67K	0.2579	benign
P18509	A67L	0.1066	benign
P18509	A67M	0.2054	benign
P18509	A67N	0.2106	benign
P18509	A67P	0.0832	benign
P18509	A67Q	0.1825	benign
P18509	A67R	0.166	benign
P18509	A67S	0.0904	benign
P18509	A67T	0.087	benign
P18509	A67V	0.0822	benign
P18509	A67W	0.3425	ambiguous
P18509	A67Y	0.2528	benign
P18509	P68A	0.0622	benign
P18509	P68C	0.3639	ambiguous
P18509	P68D	0.1546	benign
P18509	P68E	0.1098	benign
P18509	P68F	0.2104	benign
P18509	P68G	0.1109	benign
P18509	P68H	0.1295	benign
P18509	P68I	0.1937	benign
P18509	P68K	0.2105	benign
P18509	P68L	0.0749	benign
P18509	P68M	0.2286	benign
P18509	P68N	0.2234	benign
P18509	P68Q	0.1002	benign
P18509	P68R	0.085	benign
P18509	P68S	0.0842	benign
P18509	P68T	0.0993	benign
P18509	P68V	0.109	benign
P18509	P68W	0.2065	benign
P18509	P68Y	0.2367	benign
P18509	R69A	0.0727	benign
P18509	R69C	0.2067	benign
P18509	R69D	0.114	benign
P18509	R69E	0.0956	benign
P18509	R69F	0.2226	benign
P18509	R69G	0.0554	benign
P18509	R69H	0.0974	benign
P18509	R69I	0.1907	benign
P18509	R69K	0.1413	benign
P18509	R69L	0.083	benign
P18509	R69M	0.2289	benign
P18509	R69N	0.1962	benign
P18509	R69P	0.0664	benign
P18509	R69Q	0.0885	benign
P18509	R69S	0.1139	benign
P18509	R69T	0.1027	benign
P18509	R69V	0.1223	benign
P18509	R69W	0.1299	benign
P18509	R69Y	0.1965	benign
P18509	A70C	0.3933	ambiguous
P18509	A70D	0.0505	benign
P18509	A70E	0.0637	benign
P18509	A70F	0.2109	benign
P18509	A70G	0.07	benign
P18509	A70H	0.1628	benign
P18509	A70I	0.2182	benign
P18509	A70K	0.1803	benign
P18509	A70L	0.1152	benign
P18509	A70M	0.2323	benign
P18509	A70N	0.121	benign
P18509	A70P	0.0697	benign
P18509	A70Q	0.1208	benign
P18509	A70R	0.115	benign
P18509	A70S	0.0849	benign
P18509	A70T	0.0889	benign
P18509	A70V	0.0956	benign
P18509	A70W	0.2802	benign
P18509	A70Y	0.1954	benign
P18509	A71C	0.4571	ambiguous
P18509	A71D	0.1085	benign
P18509	A71E	0.1138	benign
P18509	A71F	0.2261	benign
P18509	A71G	0.0808	benign
P18509	A71H	0.287	benign
P18509	A71I	0.2562	benign
P18509	A71K	0.2858	benign
P18509	A71L	0.1375	benign
P18509	A71M	0.2405	benign
P18509	A71N	0.2175	benign
P18509	A71P	0.082	benign
P18509	A71Q	0.2045	benign
P18509	A71R	0.1772	benign
P18509	A71S	0.095	benign
P18509	A71T	0.0962	benign
P18509	A71V	0.105	benign
P18509	A71W	0.3634	ambiguous
P18509	A71Y	0.2887	benign
P18509	A72C	0.3071	benign
P18509	A72D	0.0846	benign
P18509	A72E	0.1001	benign
P18509	A72F	0.1306	benign
P18509	A72G	0.0716	benign
P18509	A72H	0.1758	benign
P18509	A72I	0.2146	benign
P18509	A72K	0.2301	benign
P18509	A72L	0.1156	benign
P18509	A72M	0.2118	benign
P18509	A72N	0.1556	benign
P18509	A72P	0.0778	benign
P18509	A72Q	0.1531	benign
P18509	A72R	0.1408	benign
P18509	A72S	0.0785	benign
P18509	A72T	0.0891	benign
P18509	A72V	0.0991	benign
P18509	A72W	0.2322	benign
P18509	A72Y	0.1326	benign
P18509	A73C	0.3961	ambiguous
P18509	A73D	0.0994	benign
P18509	A73E	0.111	benign
P18509	A73F	0.2058	benign
P18509	A73G	0.0805	benign
P18509	A73H	0.2442	benign
P18509	A73I	0.2151	benign
P18509	A73K	0.2688	benign
P18509	A73L	0.1207	benign
P18509	A73M	0.2435	benign
P18509	A73N	0.1794	benign
P18509	A73P	0.0827	benign
P18509	A73Q	0.1837	benign
P18509	A73R	0.1566	benign
P18509	A73S	0.0845	benign
P18509	A73T	0.0883	benign
P18509	A73V	0.1011	benign
P18509	A73W	0.3305	benign
P18509	A73Y	0.2716	benign
P18509	W74A	0.0521	benign
P18509	W74C	0.2805	benign
P18509	W74D	0.1212	benign
P18509	W74E	0.1139	benign
P18509	W74F	0.0845	benign
P18509	W74G	0.0447	benign
P18509	W74H	0.1616	benign
P18509	W74I	0.1196	benign
P18509	W74K	0.2499	benign
P18509	W74L	0.0646	benign
P18509	W74M	0.2066	benign
P18509	W74N	0.2026	benign
P18509	W74P	0.0859	benign
P18509	W74Q	0.187	benign
P18509	W74R	0.1106	benign
P18509	W74S	0.0678	benign
P18509	W74T	0.0961	benign
P18509	W74V	0.063	benign
P18509	W74Y	0.152	benign
P18509	Y75A	0.1804	benign
P18509	Y75C	0.1623	benign
P18509	Y75D	0.1296	benign
P18509	Y75E	0.2478	benign
P18509	Y75F	0.1363	benign
P18509	Y75G	0.1344	benign
P18509	Y75H	0.1546	benign
P18509	Y75I	0.3052	benign
P18509	Y75K	0.3143	benign
P18509	Y75L	0.2011	benign
P18509	Y75M	0.4102	ambiguous
P18509	Y75N	0.1079	benign
P18509	Y75P	0.1956	benign
P18509	Y75Q	0.2124	benign
P18509	Y75R	0.1958	benign
P18509	Y75S	0.1043	benign
P18509	Y75T	0.2315	benign
P18509	Y75V	0.2137	benign
P18509	Y75W	0.2503	benign
P18509	R76A	0.0946	benign
P18509	R76C	0.1354	benign
P18509	R76D	0.1152	benign
P18509	R76E	0.1126	benign
P18509	R76F	0.1443	benign
P18509	R76G	0.064	benign
P18509	R76H	0.0701	benign
P18509	R76I	0.1536	benign
P18509	R76K	0.1736	benign
P18509	R76L	0.0772	benign
P18509	R76M	0.2501	benign
P18509	R76N	0.1868	benign
P18509	R76P	0.0763	benign
P18509	R76Q	0.0841	benign
P18509	R76S	0.105	benign
P18509	R76T	0.1115	benign
P18509	R76V	0.1184	benign
P18509	R76W	0.1031	benign
P18509	R76Y	0.0975	benign
P18509	P77A	0.0664	benign
P18509	P77C	0.4886	ambiguous
P18509	P77D	0.1844	benign
P18509	P77E	0.1464	benign
P18509	P77F	0.3532	ambiguous
P18509	P77G	0.1439	benign
P18509	P77H	0.1468	benign
P18509	P77I	0.3183	benign
P18509	P77K	0.2345	benign
P18509	P77L	0.1216	benign
P18509	P77M	0.326	benign
P18509	P77N	0.2635	benign
P18509	P77Q	0.1213	benign
P18509	P77R	0.1044	benign
P18509	P77S	0.0936	benign
P18509	P77T	0.0923	benign
P18509	P77V	0.1716	benign
P18509	P77W	0.3765	ambiguous
P18509	P77Y	0.3217	benign
P18509	A78C	0.3643	ambiguous
P18509	A78D	0.0993	benign
P18509	A78E	0.0919	benign
P18509	A78F	0.2134	benign
P18509	A78G	0.0741	benign
P18509	A78H	0.2119	benign
P18509	A78I	0.2096	benign
P18509	A78K	0.1989	benign
P18509	A78L	0.1317	benign
P18509	A78M	0.2212	benign
P18509	A78N	0.1845	benign
P18509	A78P	0.0747	benign
P18509	A78Q	0.1408	benign
P18509	A78R	0.1221	benign
P18509	A78S	0.0819	benign
P18509	A78T	0.0861	benign
P18509	A78V	0.1032	benign
P18509	A78W	0.2964	benign
P18509	A78Y	0.2601	benign
P18509	G79A	0.0718	benign
P18509	G79C	0.2122	benign
P18509	G79D	0.0701	benign
P18509	G79E	0.058	benign
P18509	G79F	0.2977	benign
P18509	G79H	0.1596	benign
P18509	G79I	0.2033	benign
P18509	G79K	0.1499	benign
P18509	G79L	0.17	benign
P18509	G79M	0.2839	benign
P18509	G79N	0.1679	benign
P18509	G79P	0.1516	benign
P18509	G79Q	0.106	benign
P18509	G79R	0.0958	benign
P18509	G79S	0.0932	benign
P18509	G79T	0.1119	benign
P18509	G79V	0.1007	benign
P18509	G79W	0.157	benign
P18509	G79Y	0.2263	benign
P18509	R80A	0.1109	benign
P18509	R80C	0.2166	benign
P18509	R80D	0.1671	benign
P18509	R80E	0.1069	benign
P18509	R80F	0.2643	benign
P18509	R80G	0.0705	benign
P18509	R80H	0.1064	benign
P18509	R80I	0.1539	benign
P18509	R80K	0.1108	benign
P18509	R80L	0.0957	benign
P18509	R80M	0.1657	benign
P18509	R80N	0.2213	benign
P18509	R80P	0.0918	benign
P18509	R80Q	0.0835	benign
P18509	R80S	0.1338	benign
P18509	R80T	0.1017	benign
P18509	R80V	0.1433	benign
P18509	R80W	0.1314	benign
P18509	R80Y	0.253	benign
P18509	R81A	0.1488	benign
P18509	R81C	0.3674	ambiguous
P18509	R81D	0.2356	benign
P18509	R81E	0.1362	benign
P18509	R81F	0.4479	ambiguous
P18509	R81G	0.0807	benign
P18509	R81H	0.1509	benign
P18509	R81I	0.2768	benign
P18509	R81K	0.1413	benign
P18509	R81L	0.1556	benign
P18509	R81M	0.2626	benign
P18509	R81N	0.3602	ambiguous
P18509	R81P	0.1176	benign
P18509	R81Q	0.1106	benign
P18509	R81S	0.2193	benign
P18509	R81T	0.1365	benign
P18509	R81V	0.2319	benign
P18509	R81W	0.1691	benign
P18509	R81Y	0.3647	ambiguous
P18509	D82A	0.1367	benign
P18509	D82C	0.6289	pathogenic
P18509	D82E	0.1615	benign
P18509	D82F	0.5293	ambiguous
P18509	D82G	0.1243	benign
P18509	D82H	0.1994	benign
P18509	D82I	0.4495	ambiguous
P18509	D82K	0.3347	benign
P18509	D82L	0.3572	ambiguous
P18509	D82M	0.6162	pathogenic
P18509	D82N	0.1438	benign
P18509	D82P	0.3277	benign
P18509	D82Q	0.2684	benign
P18509	D82R	0.2359	benign
P18509	D82S	0.1552	benign
P18509	D82T	0.2592	benign
P18509	D82V	0.2271	benign
P18509	D82W	0.6488	pathogenic
P18509	D82Y	0.2211	benign
P18509	V83A	0.0904	benign
P18509	V83C	0.6806	pathogenic
P18509	V83D	0.1627	benign
P18509	V83E	0.1421	benign
P18509	V83F	0.1385	benign
P18509	V83G	0.1406	benign
P18509	V83H	0.3403	ambiguous
P18509	V83I	0.1012	benign
P18509	V83K	0.2275	benign
P18509	V83L	0.1605	benign
P18509	V83M	0.1763	benign
P18509	V83N	0.272	benign
P18509	V83P	0.2063	benign
P18509	V83Q	0.229	benign
P18509	V83R	0.138	benign
P18509	V83S	0.1905	benign
P18509	V83T	0.1454	benign
P18509	V83W	0.5424	ambiguous
P18509	V83Y	0.4043	ambiguous
P18509	A84C	0.5942	pathogenic
P18509	A84D	0.3879	ambiguous
P18509	A84E	0.2975	benign
P18509	A84F	0.3383	benign
P18509	A84G	0.1701	benign
P18509	A84H	0.5099	ambiguous
P18509	A84I	0.3254	benign
P18509	A84K	0.5537	ambiguous
P18509	A84L	0.1777	benign
P18509	A84M	0.3602	ambiguous
P18509	A84N	0.4918	ambiguous
P18509	A84P	0.1497	benign
P18509	A84Q	0.3685	ambiguous
P18509	A84R	0.3217	benign
P18509	A84S	0.1313	benign
P18509	A84T	0.1319	benign
P18509	A84V	0.1434	benign
P18509	A84W	0.568	pathogenic
P18509	A84Y	0.5034	ambiguous
P18509	H85A	0.1043	benign
P18509	H85C	0.207	benign
P18509	H85D	0.1167	benign
P18509	H85E	0.1234	benign
P18509	H85F	0.2586	benign
P18509	H85G	0.1165	benign
P18509	H85I	0.311	benign
P18509	H85K	0.1588	benign
P18509	H85L	0.0898	benign
P18509	H85M	0.3766	ambiguous
P18509	H85N	0.1162	benign
P18509	H85P	0.0975	benign
P18509	H85Q	0.1033	benign
P18509	H85R	0.054	benign
P18509	H85S	0.1288	benign
P18509	H85T	0.1709	benign
P18509	H85V	0.1749	benign
P18509	H85W	0.1846	benign
P18509	H85Y	0.1002	benign
P18509	G86A	0.095	benign
P18509	G86C	0.255	benign
P18509	G86D	0.1221	benign
P18509	G86E	0.107	benign
P18509	G86F	0.4833	ambiguous
P18509	G86H	0.2205	benign
P18509	G86I	0.276	benign
P18509	G86K	0.2457	benign
P18509	G86L	0.3063	benign
P18509	G86M	0.3783	ambiguous
P18509	G86N	0.2554	benign
P18509	G86P	0.6199	pathogenic
P18509	G86Q	0.1754	benign
P18509	G86R	0.1329	benign
P18509	G86S	0.1255	benign
P18509	G86T	0.1445	benign
P18509	G86V	0.1475	benign
P18509	G86W	0.233	benign
P18509	G86Y	0.3443	ambiguous
P18509	I87A	0.6469	pathogenic
P18509	I87C	0.8757	pathogenic
P18509	I87D	0.7507	pathogenic
P18509	I87E	0.651	pathogenic
P18509	I87F	0.1978	benign
P18509	I87G	0.8235	pathogenic
P18509	I87H	0.5678	pathogenic
P18509	I87K	0.4867	ambiguous
P18509	I87L	0.1281	benign
P18509	I87M	0.1721	benign
P18509	I87N	0.4724	ambiguous
P18509	I87P	0.7888	pathogenic
P18509	I87Q	0.5569	ambiguous
P18509	I87R	0.3899	ambiguous
P18509	I87S	0.5846	pathogenic
P18509	I87T	0.6905	pathogenic
P18509	I87V	0.2313	benign
P18509	I87W	0.675	pathogenic
P18509	I87Y	0.4861	ambiguous
P18509	L88A	0.6216	pathogenic
P18509	L88C	0.7761	pathogenic
P18509	L88D	0.9467	pathogenic
P18509	L88E	0.795	pathogenic
P18509	L88F	0.1735	benign
P18509	L88G	0.7925	pathogenic
P18509	L88H	0.7196	pathogenic
P18509	L88I	0.2265	benign
P18509	L88K	0.6966	pathogenic
P18509	L88M	0.3018	benign
P18509	L88N	0.9263	pathogenic
P18509	L88P	0.6409	pathogenic
P18509	L88Q	0.5468	ambiguous
P18509	L88R	0.3744	ambiguous
P18509	L88S	0.8475	pathogenic
P18509	L88T	0.7318	pathogenic
P18509	L88V	0.1899	benign
P18509	L88W	0.311	benign
P18509	L88Y	0.6546	pathogenic
P18509	N89A	0.1927	benign
P18509	N89C	0.4001	ambiguous
P18509	N89D	0.0883	benign
P18509	N89E	0.2332	benign
P18509	N89F	0.6641	pathogenic
P18509	N89G	0.1774	benign
P18509	N89H	0.0713	benign
P18509	N89I	0.503	ambiguous
P18509	N89K	0.2284	benign
P18509	N89L	0.2819	benign
P18509	N89M	0.455	ambiguous
P18509	N89P	0.4722	ambiguous
P18509	N89Q	0.2067	benign
P18509	N89R	0.1736	benign
P18509	N89S	0.0845	benign
P18509	N89T	0.1622	benign
P18509	N89V	0.385	ambiguous
P18509	N89W	0.5538	ambiguous
P18509	N89Y	0.2192	benign
P18509	E90A	0.1001	benign
P18509	E90C	0.7791	pathogenic
P18509	E90D	0.1224	benign
P18509	E90F	0.6856	pathogenic
P18509	E90G	0.1132	benign
P18509	E90H	0.2216	benign
P18509	E90I	0.4364	ambiguous
P18509	E90K	0.0649	benign
P18509	E90L	0.2799	benign
P18509	E90M	0.3464	ambiguous
P18509	E90N	0.2277	benign
P18509	E90P	0.5582	ambiguous
P18509	E90Q	0.0859	benign
P18509	E90R	0.0879	benign
P18509	E90S	0.1762	benign
P18509	E90T	0.1493	benign
P18509	E90V	0.2276	benign
P18509	E90W	0.7017	pathogenic
P18509	E90Y	0.4596	ambiguous
P18509	A91C	0.7746	pathogenic
P18509	A91D	0.6083	pathogenic
P18509	A91E	0.4998	ambiguous
P18509	A91F	0.6131	pathogenic
P18509	A91G	0.2466	benign
P18509	A91H	0.6745	pathogenic
P18509	A91I	0.498	ambiguous
P18509	A91K	0.6883	pathogenic
P18509	A91L	0.3928	ambiguous
P18509	A91M	0.4905	ambiguous
P18509	A91N	0.5597	ambiguous
P18509	A91P	0.8037	pathogenic
P18509	A91Q	0.5416	ambiguous
P18509	A91R	0.5413	ambiguous
P18509	A91S	0.2018	benign
P18509	A91T	0.208	benign
P18509	A91V	0.2388	benign
P18509	A91W	0.8396	pathogenic
P18509	A91Y	0.6776	pathogenic
P18509	Y92A	0.7581	pathogenic
P18509	Y92C	0.3465	ambiguous
P18509	Y92D	0.9111	pathogenic
P18509	Y92E	0.9423	pathogenic
P18509	Y92F	0.2011	benign
P18509	Y92G	0.7159	pathogenic
P18509	Y92H	0.6599	pathogenic
P18509	Y92I	0.828	pathogenic
P18509	Y92K	0.9253	pathogenic
P18509	Y92L	0.4854	ambiguous
P18509	Y92M	0.843	pathogenic
P18509	Y92N	0.8438	pathogenic
P18509	Y92P	0.9603	pathogenic
P18509	Y92Q	0.8809	pathogenic
P18509	Y92R	0.778	pathogenic
P18509	Y92S	0.6379	pathogenic
P18509	Y92T	0.8576	pathogenic
P18509	Y92V	0.6248	pathogenic
P18509	Y92W	0.2991	benign
P18509	R93A	0.3913	ambiguous
P18509	R93C	0.2734	benign
P18509	R93D	0.6126	pathogenic
P18509	R93E	0.3071	benign
P18509	R93F	0.6715	pathogenic
P18509	R93G	0.203	benign
P18509	R93H	0.1414	benign
P18509	R93I	0.4915	ambiguous
P18509	R93K	0.2213	benign
P18509	R93L	0.2875	benign
P18509	R93M	0.5544	ambiguous
P18509	R93N	0.6692	pathogenic
P18509	R93P	0.8537	pathogenic
P18509	R93Q	0.1118	benign
P18509	R93S	0.513	ambiguous
P18509	R93T	0.4066	ambiguous
P18509	R93V	0.4318	ambiguous
P18509	R93W	0.241	benign
P18509	R93Y	0.509	ambiguous
P18509	K94A	0.2042	benign
P18509	K94C	0.7217	pathogenic
P18509	K94D	0.333	benign
P18509	K94E	0.1281	benign
P18509	K94F	0.73	pathogenic
P18509	K94G	0.3097	benign
P18509	K94H	0.2261	benign
P18509	K94I	0.4173	ambiguous
P18509	K94L	0.2977	benign
P18509	K94M	0.2255	benign
P18509	K94N	0.2948	benign
P18509	K94P	0.778	pathogenic
P18509	K94Q	0.1222	benign
P18509	K94R	0.0775	benign
P18509	K94S	0.3138	benign
P18509	K94T	0.1467	benign
P18509	K94V	0.3246	benign
P18509	K94W	0.6249	pathogenic
P18509	K94Y	0.5498	ambiguous
P18509	V95A	0.267	benign
P18509	V95C	0.8854	pathogenic
P18509	V95D	0.7305	pathogenic
P18509	V95E	0.5375	ambiguous
P18509	V95F	0.2783	benign
P18509	V95G	0.361	ambiguous
P18509	V95H	0.7492	pathogenic
P18509	V95I	0.1465	benign
P18509	V95K	0.5964	pathogenic
P18509	V95L	0.1951	benign
P18509	V95M	0.311	benign
P18509	V95N	0.6946	pathogenic
P18509	V95P	0.8588	pathogenic
P18509	V95Q	0.5346	ambiguous
P18509	V95R	0.462	ambiguous
P18509	V95S	0.5503	ambiguous
P18509	V95T	0.4997	ambiguous
P18509	V95W	0.7873	pathogenic
P18509	V95Y	0.614	pathogenic
P18509	L96A	0.3447	ambiguous
P18509	L96C	0.7784	pathogenic
P18509	L96D	0.9255	pathogenic
P18509	L96E	0.6308	pathogenic
P18509	L96F	0.4685	ambiguous
P18509	L96G	0.6961	pathogenic
P18509	L96H	0.5678	pathogenic
P18509	L96I	0.2437	benign
P18509	L96K	0.421	ambiguous
P18509	L96M	0.2393	benign
P18509	L96N	0.8369	pathogenic
P18509	L96P	0.6775	pathogenic
P18509	L96Q	0.2927	benign
P18509	L96R	0.1958	benign
P18509	L96S	0.6459	pathogenic
P18509	L96T	0.4126	ambiguous
P18509	L96V	0.1934	benign
P18509	L96W	0.4249	ambiguous
P18509	L96Y	0.751	pathogenic
P18509	D97A	0.1223	benign
P18509	D97C	0.5594	ambiguous
P18509	D97E	0.158	benign
P18509	D97F	0.5467	ambiguous
P18509	D97G	0.0876	benign
P18509	D97H	0.1659	benign
P18509	D97I	0.5211	ambiguous
P18509	D97K	0.2642	benign
P18509	D97L	0.3147	benign
P18509	D97M	0.6576	pathogenic
P18509	D97N	0.1341	benign
P18509	D97P	0.6688	pathogenic
P18509	D97Q	0.186	benign
P18509	D97R	0.1738	benign
P18509	D97S	0.1209	benign
P18509	D97T	0.271	benign
P18509	D97V	0.2839	benign
P18509	D97W	0.6539	pathogenic
P18509	D97Y	0.2097	benign
P18509	Q98A	0.2184	benign
P18509	Q98C	0.7454	pathogenic
P18509	Q98D	0.3408	ambiguous
P18509	Q98E	0.097	benign
P18509	Q98F	0.7705	pathogenic
P18509	Q98G	0.2315	benign
P18509	Q98H	0.226	benign
P18509	Q98I	0.5666	pathogenic
P18509	Q98K	0.1266	benign
P18509	Q98L	0.2431	benign
P18509	Q98M	0.5089	ambiguous
P18509	Q98N	0.3615	ambiguous
P18509	Q98P	0.4731	ambiguous
P18509	Q98R	0.0791	benign
P18509	Q98S	0.2694	benign
P18509	Q98T	0.2445	benign
P18509	Q98V	0.3464	ambiguous
P18509	Q98W	0.55	ambiguous
P18509	Q98Y	0.5541	ambiguous
P18509	L99A	0.4318	ambiguous
P18509	L99C	0.7337	pathogenic
P18509	L99D	0.8337	pathogenic
P18509	L99E	0.5665	pathogenic
P18509	L99F	0.2748	benign
P18509	L99G	0.723	pathogenic
P18509	L99H	0.4388	ambiguous
P18509	L99I	0.1255	benign
P18509	L99K	0.4228	ambiguous
P18509	L99M	0.2037	benign
P18509	L99N	0.7256	pathogenic
P18509	L99P	0.5921	pathogenic
P18509	L99Q	0.3085	benign
P18509	L99R	0.2397	benign
P18509	L99S	0.7015	pathogenic
P18509	L99T	0.602	pathogenic
P18509	L99V	0.1325	benign
P18509	L99W	0.3112	benign
P18509	L99Y	0.4792	ambiguous
P18509	S100A	0.0967	benign
P18509	S100C	0.2718	benign
P18509	S100D	0.5497	ambiguous
P18509	S100E	0.5754	pathogenic
P18509	S100F	0.4317	ambiguous
P18509	S100G	0.1651	benign
P18509	S100H	0.4142	ambiguous
P18509	S100I	0.4826	ambiguous
P18509	S100K	0.7169	pathogenic
P18509	S100L	0.2235	benign
P18509	S100M	0.4625	ambiguous
P18509	S100N	0.4726	ambiguous
P18509	S100P	0.4065	ambiguous
P18509	S100Q	0.5448	ambiguous
P18509	S100R	0.5649	pathogenic
P18509	S100T	0.1296	benign
P18509	S100V	0.3643	ambiguous
P18509	S100W	0.3463	ambiguous
P18509	S100Y	0.3499	ambiguous
P18509	A101C	0.5845	pathogenic
P18509	A101D	0.2978	benign
P18509	A101E	0.2302	benign
P18509	A101F	0.3686	ambiguous
P18509	A101G	0.1507	benign
P18509	A101H	0.374	ambiguous
P18509	A101I	0.3299	benign
P18509	A101K	0.3129	benign
P18509	A101L	0.1949	benign
P18509	A101M	0.3132	benign
P18509	A101N	0.4028	ambiguous
P18509	A101P	0.2433	benign
P18509	A101Q	0.256	benign
P18509	A101R	0.1729	benign
P18509	A101S	0.1233	benign
P18509	A101T	0.103	benign
P18509	A101V	0.1365	benign
P18509	A101W	0.5299	ambiguous
P18509	A101Y	0.4732	ambiguous
P18509	G102A	0.1118	benign
P18509	G102C	0.27	benign
P18509	G102D	0.1779	benign
P18509	G102E	0.101	benign
P18509	G102F	0.548	ambiguous
P18509	G102H	0.166	benign
P18509	G102I	0.3255	benign
P18509	G102K	0.1131	benign
P18509	G102L	0.3158	benign
P18509	G102M	0.369	ambiguous
P18509	G102N	0.268	benign
P18509	G102P	0.507	ambiguous
P18509	G102Q	0.1037	benign
P18509	G102R	0.0652	benign
P18509	G102S	0.1257	benign
P18509	G102T	0.1416	benign
P18509	G102V	0.1792	benign
P18509	G102W	0.1915	benign
P18509	G102Y	0.3618	ambiguous
P18509	K103A	0.2966	benign
P18509	K103C	0.726	pathogenic
P18509	K103D	0.449	ambiguous
P18509	K103E	0.1662	benign
P18509	K103F	0.7375	pathogenic
P18509	K103G	0.3085	benign
P18509	K103H	0.2605	benign
P18509	K103I	0.4224	ambiguous
P18509	K103L	0.3322	benign
P18509	K103M	0.3008	benign
P18509	K103N	0.3803	ambiguous
P18509	K103P	0.4149	ambiguous
P18509	K103Q	0.1228	benign
P18509	K103R	0.0722	benign
P18509	K103S	0.3492	ambiguous
P18509	K103T	0.213	benign
P18509	K103V	0.3964	ambiguous
P18509	K103W	0.6042	pathogenic
P18509	K103Y	0.5636	ambiguous
P18509	H104A	0.2011	benign
P18509	H104C	0.2335	benign
P18509	H104D	0.2086	benign
P18509	H104E	0.2595	benign
P18509	H104F	0.1491	benign
P18509	H104G	0.2157	benign
P18509	H104I	0.2694	benign
P18509	H104K	0.2355	benign
P18509	H104L	0.104	benign
P18509	H104M	0.3704	ambiguous
P18509	H104N	0.1511	benign
P18509	H104P	0.2001	benign
P18509	H104Q	0.1546	benign
P18509	H104R	0.1001	benign
P18509	H104S	0.1929	benign
P18509	H104T	0.2384	benign
P18509	H104V	0.1785	benign
P18509	H104W	0.2035	benign
P18509	H104Y	0.0458	benign
P18509	L105A	0.2321	benign
P18509	L105C	0.6464	pathogenic
P18509	L105D	0.7202	pathogenic
P18509	L105E	0.3465	ambiguous
P18509	L105F	0.1986	benign
P18509	L105G	0.4105	ambiguous
P18509	L105H	0.309	benign
P18509	L105I	0.1577	benign
P18509	L105K	0.28	benign
P18509	L105M	0.1881	benign
P18509	L105N	0.6465	pathogenic
P18509	L105P	0.2672	benign
P18509	L105Q	0.158	benign
P18509	L105R	0.1121	benign
P18509	L105S	0.4263	ambiguous
P18509	L105T	0.3358	benign
P18509	L105V	0.1148	benign
P18509	L105W	0.1992	benign
P18509	L105Y	0.4198	ambiguous
P18509	Q106A	0.1875	benign
P18509	Q106C	0.6657	pathogenic
P18509	Q106D	0.3066	benign
P18509	Q106E	0.0967	benign
P18509	Q106F	0.7288	pathogenic
P18509	Q106G	0.1877	benign
P18509	Q106H	0.2	benign
P18509	Q106I	0.6092	pathogenic
P18509	Q106K	0.1318	benign
P18509	Q106L	0.1964	benign
P18509	Q106M	0.5426	ambiguous
P18509	Q106N	0.3426	ambiguous
P18509	Q106P	0.1373	benign
P18509	Q106R	0.0765	benign
P18509	Q106S	0.2188	benign
P18509	Q106T	0.274	benign
P18509	Q106V	0.3698	ambiguous
P18509	Q106W	0.4569	ambiguous
P18509	Q106Y	0.4945	ambiguous
P18509	S107A	0.082	benign
P18509	S107C	0.1775	benign
P18509	S107D	0.1972	benign
P18509	S107E	0.249	benign
P18509	S107F	0.218	benign
P18509	S107G	0.0901	benign
P18509	S107H	0.1793	benign
P18509	S107I	0.2474	benign
P18509	S107K	0.3121	benign
P18509	S107L	0.1521	benign
P18509	S107M	0.2284	benign
P18509	S107N	0.1314	benign
P18509	S107P	0.2867	benign
P18509	S107Q	0.2601	benign
P18509	S107R	0.2584	benign
P18509	S107T	0.088	benign
P18509	S107V	0.1973	benign
P18509	S107W	0.191	benign
P18509	S107Y	0.1414	benign
P18509	L108A	0.1302	benign
P18509	L108C	0.5827	pathogenic
P18509	L108D	0.6168	pathogenic
P18509	L108E	0.2841	benign
P18509	L108F	0.1791	benign
P18509	L108G	0.3669	ambiguous
P18509	L108H	0.2884	benign
P18509	L108I	0.1161	benign
P18509	L108K	0.257	benign
P18509	L108M	0.1244	benign
P18509	L108N	0.5377	ambiguous
P18509	L108P	0.2616	benign
P18509	L108Q	0.1476	benign
P18509	L108R	0.1255	benign
P18509	L108S	0.2916	benign
P18509	L108T	0.1936	benign
P18509	L108V	0.0743	benign
P18509	L108W	0.2158	benign
P18509	L108Y	0.3946	ambiguous
P18509	V109A	0.076	benign
P18509	V109C	0.6814	pathogenic
P18509	V109D	0.3068	benign
P18509	V109E	0.1902	benign
P18509	V109F	0.1485	benign
P18509	V109G	0.1181	benign
P18509	V109H	0.3707	ambiguous
P18509	V109I	0.1292	benign
P18509	V109K	0.2293	benign
P18509	V109L	0.1039	benign
P18509	V109M	0.1338	benign
P18509	V109N	0.3635	ambiguous
P18509	V109P	0.2235	benign
P18509	V109Q	0.1838	benign
P18509	V109R	0.1382	benign
P18509	V109S	0.1616	benign
P18509	V109T	0.1349	benign
P18509	V109W	0.5285	ambiguous
P18509	V109Y	0.4571	ambiguous
P18509	A110C	0.4137	ambiguous
P18509	A110D	0.1583	benign
P18509	A110E	0.1512	benign
P18509	A110F	0.2638	benign
P18509	A110G	0.0868	benign
P18509	A110H	0.2738	benign
P18509	A110I	0.2827	benign
P18509	A110K	0.2702	benign
P18509	A110L	0.1532	benign
P18509	A110M	0.254	benign
P18509	A110N	0.2199	benign
P18509	A110P	0.1707	benign
P18509	A110Q	0.1833	benign
P18509	A110R	0.1606	benign
P18509	A110S	0.083	benign
P18509	A110T	0.0898	benign
P18509	A110V	0.122	benign
P18509	A110W	0.4268	ambiguous
P18509	A110Y	0.3532	ambiguous
P18509	R111A	0.0981	benign
P18509	R111C	0.236	benign
P18509	R111D	0.1798	benign
P18509	R111E	0.1208	benign
P18509	R111F	0.3828	ambiguous
P18509	R111G	0.0662	benign
P18509	R111H	0.1089	benign
P18509	R111I	0.2299	benign
P18509	R111K	0.0712	benign
P18509	R111L	0.1231	benign
P18509	R111M	0.1837	benign
P18509	R111N	0.1963	benign
P18509	R111P	0.1181	benign
P18509	R111Q	0.0828	benign
P18509	R111S	0.1345	benign
P18509	R111T	0.101	benign
P18509	R111V	0.1835	benign
P18509	R111W	0.1606	benign
P18509	R111Y	0.3027	benign
P18509	G112A	0.082	benign
P18509	G112C	0.1786	benign
P18509	G112D	0.0983	benign
P18509	G112E	0.1221	benign
P18509	G112F	0.3678	ambiguous
P18509	G112H	0.1855	benign
P18509	G112I	0.2267	benign
P18509	G112K	0.2506	benign
P18509	G112L	0.2504	benign
P18509	G112M	0.3206	benign
P18509	G112N	0.1698	benign
P18509	G112P	0.2749	benign
P18509	G112Q	0.1953	benign
P18509	G112R	0.1546	benign
P18509	G112S	0.0858	benign
P18509	G112T	0.104	benign
P18509	G112V	0.1275	benign
P18509	G112W	0.2203	benign
P18509	G112Y	0.2532	benign
P18509	V113A	0.0625	benign
P18509	V113C	0.423	ambiguous
P18509	V113D	0.1287	benign
P18509	V113E	0.1007	benign
P18509	V113F	0.1014	benign
P18509	V113G	0.0639	benign
P18509	V113H	0.2218	benign
P18509	V113I	0.0997	benign
P18509	V113K	0.1275	benign
P18509	V113L	0.0891	benign
P18509	V113M	0.0981	benign
P18509	V113N	0.1706	benign
P18509	V113P	0.1097	benign
P18509	V113Q	0.1141	benign
P18509	V113R	0.0837	benign
P18509	V113S	0.1016	benign
P18509	V113T	0.0934	benign
P18509	V113W	0.2953	benign
P18509	V113Y	0.2862	benign
P18509	G114A	0.1074	benign
P18509	G114C	0.2287	benign
P18509	G114D	0.1557	benign
P18509	G114E	0.1791	benign
P18509	G114F	0.4527	ambiguous
P18509	G114H	0.2954	benign
P18509	G114I	0.3331	benign
P18509	G114K	0.3561	ambiguous
P18509	G114L	0.3173	benign
P18509	G114M	0.4528	ambiguous
P18509	G114N	0.3102	benign
P18509	G114P	0.3072	benign
P18509	G114Q	0.2663	benign
P18509	G114R	0.1915	benign
P18509	G114S	0.1152	benign
P18509	G114T	0.1559	benign
P18509	G114V	0.1882	benign
P18509	G114W	0.2608	benign
P18509	G114Y	0.3865	ambiguous
P18509	G115A	0.097	benign
P18509	G115C	0.1755	benign
P18509	G115D	0.1006	benign
P18509	G115E	0.1046	benign
P18509	G115F	0.2959	benign
P18509	G115H	0.1984	benign
P18509	G115I	0.1966	benign
P18509	G115K	0.2228	benign
P18509	G115L	0.2118	benign
P18509	G115M	0.2881	benign
P18509	G115N	0.1964	benign
P18509	G115P	0.2523	benign
P18509	G115Q	0.1641	benign
P18509	G115R	0.1359	benign
P18509	G115S	0.0958	benign
P18509	G115T	0.1204	benign
P18509	G115V	0.1215	benign
P18509	G115W	0.1788	benign
P18509	G115Y	0.2372	benign
P18509	S116A	0.0801	benign
P18509	S116C	0.095	benign
P18509	S116D	0.0907	benign
P18509	S116E	0.1388	benign
P18509	S116F	0.144	benign
P18509	S116G	0.0653	benign
P18509	S116H	0.1118	benign
P18509	S116I	0.1123	benign
P18509	S116K	0.2191	benign
P18509	S116L	0.1158	benign
P18509	S116M	0.1902	benign
P18509	S116N	0.0684	benign
P18509	S116P	0.0857	benign
P18509	S116Q	0.1716	benign
P18509	S116R	0.1512	benign
P18509	S116T	0.0824	benign
P18509	S116V	0.1117	benign
P18509	S116W	0.1568	benign
P18509	S116Y	0.1117	benign
P18509	L117A	0.0508	benign
P18509	L117C	0.2294	benign
P18509	L117D	0.145	benign
P18509	L117E	0.1003	benign
P18509	L117F	0.0841	benign
P18509	L117G	0.0907	benign
P18509	L117H	0.0961	benign
P18509	L117I	0.0959	benign
P18509	L117K	0.1176	benign
P18509	L117M	0.1099	benign
P18509	L117N	0.1484	benign
P18509	L117P	0.0455	benign
P18509	L117Q	0.0685	benign
P18509	L117R	0.0529	benign
P18509	L117S	0.0749	benign
P18509	L117T	0.072	benign
P18509	L117V	0.0632	benign
P18509	L117W	0.1012	benign
P18509	L117Y	0.1746	benign
P18509	G118A	0.0759	benign
P18509	G118C	0.1474	benign
P18509	G118D	0.0945	benign
P18509	G118E	0.1179	benign
P18509	G118F	0.2862	benign
P18509	G118H	0.1663	benign
P18509	G118I	0.2027	benign
P18509	G118K	0.2501	benign
P18509	G118L	0.1689	benign
P18509	G118M	0.3077	benign
P18509	G118N	0.1885	benign
P18509	G118P	0.1579	benign
P18509	G118Q	0.1668	benign
P18509	G118R	0.1328	benign
P18509	G118S	0.0838	benign
P18509	G118T	0.1033	benign
P18509	G118V	0.1185	benign
P18509	G118W	0.1814	benign
P18509	G118Y	0.2329	benign
P18509	G119A	0.0724	benign
P18509	G119C	0.1313	benign
P18509	G119D	0.082	benign
P18509	G119E	0.1027	benign
P18509	G119F	0.2306	benign
P18509	G119H	0.1555	benign
P18509	G119I	0.1563	benign
P18509	G119K	0.2077	benign
P18509	G119L	0.1559	benign
P18509	G119M	0.2397	benign
P18509	G119N	0.1576	benign
P18509	G119P	0.1865	benign
P18509	G119Q	0.1565	benign
P18509	G119R	0.1212	benign
P18509	G119S	0.0804	benign
P18509	G119T	0.0902	benign
P18509	G119V	0.0965	benign
P18509	G119W	0.1654	benign
P18509	G119Y	0.1997	benign
P18509	G120A	0.0711	benign
P18509	G120C	0.1309	benign
P18509	G120D	0.0838	benign
P18509	G120E	0.1013	benign
P18509	G120F	0.2162	benign
P18509	G120H	0.1513	benign
P18509	G120I	0.1435	benign
P18509	G120K	0.2064	benign
P18509	G120L	0.1489	benign
P18509	G120M	0.2099	benign
P18509	G120N	0.1493	benign
P18509	G120P	0.1866	benign
P18509	G120Q	0.1548	benign
P18509	G120R	0.1244	benign
P18509	G120S	0.0758	benign
P18509	G120T	0.0825	benign
P18509	G120V	0.0869	benign
P18509	G120W	0.1693	benign
P18509	G120Y	0.2006	benign
P18509	A121C	0.2534	benign
P18509	A121D	0.096	benign
P18509	A121E	0.0978	benign
P18509	A121F	0.1575	benign
P18509	A121G	0.0644	benign
P18509	A121H	0.1856	benign
P18509	A121I	0.1556	benign
P18509	A121K	0.1809	benign
P18509	A121L	0.0944	benign
P18509	A121M	0.1612	benign
P18509	A121N	0.1516	benign
P18509	A121P	0.0711	benign
P18509	A121Q	0.1422	benign
P18509	A121R	0.1205	benign
P18509	A121S	0.0814	benign
P18509	A121T	0.0743	benign
P18509	A121V	0.0876	benign
P18509	A121W	0.2499	benign
P18509	A121Y	0.2272	benign
P18509	G122A	0.0669	benign
P18509	G122C	0.179	benign
P18509	G122D	0.0686	benign
P18509	G122E	0.0579	benign
P18509	G122F	0.2746	benign
P18509	G122H	0.1569	benign
P18509	G122I	0.1874	benign
P18509	G122K	0.1247	benign
P18509	G122L	0.1561	benign
P18509	G122M	0.2272	benign
P18509	G122N	0.1559	benign
P18509	G122P	0.1667	benign
P18509	G122Q	0.1071	benign
P18509	G122R	0.0866	benign
P18509	G122S	0.0881	benign
P18509	G122T	0.0925	benign
P18509	G122V	0.0946	benign
P18509	G122W	0.1541	benign
P18509	G122Y	0.2266	benign
P18509	D123A	0.0924	benign
P18509	D123C	0.3433	ambiguous
P18509	D123E	0.092	benign
P18509	D123F	0.3661	ambiguous
P18509	D123G	0.0731	benign
P18509	D123H	0.1528	benign
P18509	D123I	0.2671	benign
P18509	D123K	0.1741	benign
P18509	D123L	0.2078	benign
P18509	D123M	0.4051	ambiguous
P18509	D123N	0.1026	benign
P18509	D123P	0.235	benign
P18509	D123Q	0.1496	benign
P18509	D123R	0.1325	benign
P18509	D123S	0.0924	benign
P18509	D123T	0.1429	benign
P18509	D123V	0.1474	benign
P18509	D123W	0.4823	ambiguous
P18509	D123Y	0.1625	benign
P18509	D124A	0.0997	benign
P18509	D124C	0.4161	ambiguous
P18509	D124E	0.1288	benign
P18509	D124F	0.4285	ambiguous
P18509	D124G	0.0809	benign
P18509	D124H	0.1827	benign
P18509	D124I	0.3175	benign
P18509	D124K	0.2531	benign
P18509	D124L	0.2634	benign
P18509	D124M	0.5225	ambiguous
P18509	D124N	0.1308	benign
P18509	D124P	0.2878	benign
P18509	D124Q	0.2294	benign
P18509	D124R	0.176	benign
P18509	D124S	0.1067	benign
P18509	D124T	0.1646	benign
P18509	D124V	0.1662	benign
P18509	D124W	0.6337	pathogenic
P18509	D124Y	0.1882	benign
P18509	A125C	0.2538	benign
P18509	A125D	0.0906	benign
P18509	A125E	0.1003	benign
P18509	A125F	0.1726	benign
P18509	A125G	0.0695	benign
P18509	A125H	0.1887	benign
P18509	A125I	0.1845	benign
P18509	A125K	0.1898	benign
P18509	A125L	0.1039	benign
P18509	A125M	0.1697	benign
P18509	A125N	0.1543	benign
P18509	A125P	0.0815	benign
P18509	A125Q	0.1537	benign
P18509	A125R	0.1335	benign
P18509	A125S	0.067	benign
P18509	A125T	0.0687	benign
P18509	A125V	0.0931	benign
P18509	A125W	0.2009	benign
P18509	A125Y	0.2044	benign
P18509	E126A	0.0803	benign
P18509	E126C	0.6982	pathogenic
P18509	E126D	0.1334	benign
P18509	E126F	0.5195	ambiguous
P18509	E126G	0.0937	benign
P18509	E126H	0.3025	benign
P18509	E126I	0.3401	ambiguous
P18509	E126K	0.1226	benign
P18509	E126L	0.2095	benign
P18509	E126M	0.3563	ambiguous
P18509	E126N	0.2934	benign
P18509	E126P	0.2002	benign
P18509	E126Q	0.1024	benign
P18509	E126R	0.1336	benign
P18509	E126S	0.1431	benign
P18509	E126T	0.1717	benign
P18509	E126V	0.1514	benign
P18509	E126W	0.7003	pathogenic
P18509	E126Y	0.4539	ambiguous
P18509	P127A	0.1163	benign
P18509	P127C	0.6911	pathogenic
P18509	P127D	0.4338	ambiguous
P18509	P127E	0.3336	benign
P18509	P127F	0.5553	ambiguous
P18509	P127G	0.309	benign
P18509	P127H	0.2787	benign
P18509	P127I	0.399	ambiguous
P18509	P127K	0.3792	ambiguous
P18509	P127L	0.1764	benign
P18509	P127M	0.4327	ambiguous
P18509	P127N	0.4326	ambiguous
P18509	P127Q	0.2434	benign
P18509	P127R	0.2139	benign
P18509	P127S	0.2045	benign
P18509	P127T	0.1387	benign
P18509	P127V	0.2389	benign
P18509	P127W	0.6394	pathogenic
P18509	P127Y	0.5254	ambiguous
P18509	L128A	0.419	ambiguous
P18509	L128C	0.8029	pathogenic
P18509	L128D	0.8696	pathogenic
P18509	L128E	0.6703	pathogenic
P18509	L128F	0.2979	benign
P18509	L128G	0.6784	pathogenic
P18509	L128H	0.6066	pathogenic
P18509	L128I	0.2286	benign
P18509	L128K	0.603	pathogenic
P18509	L128M	0.3406	ambiguous
P18509	L128N	0.8069	pathogenic
P18509	L128P	0.2954	benign
P18509	L128Q	0.4404	ambiguous
P18509	L128R	0.3526	ambiguous
P18509	L128S	0.6497	pathogenic
P18509	L128T	0.543	ambiguous
P18509	L128V	0.1522	benign
P18509	L128W	0.456	ambiguous
P18509	L128Y	0.6056	pathogenic
P18509	S129A	0.1928	benign
P18509	S129C	0.3961	ambiguous
P18509	S129D	0.7171	pathogenic
P18509	S129E	0.7713	pathogenic
P18509	S129F	0.7777	pathogenic
P18509	S129G	0.1969	benign
P18509	S129H	0.7171	pathogenic
P18509	S129I	0.8253	pathogenic
P18509	S129K	0.9156	pathogenic
P18509	S129L	0.4512	ambiguous
P18509	S129M	0.6656	pathogenic
P18509	S129N	0.5771	pathogenic
P18509	S129P	0.3844	ambiguous
P18509	S129Q	0.7413	pathogenic
P18509	S129R	0.8658	pathogenic
P18509	S129T	0.1141	benign
P18509	S129V	0.6838	pathogenic
P18509	S129W	0.6916	pathogenic
P18509	S129Y	0.7286	pathogenic
P18509	K130A	0.9589	pathogenic
P18509	K130C	0.9925	pathogenic
P18509	K130D	0.9893	pathogenic
P18509	K130E	0.9464	pathogenic
P18509	K130F	0.9962	pathogenic
P18509	K130G	0.962	pathogenic
P18509	K130H	0.9416	pathogenic
P18509	K130I	0.985	pathogenic
P18509	K130L	0.9498	pathogenic
P18509	K130M	0.9639	pathogenic
P18509	K130N	0.9917	pathogenic
P18509	K130P	0.9308	pathogenic
P18509	K130Q	0.831	pathogenic
P18509	K130R	0.2678	benign
P18509	K130S	0.9765	pathogenic
P18509	K130T	0.9479	pathogenic
P18509	K130V	0.9651	pathogenic
P18509	K130W	0.9922	pathogenic
P18509	K130Y	0.989	pathogenic
P18509	R131A	0.9692	pathogenic
P18509	R131C	0.9376	pathogenic
P18509	R131D	0.9769	pathogenic
P18509	R131E	0.9057	pathogenic
P18509	R131F	0.9887	pathogenic
P18509	R131G	0.9259	pathogenic
P18509	R131H	0.7898	pathogenic
P18509	R131I	0.9643	pathogenic
P18509	R131K	0.8491	pathogenic
P18509	R131L	0.9128	pathogenic
P18509	R131M	0.9846	pathogenic
P18509	R131N	0.9836	pathogenic
P18509	R131P	0.9613	pathogenic
P18509	R131Q	0.7503	pathogenic
P18509	R131S	0.9852	pathogenic
P18509	R131T	0.9726	pathogenic
P18509	R131V	0.9695	pathogenic
P18509	R131W	0.8591	pathogenic
P18509	R131Y	0.956	pathogenic
P18509	H132A	0.9822	pathogenic
P18509	H132C	0.9569	pathogenic
P18509	H132D	0.9481	pathogenic
P18509	H132E	0.9735	pathogenic
P18509	H132F	0.9591	pathogenic
P18509	H132G	0.9896	pathogenic
P18509	H132I	0.9855	pathogenic
P18509	H132K	0.9782	pathogenic
P18509	H132L	0.8843	pathogenic
P18509	H132M	0.9877	pathogenic
P18509	H132N	0.9221	pathogenic
P18509	H132P	0.878	pathogenic
P18509	H132Q	0.9515	pathogenic
P18509	H132R	0.936	pathogenic
P18509	H132S	0.9768	pathogenic
P18509	H132T	0.9883	pathogenic
P18509	H132V	0.9817	pathogenic
P18509	H132W	0.9397	pathogenic
P18509	H132Y	0.8836	pathogenic
P18509	S133A	0.2126	benign
P18509	S133C	0.4739	ambiguous
P18509	S133D	0.9756	pathogenic
P18509	S133E	0.947	pathogenic
P18509	S133F	0.8936	pathogenic
P18509	S133G	0.5111	ambiguous
P18509	S133H	0.929	pathogenic
P18509	S133I	0.2953	benign
P18509	S133K	0.9898	pathogenic
P18509	S133L	0.4758	ambiguous
P18509	S133M	0.5775	pathogenic
P18509	S133N	0.8891	pathogenic
P18509	S133P	0.9007	pathogenic
P18509	S133Q	0.9207	pathogenic
P18509	S133R	0.9764	pathogenic
P18509	S133T	0.2482	benign
P18509	S133V	0.4569	ambiguous
P18509	S133W	0.8804	pathogenic
P18509	S133Y	0.8903	pathogenic
P18509	D134A	0.9791	pathogenic
P18509	D134C	0.9979	pathogenic
P18509	D134E	0.9818	pathogenic
P18509	D134F	0.9978	pathogenic
P18509	D134G	0.9861	pathogenic
P18509	D134H	0.9841	pathogenic
P18509	D134I	0.9982	pathogenic
P18509	D134K	0.9922	pathogenic
P18509	D134L	0.9937	pathogenic
P18509	D134M	0.9992	pathogenic
P18509	D134N	0.9429	pathogenic
P18509	D134P	0.9958	pathogenic
P18509	D134Q	0.9934	pathogenic
P18509	D134R	0.9811	pathogenic
P18509	D134S	0.9553	pathogenic
P18509	D134T	0.9914	pathogenic
P18509	D134V	0.99	pathogenic
P18509	D134W	0.9987	pathogenic
P18509	D134Y	0.9769	pathogenic
P18509	G135A	0.7323	pathogenic
P18509	G135C	0.9385	pathogenic
P18509	G135D	0.9752	pathogenic
P18509	G135E	0.9786	pathogenic
P18509	G135F	0.9926	pathogenic
P18509	G135H	0.9889	pathogenic
P18509	G135I	0.9811	pathogenic
P18509	G135K	0.9907	pathogenic
P18509	G135L	0.9846	pathogenic
P18509	G135M	0.9902	pathogenic
P18509	G135N	0.98	pathogenic
P18509	G135P	0.999	pathogenic
P18509	G135Q	0.9804	pathogenic
P18509	G135R	0.9639	pathogenic
P18509	G135S	0.7772	pathogenic
P18509	G135T	0.9402	pathogenic
P18509	G135V	0.9616	pathogenic
P18509	G135W	0.9769	pathogenic
P18509	G135Y	0.9858	pathogenic
P18509	I136A	0.9887	pathogenic
P18509	I136C	0.992	pathogenic
P18509	I136D	0.9965	pathogenic
P18509	I136E	0.9949	pathogenic
P18509	I136F	0.9157	pathogenic
P18509	I136G	0.9973	pathogenic
P18509	I136H	0.9936	pathogenic
P18509	I136K	0.9928	pathogenic
P18509	I136L	0.6088	pathogenic
P18509	I136M	0.8065	pathogenic
P18509	I136N	0.9788	pathogenic
P18509	I136P	0.9909	pathogenic
P18509	I136Q	0.9932	pathogenic
P18509	I136R	0.9822	pathogenic
P18509	I136S	0.981	pathogenic
P18509	I136T	0.9875	pathogenic
P18509	I136V	0.4174	ambiguous
P18509	I136W	0.9934	pathogenic
P18509	I136Y	0.9725	pathogenic
P18509	F137A	0.9967	pathogenic
P18509	F137C	0.9976	pathogenic
P18509	F137D	0.9988	pathogenic
P18509	F137E	0.9983	pathogenic
P18509	F137G	0.9984	pathogenic
P18509	F137H	0.9942	pathogenic
P18509	F137I	0.9874	pathogenic
P18509	F137K	0.9986	pathogenic
P18509	F137L	0.9981	pathogenic
P18509	F137M	0.9957	pathogenic
P18509	F137N	0.9989	pathogenic
P18509	F137P	0.9998	pathogenic
P18509	F137Q	0.9975	pathogenic
P18509	F137R	0.9919	pathogenic
P18509	F137S	0.9973	pathogenic
P18509	F137T	0.9975	pathogenic
P18509	F137V	0.9852	pathogenic
P18509	F137W	0.9743	pathogenic
P18509	F137Y	0.9123	pathogenic
P18509	T138A	0.9722	pathogenic
P18509	T138C	0.993	pathogenic
P18509	T138D	0.9922	pathogenic
P18509	T138E	0.9841	pathogenic
P18509	T138F	0.994	pathogenic
P18509	T138G	0.9772	pathogenic
P18509	T138H	0.9682	pathogenic
P18509	T138I	0.9935	pathogenic
P18509	T138K	0.9799	pathogenic
P18509	T138L	0.9666	pathogenic
P18509	T138M	0.9641	pathogenic
P18509	T138N	0.971	pathogenic
P18509	T138P	0.9498	pathogenic
P18509	T138Q	0.967	pathogenic
P18509	T138R	0.9494	pathogenic
P18509	T138S	0.9276	pathogenic
P18509	T138V	0.9829	pathogenic
P18509	T138W	0.9916	pathogenic
P18509	T138Y	0.9942	pathogenic
P18509	D139A	0.9578	pathogenic
P18509	D139C	0.997	pathogenic
P18509	D139E	0.9736	pathogenic
P18509	D139F	0.9958	pathogenic
P18509	D139G	0.9646	pathogenic
P18509	D139H	0.9555	pathogenic
P18509	D139I	0.9979	pathogenic
P18509	D139K	0.9924	pathogenic
P18509	D139L	0.9926	pathogenic
P18509	D139M	0.999	pathogenic
P18509	D139N	0.8447	pathogenic
P18509	D139P	0.9969	pathogenic
P18509	D139Q	0.9902	pathogenic
P18509	D139R	0.9848	pathogenic
P18509	D139S	0.8844	pathogenic
P18509	D139T	0.987	pathogenic
P18509	D139V	0.9871	pathogenic
P18509	D139W	0.9985	pathogenic
P18509	D139Y	0.9539	pathogenic
P18509	S140A	0.3706	ambiguous
P18509	S140C	0.6571	pathogenic
P18509	S140D	0.9744	pathogenic
P18509	S140E	0.9791	pathogenic
P18509	S140F	0.9769	pathogenic
P18509	S140G	0.2785	benign
P18509	S140H	0.9564	pathogenic
P18509	S140I	0.8913	pathogenic
P18509	S140K	0.9966	pathogenic
P18509	S140L	0.8807	pathogenic
P18509	S140M	0.9285	pathogenic
P18509	S140N	0.8853	pathogenic
P18509	S140P	0.9838	pathogenic
P18509	S140Q	0.9714	pathogenic
P18509	S140R	0.9887	pathogenic
P18509	S140T	0.4885	ambiguous
P18509	S140V	0.9126	pathogenic
P18509	S140W	0.9712	pathogenic
P18509	S140Y	0.9475	pathogenic
P18509	Y141A	0.9918	pathogenic
P18509	Y141C	0.978	pathogenic
P18509	Y141D	0.9922	pathogenic
P18509	Y141E	0.9984	pathogenic
P18509	Y141F	0.5264	ambiguous
P18509	Y141G	0.9878	pathogenic
P18509	Y141H	0.99	pathogenic
P18509	Y141I	0.9865	pathogenic
P18509	Y141K	0.9985	pathogenic
P18509	Y141L	0.9394	pathogenic
P18509	Y141M	0.9925	pathogenic
P18509	Y141N	0.9892	pathogenic
P18509	Y141P	0.9938	pathogenic
P18509	Y141Q	0.9981	pathogenic
P18509	Y141R	0.9932	pathogenic
P18509	Y141S	0.9753	pathogenic
P18509	Y141T	0.9932	pathogenic
P18509	Y141V	0.9536	pathogenic
P18509	Y141W	0.8714	pathogenic
P18509	S142A	0.7882	pathogenic
P18509	S142C	0.9518	pathogenic
P18509	S142D	0.9946	pathogenic
P18509	S142E	0.987	pathogenic
P18509	S142F	0.9909	pathogenic
P18509	S142G	0.8562	pathogenic
P18509	S142H	0.9747	pathogenic
P18509	S142I	0.9868	pathogenic
P18509	S142K	0.9975	pathogenic
P18509	S142L	0.9675	pathogenic
P18509	S142M	0.9867	pathogenic
P18509	S142N	0.9862	pathogenic
P18509	S142P	0.9931	pathogenic
P18509	S142Q	0.9726	pathogenic
P18509	S142R	0.9929	pathogenic
P18509	S142T	0.8203	pathogenic
P18509	S142V	0.9866	pathogenic
P18509	S142W	0.9733	pathogenic
P18509	S142Y	0.9795	pathogenic
P18509	R143A	0.9593	pathogenic
P18509	R143C	0.7786	pathogenic
P18509	R143D	0.9845	pathogenic
P18509	R143E	0.9492	pathogenic
P18509	R143F	0.9796	pathogenic
P18509	R143G	0.9265	pathogenic
P18509	R143H	0.3458	ambiguous
P18509	R143I	0.9559	pathogenic
P18509	R143K	0.7279	pathogenic
P18509	R143L	0.8574	pathogenic
P18509	R143M	0.9796	pathogenic
P18509	R143N	0.9702	pathogenic
P18509	R143P	0.9886	pathogenic
P18509	R143Q	0.5988	pathogenic
P18509	R143S	0.9703	pathogenic
P18509	R143T	0.9579	pathogenic
P18509	R143V	0.9531	pathogenic
P18509	R143W	0.7945	pathogenic
P18509	R143Y	0.9109	pathogenic
P18509	Y144A	0.9918	pathogenic
P18509	Y144C	0.9759	pathogenic
P18509	Y144D	0.9935	pathogenic
P18509	Y144E	0.997	pathogenic
P18509	Y144F	0.4294	ambiguous
P18509	Y144G	0.9846	pathogenic
P18509	Y144H	0.9728	pathogenic
P18509	Y144I	0.978	pathogenic
P18509	Y144K	0.9949	pathogenic
P18509	Y144L	0.8943	pathogenic
P18509	Y144M	0.9821	pathogenic
P18509	Y144N	0.9836	pathogenic
P18509	Y144P	0.9985	pathogenic
P18509	Y144Q	0.9933	pathogenic
P18509	Y144R	0.9873	pathogenic
P18509	Y144S	0.9854	pathogenic
P18509	Y144T	0.9939	pathogenic
P18509	Y144V	0.9594	pathogenic
P18509	Y144W	0.8751	pathogenic
P18509	R145A	0.9959	pathogenic
P18509	R145C	0.9454	pathogenic
P18509	R145D	0.9996	pathogenic
P18509	R145E	0.987	pathogenic
P18509	R145F	0.9993	pathogenic
P18509	R145G	0.9899	pathogenic
P18509	R145H	0.9596	pathogenic
P18509	R145I	0.9947	pathogenic
P18509	R145K	0.9479	pathogenic
P18509	R145L	0.9467	pathogenic
P18509	R145M	0.9977	pathogenic
P18509	R145N	0.9991	pathogenic
P18509	R145P	0.9981	pathogenic
P18509	R145Q	0.8917	pathogenic
P18509	R145S	0.9984	pathogenic
P18509	R145T	0.9978	pathogenic
P18509	R145V	0.9938	pathogenic
P18509	R145W	0.977	pathogenic
P18509	R145Y	0.9965	pathogenic
P18509	K146A	0.9916	pathogenic
P18509	K146C	0.9961	pathogenic
P18509	K146D	0.9969	pathogenic
P18509	K146E	0.9774	pathogenic
P18509	K146F	0.999	pathogenic
P18509	K146G	0.9855	pathogenic
P18509	K146H	0.9485	pathogenic
P18509	K146I	0.9972	pathogenic
P18509	K146L	0.9844	pathogenic
P18509	K146M	0.9817	pathogenic
P18509	K146N	0.9955	pathogenic
P18509	K146P	0.9979	pathogenic
P18509	K146Q	0.8961	pathogenic
P18509	K146R	0.5641	pathogenic
P18509	K146S	0.9948	pathogenic
P18509	K146T	0.9819	pathogenic
P18509	K146V	0.9942	pathogenic
P18509	K146W	0.997	pathogenic
P18509	K146Y	0.9917	pathogenic
P18509	Q147A	0.8136	pathogenic
P18509	Q147C	0.9966	pathogenic
P18509	Q147D	0.9595	pathogenic
P18509	Q147E	0.4227	ambiguous
P18509	Q147F	0.9967	pathogenic
P18509	Q147G	0.8887	pathogenic
P18509	Q147H	0.9582	pathogenic
P18509	Q147I	0.9841	pathogenic
P18509	Q147K	0.6077	pathogenic
P18509	Q147L	0.8522	pathogenic
P18509	Q147M	0.8955	pathogenic
P18509	Q147N	0.9088	pathogenic
P18509	Q147P	0.9899	pathogenic
P18509	Q147R	0.7101	pathogenic
P18509	Q147S	0.8665	pathogenic
P18509	Q147T	0.863	pathogenic
P18509	Q147V	0.9467	pathogenic
P18509	Q147W	0.9958	pathogenic
P18509	Q147Y	0.991	pathogenic
P18509	M148A	0.9627	pathogenic
P18509	M148C	0.9932	pathogenic
P18509	M148D	0.9984	pathogenic
P18509	M148E	0.9562	pathogenic
P18509	M148F	0.9673	pathogenic
P18509	M148G	0.9938	pathogenic
P18509	M148H	0.9784	pathogenic
P18509	M148I	0.9867	pathogenic
P18509	M148K	0.8791	pathogenic
P18509	M148L	0.7752	pathogenic
P18509	M148N	0.9809	pathogenic
P18509	M148P	0.9992	pathogenic
P18509	M148Q	0.7371	pathogenic
P18509	M148R	0.9184	pathogenic
P18509	M148S	0.9852	pathogenic
P18509	M148T	0.9757	pathogenic
P18509	M148V	0.7906	pathogenic
P18509	M148W	0.9918	pathogenic
P18509	M148Y	0.9819	pathogenic
P18509	A149C	0.9924	pathogenic
P18509	A149D	0.9938	pathogenic
P18509	A149E	0.978	pathogenic
P18509	A149F	0.9875	pathogenic
P18509	A149G	0.9455	pathogenic
P18509	A149H	0.9906	pathogenic
P18509	A149I	0.9932	pathogenic
P18509	A149K	0.9937	pathogenic
P18509	A149L	0.9057	pathogenic
P18509	A149M	0.9789	pathogenic
P18509	A149N	0.9924	pathogenic
P18509	A149P	0.9935	pathogenic
P18509	A149Q	0.9638	pathogenic
P18509	A149R	0.9423	pathogenic
P18509	A149S	0.8336	pathogenic
P18509	A149T	0.9736	pathogenic
P18509	A149V	0.9691	pathogenic
P18509	A149W	0.9956	pathogenic
P18509	A149Y	0.9886	pathogenic
P18509	V150A	0.8174	pathogenic
P18509	V150C	0.9792	pathogenic
P18509	V150D	0.9868	pathogenic
P18509	V150E	0.9385	pathogenic
P18509	V150F	0.8767	pathogenic
P18509	V150G	0.8258	pathogenic
P18509	V150H	0.9916	pathogenic
P18509	V150I	0.4882	ambiguous
P18509	V150K	0.9486	pathogenic
P18509	V150L	0.8877	pathogenic
P18509	V150M	0.7752	pathogenic
P18509	V150N	0.9801	pathogenic
P18509	V150P	0.9929	pathogenic
P18509	V150Q	0.8966	pathogenic
P18509	V150R	0.8526	pathogenic
P18509	V150S	0.9194	pathogenic
P18509	V150T	0.9072	pathogenic
P18509	V150W	0.995	pathogenic
P18509	V150Y	0.9803	pathogenic
P18509	K151A	0.9428	pathogenic
P18509	K151C	0.9766	pathogenic
P18509	K151D	0.9854	pathogenic
P18509	K151E	0.7622	pathogenic
P18509	K151F	0.997	pathogenic
P18509	K151G	0.9237	pathogenic
P18509	K151H	0.8624	pathogenic
P18509	K151I	0.9869	pathogenic
P18509	K151L	0.9474	pathogenic
P18509	K151M	0.9145	pathogenic
P18509	K151N	0.973	pathogenic
P18509	K151P	0.9901	pathogenic
P18509	K151Q	0.3416	ambiguous
P18509	K151R	0.1576	benign
P18509	K151S	0.9561	pathogenic
P18509	K151T	0.8745	pathogenic
P18509	K151V	0.9691	pathogenic
P18509	K151W	0.9863	pathogenic
P18509	K151Y	0.9835	pathogenic
P18509	K152A	0.9683	pathogenic
P18509	K152C	0.9928	pathogenic
P18509	K152D	0.9781	pathogenic
P18509	K152E	0.957	pathogenic
P18509	K152F	0.9979	pathogenic
P18509	K152G	0.9788	pathogenic
P18509	K152H	0.9004	pathogenic
P18509	K152I	0.9875	pathogenic
P18509	K152L	0.9697	pathogenic
P18509	K152M	0.9576	pathogenic
P18509	K152N	0.9637	pathogenic
P18509	K152P	0.9935	pathogenic
P18509	K152Q	0.9165	pathogenic
P18509	K152R	0.4846	ambiguous
P18509	K152S	0.9866	pathogenic
P18509	K152T	0.9065	pathogenic
P18509	K152V	0.9788	pathogenic
P18509	K152W	0.9956	pathogenic
P18509	K152Y	0.9732	pathogenic
P18509	Y153A	0.9952	pathogenic
P18509	Y153C	0.9957	pathogenic
P18509	Y153D	0.9926	pathogenic
P18509	Y153E	0.998	pathogenic
P18509	Y153F	0.7193	pathogenic
P18509	Y153G	0.9903	pathogenic
P18509	Y153H	0.9936	pathogenic
P18509	Y153I	0.9858	pathogenic
P18509	Y153K	0.998	pathogenic
P18509	Y153L	0.9365	pathogenic
P18509	Y153M	0.9895	pathogenic
P18509	Y153N	0.9802	pathogenic
P18509	Y153P	0.9992	pathogenic
P18509	Y153Q	0.998	pathogenic
P18509	Y153R	0.997	pathogenic
P18509	Y153S	0.9914	pathogenic
P18509	Y153T	0.9948	pathogenic
P18509	Y153V	0.9694	pathogenic
P18509	Y153W	0.9765	pathogenic
P18509	L154A	0.9669	pathogenic
P18509	L154C	0.9959	pathogenic
P18509	L154D	0.9994	pathogenic
P18509	L154E	0.9913	pathogenic
P18509	L154F	0.971	pathogenic
P18509	L154G	0.994	pathogenic
P18509	L154H	0.9937	pathogenic
P18509	L154I	0.8315	pathogenic
P18509	L154K	0.9789	pathogenic
P18509	L154M	0.8785	pathogenic
P18509	L154N	0.9985	pathogenic
P18509	L154P	0.9932	pathogenic
P18509	L154Q	0.9831	pathogenic
P18509	L154R	0.9403	pathogenic
P18509	L154S	0.9973	pathogenic
P18509	L154T	0.9831	pathogenic
P18509	L154V	0.8189	pathogenic
P18509	L154W	0.9851	pathogenic
P18509	L154Y	0.9939	pathogenic
P18509	A155C	0.8879	pathogenic
P18509	A155D	0.7364	pathogenic
P18509	A155E	0.3454	ambiguous
P18509	A155F	0.8868	pathogenic
P18509	A155G	0.6236	pathogenic
P18509	A155H	0.758	pathogenic
P18509	A155I	0.9453	pathogenic
P18509	A155K	0.8191	pathogenic
P18509	A155L	0.599	pathogenic
P18509	A155M	0.7519	pathogenic
P18509	A155N	0.7639	pathogenic
P18509	A155P	0.9868	pathogenic
P18509	A155Q	0.4231	ambiguous
P18509	A155R	0.6604	pathogenic
P18509	A155S	0.3101	benign
P18509	A155T	0.6135	pathogenic
P18509	A155V	0.7703	pathogenic
P18509	A155W	0.9594	pathogenic
P18509	A155Y	0.8784	pathogenic
P18509	A156C	0.8925	pathogenic
P18509	A156D	0.9562	pathogenic
P18509	A156E	0.8968	pathogenic
P18509	A156F	0.8947	pathogenic
P18509	A156G	0.7881	pathogenic
P18509	A156H	0.9045	pathogenic
P18509	A156I	0.9459	pathogenic
P18509	A156K	0.9559	pathogenic
P18509	A156L	0.7295	pathogenic
P18509	A156M	0.7697	pathogenic
P18509	A156N	0.9066	pathogenic
P18509	A156P	0.9909	pathogenic
P18509	A156Q	0.8342	pathogenic
P18509	A156R	0.8622	pathogenic
P18509	A156S	0.385	ambiguous
P18509	A156T	0.4561	ambiguous
P18509	A156V	0.698	pathogenic
P18509	A156W	0.9673	pathogenic
P18509	A156Y	0.9235	pathogenic
P18509	V157A	0.8945	pathogenic
P18509	V157C	0.9808	pathogenic
P18509	V157D	0.9896	pathogenic
P18509	V157E	0.9572	pathogenic
P18509	V157F	0.891	pathogenic
P18509	V157G	0.9023	pathogenic
P18509	V157H	0.9884	pathogenic
P18509	V157I	0.4698	ambiguous
P18509	V157K	0.9645	pathogenic
P18509	V157L	0.9132	pathogenic
P18509	V157M	0.9099	pathogenic
P18509	V157N	0.9717	pathogenic
P18509	V157P	0.9887	pathogenic
P18509	V157Q	0.9411	pathogenic
P18509	V157R	0.8997	pathogenic
P18509	V157S	0.9085	pathogenic
P18509	V157T	0.8995	pathogenic
P18509	V157W	0.9958	pathogenic
P18509	V157Y	0.9743	pathogenic
P18509	L158A	0.9152	pathogenic
P18509	L158C	0.9855	pathogenic
P18509	L158D	0.9971	pathogenic
P18509	L158E	0.9782	pathogenic
P18509	L158F	0.9224	pathogenic
P18509	L158G	0.9768	pathogenic
P18509	L158H	0.9802	pathogenic
P18509	L158I	0.7497	pathogenic
P18509	L158K	0.956	pathogenic
P18509	L158M	0.7602	pathogenic
P18509	L158N	0.9927	pathogenic
P18509	L158P	0.9681	pathogenic
P18509	L158Q	0.96	pathogenic
P18509	L158R	0.8976	pathogenic
P18509	L158S	0.9849	pathogenic
P18509	L158T	0.9146	pathogenic
P18509	L158V	0.7673	pathogenic
P18509	L158W	0.9376	pathogenic
P18509	L158Y	0.9838	pathogenic
P18509	G159A	0.8967	pathogenic
P18509	G159C	0.9622	pathogenic
P18509	G159D	0.9696	pathogenic
P18509	G159E	0.9699	pathogenic
P18509	G159F	0.9941	pathogenic
P18509	G159H	0.9872	pathogenic
P18509	G159I	0.994	pathogenic
P18509	G159K	0.9846	pathogenic
P18509	G159L	0.9837	pathogenic
P18509	G159M	0.9954	pathogenic
P18509	G159N	0.9818	pathogenic
P18509	G159P	0.9942	pathogenic
P18509	G159Q	0.9703	pathogenic
P18509	G159R	0.9668	pathogenic
P18509	G159S	0.8767	pathogenic
P18509	G159T	0.9697	pathogenic
P18509	G159V	0.9805	pathogenic
P18509	G159W	0.9782	pathogenic
P18509	G159Y	0.9874	pathogenic
P18509	K160A	0.9413	pathogenic
P18509	K160C	0.9725	pathogenic
P18509	K160D	0.9709	pathogenic
P18509	K160E	0.8987	pathogenic
P18509	K160F	0.9897	pathogenic
P18509	K160G	0.903	pathogenic
P18509	K160H	0.8227	pathogenic
P18509	K160I	0.9573	pathogenic
P18509	K160L	0.9183	pathogenic
P18509	K160M	0.906	pathogenic
P18509	K160N	0.9543	pathogenic
P18509	K160P	0.9497	pathogenic
P18509	K160Q	0.6904	pathogenic
P18509	K160R	0.2036	benign
P18509	K160S	0.9395	pathogenic
P18509	K160T	0.8819	pathogenic
P18509	K160V	0.9338	pathogenic
P18509	K160W	0.9691	pathogenic
P18509	K160Y	0.957	pathogenic
P18509	R161A	0.9518	pathogenic
P18509	R161C	0.9438	pathogenic
P18509	R161D	0.9529	pathogenic
P18509	R161E	0.8822	pathogenic
P18509	R161F	0.9914	pathogenic
P18509	R161G	0.8699	pathogenic
P18509	R161H	0.7986	pathogenic
P18509	R161I	0.9684	pathogenic
P18509	R161K	0.8139	pathogenic
P18509	R161L	0.9422	pathogenic
P18509	R161M	0.9835	pathogenic
P18509	R161N	0.973	pathogenic
P18509	R161P	0.9469	pathogenic
P18509	R161Q	0.7646	pathogenic
P18509	R161S	0.9546	pathogenic
P18509	R161T	0.949	pathogenic
P18509	R161V	0.9636	pathogenic
P18509	R161W	0.8905	pathogenic
P18509	R161Y	0.9507	pathogenic
P18509	Y162A	0.9191	pathogenic
P18509	Y162C	0.8176	pathogenic
P18509	Y162D	0.9025	pathogenic
P18509	Y162E	0.9446	pathogenic
P18509	Y162F	0.4569	ambiguous
P18509	Y162G	0.7667	pathogenic
P18509	Y162H	0.8641	pathogenic
P18509	Y162I	0.936	pathogenic
P18509	Y162K	0.9493	pathogenic
P18509	Y162L	0.8145	pathogenic
P18509	Y162M	0.9393	pathogenic
P18509	Y162N	0.8071	pathogenic
P18509	Y162P	0.9553	pathogenic
P18509	Y162Q	0.9233	pathogenic
P18509	Y162R	0.8808	pathogenic
P18509	Y162S	0.8257	pathogenic
P18509	Y162T	0.9332	pathogenic
P18509	Y162V	0.8255	pathogenic
P18509	Y162W	0.6942	pathogenic
P18509	K163A	0.8892	pathogenic
P18509	K163C	0.9547	pathogenic
P18509	K163D	0.9859	pathogenic
P18509	K163E	0.8405	pathogenic
P18509	K163F	0.9897	pathogenic
P18509	K163G	0.9039	pathogenic
P18509	K163H	0.7723	pathogenic
P18509	K163I	0.9418	pathogenic
P18509	K163L	0.8705	pathogenic
P18509	K163M	0.8986	pathogenic
P18509	K163N	0.9779	pathogenic
P18509	K163P	0.9326	pathogenic
P18509	K163Q	0.4781	ambiguous
P18509	K163R	0.0987	benign
P18509	K163S	0.9474	pathogenic
P18509	K163T	0.8408	pathogenic
P18509	K163V	0.8986	pathogenic
P18509	K163W	0.9635	pathogenic
P18509	K163Y	0.9612	pathogenic
P18509	Q164A	0.56	ambiguous
P18509	Q164C	0.9842	pathogenic
P18509	Q164D	0.8133	pathogenic
P18509	Q164E	0.2641	benign
P18509	Q164F	0.9745	pathogenic
P18509	Q164G	0.6189	pathogenic
P18509	Q164H	0.8746	pathogenic
P18509	Q164I	0.9067	pathogenic
P18509	Q164K	0.5918	pathogenic
P18509	Q164L	0.5692	pathogenic
P18509	Q164M	0.7539	pathogenic
P18509	Q164N	0.6912	pathogenic
P18509	Q164P	0.7524	pathogenic
P18509	Q164R	0.5875	pathogenic
P18509	Q164S	0.6514	pathogenic
P18509	Q164T	0.6864	pathogenic
P18509	Q164V	0.7708	pathogenic
P18509	Q164W	0.9674	pathogenic
P18509	Q164Y	0.9413	pathogenic
P18509	R165A	0.9042	pathogenic
P18509	R165C	0.9128	pathogenic
P18509	R165D	0.9621	pathogenic
P18509	R165E	0.8816	pathogenic
P18509	R165F	0.9768	pathogenic
P18509	R165G	0.8364	pathogenic
P18509	R165H	0.6507	pathogenic
P18509	R165I	0.905	pathogenic
P18509	R165K	0.4675	ambiguous
P18509	R165L	0.8265	pathogenic
P18509	R165M	0.9285	pathogenic
P18509	R165N	0.9621	pathogenic
P18509	R165P	0.9275	pathogenic
P18509	R165Q	0.572	pathogenic
P18509	R165S	0.9679	pathogenic
P18509	R165T	0.9065	pathogenic
P18509	R165V	0.8928	pathogenic
P18509	R165W	0.8091	pathogenic
P18509	R165Y	0.922	pathogenic
P18509	V166A	0.4495	ambiguous
P18509	V166C	0.8319	pathogenic
P18509	V166D	0.8444	pathogenic
P18509	V166E	0.6645	pathogenic
P18509	V166F	0.2552	benign
P18509	V166G	0.3853	ambiguous
P18509	V166H	0.8271	pathogenic
P18509	V166I	0.1134	benign
P18509	V166K	0.6638	pathogenic
P18509	V166L	0.4192	ambiguous
P18509	V166M	0.4222	ambiguous
P18509	V166N	0.7338	pathogenic
P18509	V166P	0.795	pathogenic
P18509	V166Q	0.5556	ambiguous
P18509	V166R	0.4965	ambiguous
P18509	V166S	0.6216	pathogenic
P18509	V166T	0.6306	pathogenic
P18509	V166W	0.8085	pathogenic
P18509	V166Y	0.6438	pathogenic
P18509	K167A	0.8497	pathogenic
P18509	K167C	0.9312	pathogenic
P18509	K167D	0.9769	pathogenic
P18509	K167E	0.8047	pathogenic
P18509	K167F	0.9845	pathogenic
P18509	K167G	0.8418	pathogenic
P18509	K167H	0.7634	pathogenic
P18509	K167I	0.9245	pathogenic
P18509	K167L	0.8594	pathogenic
P18509	K167M	0.8658	pathogenic
P18509	K167N	0.9572	pathogenic
P18509	K167P	0.9187	pathogenic
P18509	K167Q	0.4616	ambiguous
P18509	K167R	0.087	benign
P18509	K167S	0.9315	pathogenic
P18509	K167T	0.8059	pathogenic
P18509	K167V	0.8732	pathogenic
P18509	K167W	0.9488	pathogenic
P18509	K167Y	0.9481	pathogenic
P18509	N168A	0.835	pathogenic
P18509	N168C	0.86	pathogenic
P18509	N168D	0.7691	pathogenic
P18509	N168E	0.8785	pathogenic
P18509	N168F	0.9648	pathogenic
P18509	N168G	0.7304	pathogenic
P18509	N168H	0.6132	pathogenic
P18509	N168I	0.8765	pathogenic
P18509	N168K	0.8801	pathogenic
P18509	N168L	0.8169	pathogenic
P18509	N168M	0.8561	pathogenic
P18509	N168P	0.9325	pathogenic
P18509	N168Q	0.8394	pathogenic
P18509	N168R	0.8737	pathogenic
P18509	N168S	0.484	ambiguous
P18509	N168T	0.5732	pathogenic
P18509	N168V	0.8298	pathogenic
P18509	N168W	0.9637	pathogenic
P18509	N168Y	0.6482	pathogenic
P18509	K169A	0.9311	pathogenic
P18509	K169C	0.9867	pathogenic
P18509	K169D	0.9797	pathogenic
P18509	K169E	0.9219	pathogenic
P18509	K169F	0.9953	pathogenic
P18509	K169G	0.9392	pathogenic
P18509	K169H	0.9102	pathogenic
P18509	K169I	0.9726	pathogenic
P18509	K169L	0.9528	pathogenic
P18509	K169M	0.9451	pathogenic
P18509	K169N	0.9765	pathogenic
P18509	K169P	0.9253	pathogenic
P18509	K169Q	0.8273	pathogenic
P18509	K169R	0.2362	benign
P18509	K169S	0.9624	pathogenic
P18509	K169T	0.8611	pathogenic
P18509	K169V	0.9561	pathogenic
P18509	K169W	0.9859	pathogenic
P18509	K169Y	0.9727	pathogenic
P18509	G170A	0.64	pathogenic
P18509	G170C	0.8623	pathogenic
P18509	G170D	0.9147	pathogenic
P18509	G170E	0.8936	pathogenic
P18509	G170F	0.9525	pathogenic
P18509	G170H	0.9671	pathogenic
P18509	G170I	0.8808	pathogenic
P18509	G170K	0.9549	pathogenic
P18509	G170L	0.9247	pathogenic
P18509	G170M	0.9545	pathogenic
P18509	G170N	0.9125	pathogenic
P18509	G170P	0.9662	pathogenic
P18509	G170Q	0.9339	pathogenic
P18509	G170R	0.9283	pathogenic
P18509	G170S	0.667	pathogenic
P18509	G170T	0.7865	pathogenic
P18509	G170V	0.7258	pathogenic
P18509	G170W	0.8942	pathogenic
P18509	G170Y	0.9132	pathogenic
P18509	R171A	0.9048	pathogenic
P18509	R171C	0.7696	pathogenic
P18509	R171D	0.9693	pathogenic
P18509	R171E	0.8315	pathogenic
P18509	R171F	0.9402	pathogenic
P18509	R171G	0.7554	pathogenic
P18509	R171H	0.5148	ambiguous
P18509	R171I	0.8863	pathogenic
P18509	R171K	0.3446	ambiguous
P18509	R171L	0.7563	pathogenic
P18509	R171M	0.9013	pathogenic
P18509	R171N	0.9556	pathogenic
P18509	R171P	0.9111	pathogenic
P18509	R171Q	0.3802	ambiguous
P18509	R171S	0.9478	pathogenic
P18509	R171T	0.9101	pathogenic
P18509	R171V	0.8905	pathogenic
P18509	R171W	0.5861	pathogenic
P18509	R171Y	0.8709	pathogenic
P18509	R172A	0.9383	pathogenic
P18509	R172C	0.8769	pathogenic
P18509	R172D	0.9638	pathogenic
P18509	R172E	0.8818	pathogenic
P18509	R172F	0.977	pathogenic
P18509	R172G	0.8443	pathogenic
P18509	R172H	0.7155	pathogenic
P18509	R172I	0.9422	pathogenic
P18509	R172K	0.6751	pathogenic
P18509	R172L	0.8785	pathogenic
P18509	R172M	0.9623	pathogenic
P18509	R172N	0.9622	pathogenic
P18509	R172P	0.9331	pathogenic
P18509	R172Q	0.6528	pathogenic
P18509	R172S	0.968	pathogenic
P18509	R172T	0.9443	pathogenic
P18509	R172V	0.9313	pathogenic
P18509	R172W	0.8275	pathogenic
P18509	R172Y	0.9366	pathogenic
P18509	I173A	0.7295	pathogenic
P18509	I173C	0.944	pathogenic
P18509	I173D	0.9647	pathogenic
P18509	I173E	0.9111	pathogenic
P18509	I173F	0.3102	benign
P18509	I173G	0.9118	pathogenic
P18509	I173H	0.909	pathogenic
P18509	I173K	0.8505	pathogenic
P18509	I173L	0.2517	benign
P18509	I173M	0.2654	benign
P18509	I173N	0.8556	pathogenic
P18509	I173P	0.8594	pathogenic
P18509	I173Q	0.8616	pathogenic
P18509	I173R	0.7695	pathogenic
P18509	I173S	0.835	pathogenic
P18509	I173T	0.774	pathogenic
P18509	I173V	0.232	benign
P18509	I173W	0.8323	pathogenic
P18509	I173Y	0.7422	pathogenic
P18509	A174C	0.7179	pathogenic
P18509	A174D	0.8478	pathogenic
P18509	A174E	0.8243	pathogenic
P18509	A174F	0.7655	pathogenic
P18509	A174G	0.3387	benign
P18509	A174H	0.8149	pathogenic
P18509	A174I	0.8303	pathogenic
P18509	A174K	0.8993	pathogenic
P18509	A174L	0.6066	pathogenic
P18509	A174M	0.8196	pathogenic
P18509	A174N	0.7262	pathogenic
P18509	A174P	0.3925	ambiguous
P18509	A174Q	0.6825	pathogenic
P18509	A174R	0.659	pathogenic
P18509	A174S	0.1602	benign
P18509	A174T	0.2644	benign
P18509	A174V	0.5522	ambiguous
P18509	A174W	0.9215	pathogenic
P18509	A174Y	0.8314	pathogenic
P18509	Y175A	0.8914	pathogenic
P18509	Y175C	0.5778	pathogenic
P18509	Y175D	0.9179	pathogenic
P18509	Y175E	0.9769	pathogenic
P18509	Y175F	0.0684	benign
P18509	Y175G	0.8627	pathogenic
P18509	Y175H	0.7785	pathogenic
P18509	Y175I	0.8721	pathogenic
P18509	Y175K	0.9763	pathogenic
P18509	Y175L	0.849	pathogenic
P18509	Y175M	0.9135	pathogenic
P18509	Y175N	0.8695	pathogenic
P18509	Y175P	0.9581	pathogenic
P18509	Y175Q	0.9605	pathogenic
P18509	Y175R	0.9232	pathogenic
P18509	Y175S	0.7969	pathogenic
P18509	Y175T	0.9029	pathogenic
P18509	Y175V	0.7501	pathogenic
P18509	Y175W	0.3463	ambiguous
P18509	L176A	0.8813	pathogenic
P18509	L176C	0.939	pathogenic
P18509	L176D	0.996	pathogenic
P18509	L176E	0.9763	pathogenic
P18509	L176F	0.7742	pathogenic
P18509	L176G	0.9602	pathogenic
P18509	L176H	0.9756	pathogenic
P18509	L176I	0.4287	ambiguous
P18509	L176K	0.9349	pathogenic
P18509	L176M	0.5634	ambiguous
P18509	L176N	0.9853	pathogenic
P18509	L176P	0.9478	pathogenic
P18509	L176Q	0.9083	pathogenic
P18509	L176R	0.8467	pathogenic
P18509	L176S	0.9783	pathogenic
P18509	L176T	0.9067	pathogenic
P18509	L176V	0.412	ambiguous
P18509	L176W	0.9186	pathogenic
P18509	L176Y	0.9573	pathogenic
