O60894	M1A	0.2772	benign
O60894	M1C	0.3838	ambiguous
O60894	M1D	0.8189	pathogenic
O60894	M1E	0.5075	ambiguous
O60894	M1F	0.2319	benign
O60894	M1G	0.4366	ambiguous
O60894	M1H	0.6538	pathogenic
O60894	M1I	0.6059	pathogenic
O60894	M1K	0.4808	ambiguous
O60894	M1L	0.187	benign
O60894	M1N	0.6676	pathogenic
O60894	M1P	0.3716	ambiguous
O60894	M1Q	0.2858	benign
O60894	M1R	0.3306	benign
O60894	M1S	0.4029	ambiguous
O60894	M1T	0.4013	ambiguous
O60894	M1V	0.1464	benign
O60894	M1W	0.4156	ambiguous
O60894	M1Y	0.5623	ambiguous
O60894	A2C	0.4452	ambiguous
O60894	A2D	0.165	benign
O60894	A2E	0.1393	benign
O60894	A2F	0.3098	benign
O60894	A2G	0.081	benign
O60894	A2H	0.3254	benign
O60894	A2I	0.4842	ambiguous
O60894	A2K	0.3167	benign
O60894	A2L	0.2684	benign
O60894	A2M	0.6049	pathogenic
O60894	A2N	0.2227	benign
O60894	A2P	0.0782	benign
O60894	A2Q	0.2239	benign
O60894	A2R	0.1608	benign
O60894	A2S	0.0966	benign
O60894	A2T	0.1832	benign
O60894	A2V	0.2859	benign
O60894	A2W	0.4377	ambiguous
O60894	A2Y	0.3443	ambiguous
O60894	R3A	0.0837	benign
O60894	R3C	0.4655	ambiguous
O60894	R3D	0.1735	benign
O60894	R3E	0.1368	benign
O60894	R3F	0.311	benign
O60894	R3G	0.0805	benign
O60894	R3H	0.296	benign
O60894	R3I	0.27	benign
O60894	R3K	0.1568	benign
O60894	R3L	0.1269	benign
O60894	R3M	0.4327	ambiguous
O60894	R3N	0.307	benign
O60894	R3P	0.0621	benign
O60894	R3Q	0.1978	benign
O60894	R3S	0.1828	benign
O60894	R3T	0.1371	benign
O60894	R3V	0.2012	benign
O60894	R3W	0.3305	benign
O60894	R3Y	0.4326	ambiguous
O60894	A4C	0.2826	benign
O60894	A4D	0.0881	benign
O60894	A4E	0.1098	benign
O60894	A4F	0.1782	benign
O60894	A4G	0.0554	benign
O60894	A4H	0.1995	benign
O60894	A4I	0.2882	benign
O60894	A4K	0.2843	benign
O60894	A4L	0.1846	benign
O60894	A4M	0.4571	ambiguous
O60894	A4N	0.169	benign
O60894	A4P	0.0856	benign
O60894	A4Q	0.1918	benign
O60894	A4R	0.1436	benign
O60894	A4S	0.0922	benign
O60894	A4T	0.1269	benign
O60894	A4V	0.1601	benign
O60894	A4W	0.2701	benign
O60894	A4Y	0.2095	benign
O60894	L5A	0.0724	benign
O60894	L5C	0.206	benign
O60894	L5D	0.2392	benign
O60894	L5E	0.1436	benign
O60894	L5F	0.0703	benign
O60894	L5G	0.105	benign
O60894	L5H	0.1377	benign
O60894	L5I	0.0975	benign
O60894	L5K	0.1723	benign
O60894	L5M	0.1637	benign
O60894	L5N	0.2061	benign
O60894	L5P	0.0632	benign
O60894	L5Q	0.0956	benign
O60894	L5R	0.0611	benign
O60894	L5S	0.1037	benign
O60894	L5T	0.1101	benign
O60894	L5V	0.0758	benign
O60894	L5W	0.0926	benign
O60894	L5Y	0.1828	benign
O60894	C6A	0.0735	benign
O60894	C6D	0.0981	benign
O60894	C6E	0.1173	benign
O60894	C6F	0.0723	benign
O60894	C6G	0.0351	benign
O60894	C6H	0.0996	benign
O60894	C6I	0.1876	benign
O60894	C6K	0.1467	benign
O60894	C6L	0.088	benign
O60894	C6M	0.3857	ambiguous
O60894	C6N	0.1455	benign
O60894	C6P	0.0579	benign
O60894	C6Q	0.0928	benign
O60894	C6R	0.0379	benign
O60894	C6S	0.0803	benign
O60894	C6T	0.1241	benign
O60894	C6V	0.1247	benign
O60894	C6W	0.1079	benign
O60894	C6Y	0.1007	benign
O60894	R7A	0.0827	benign
O60894	R7C	0.182	benign
O60894	R7D	0.1451	benign
O60894	R7E	0.1499	benign
O60894	R7F	0.1598	benign
O60894	R7G	0.0423	benign
O60894	R7H	0.1417	benign
O60894	R7I	0.1387	benign
O60894	R7K	0.187	benign
O60894	R7L	0.0793	benign
O60894	R7M	0.3029	benign
O60894	R7N	0.2334	benign
O60894	R7P	0.0671	benign
O60894	R7Q	0.1322	benign
O60894	R7S	0.1178	benign
O60894	R7T	0.1163	benign
O60894	R7V	0.1273	benign
O60894	R7W	0.1517	benign
O60894	R7Y	0.2065	benign
O60894	L8A	0.1273	benign
O60894	L8C	0.2598	benign
O60894	L8D	0.3341	benign
O60894	L8E	0.1938	benign
O60894	L8F	0.0797	benign
O60894	L8G	0.1573	benign
O60894	L8H	0.1605	benign
O60894	L8I	0.0983	benign
O60894	L8K	0.1948	benign
O60894	L8M	0.1626	benign
O60894	L8N	0.2515	benign
O60894	L8P	0.0993	benign
O60894	L8Q	0.1268	benign
O60894	L8R	0.0972	benign
O60894	L8S	0.1754	benign
O60894	L8T	0.1749	benign
O60894	L8V	0.0904	benign
O60894	L8W	0.1052	benign
O60894	L8Y	0.1792	benign
O60894	P9A	0.1262	benign
O60894	P9C	0.4498	ambiguous
O60894	P9D	0.3324	benign
O60894	P9E	0.2345	benign
O60894	P9F	0.4308	ambiguous
O60894	P9G	0.1512	benign
O60894	P9H	0.2161	benign
O60894	P9I	0.4597	ambiguous
O60894	P9K	0.3316	benign
O60894	P9L	0.3177	benign
O60894	P9M	0.6287	pathogenic
O60894	P9N	0.395	ambiguous
O60894	P9Q	0.1641	benign
O60894	P9R	0.1174	benign
O60894	P9S	0.1406	benign
O60894	P9T	0.17	benign
O60894	P9V	0.3194	benign
O60894	P9W	0.3279	benign
O60894	P9Y	0.4019	ambiguous
O60894	R10A	0.1604	benign
O60894	R10C	0.2924	benign
O60894	R10D	0.365	ambiguous
O60894	R10E	0.1857	benign
O60894	R10F	0.3099	benign
O60894	R10G	0.0898	benign
O60894	R10H	0.2236	benign
O60894	R10I	0.2596	benign
O60894	R10K	0.1809	benign
O60894	R10L	0.1455	benign
O60894	R10M	0.4321	ambiguous
O60894	R10N	0.4545	ambiguous
O60894	R10P	0.1094	benign
O60894	R10Q	0.1336	benign
O60894	R10S	0.2426	benign
O60894	R10T	0.2097	benign
O60894	R10V	0.2252	benign
O60894	R10W	0.1859	benign
O60894	R10Y	0.3609	ambiguous
O60894	R11A	0.1284	benign
O60894	R11C	0.2563	benign
O60894	R11D	0.2882	benign
O60894	R11E	0.1792	benign
O60894	R11F	0.2735	benign
O60894	R11G	0.0789	benign
O60894	R11H	0.2052	benign
O60894	R11I	0.2096	benign
O60894	R11K	0.1803	benign
O60894	R11L	0.1186	benign
O60894	R11M	0.3663	ambiguous
O60894	R11N	0.3771	ambiguous
O60894	R11P	0.106	benign
O60894	R11Q	0.1562	benign
O60894	R11S	0.226	benign
O60894	R11T	0.1692	benign
O60894	R11V	0.1939	benign
O60894	R11W	0.2121	benign
O60894	R11Y	0.3041	benign
O60894	G12A	0.0987	benign
O60894	G12C	0.1601	benign
O60894	G12D	0.3143	benign
O60894	G12E	0.3038	benign
O60894	G12F	0.2223	benign
O60894	G12H	0.4128	ambiguous
O60894	G12I	0.1687	benign
O60894	G12K	0.6214	pathogenic
O60894	G12L	0.2009	benign
O60894	G12M	0.3894	ambiguous
O60894	G12N	0.4395	ambiguous
O60894	G12P	0.3105	benign
O60894	G12Q	0.4315	ambiguous
O60894	G12R	0.4239	ambiguous
O60894	G12S	0.1532	benign
O60894	G12T	0.1709	benign
O60894	G12V	0.1114	benign
O60894	G12W	0.2078	benign
O60894	G12Y	0.2468	benign
O60894	L13A	0.1817	benign
O60894	L13C	0.3333	benign
O60894	L13D	0.5602	ambiguous
O60894	L13E	0.3322	benign
O60894	L13F	0.1063	benign
O60894	L13G	0.2153	benign
O60894	L13H	0.2849	benign
O60894	L13I	0.1206	benign
O60894	L13K	0.2954	benign
O60894	L13M	0.1892	benign
O60894	L13N	0.4279	ambiguous
O60894	L13P	0.1431	benign
O60894	L13Q	0.1862	benign
O60894	L13R	0.1309	benign
O60894	L13S	0.2732	benign
O60894	L13T	0.2547	benign
O60894	L13V	0.104	benign
O60894	L13W	0.1403	benign
O60894	L13Y	0.315	benign
O60894	W14A	0.1723	benign
O60894	W14C	0.2129	benign
O60894	W14D	0.6516	pathogenic
O60894	W14E	0.6163	pathogenic
O60894	W14F	0.1134	benign
O60894	W14G	0.1108	benign
O60894	W14H	0.5511	ambiguous
O60894	W14I	0.2395	benign
O60894	W14K	0.7911	pathogenic
O60894	W14L	0.1115	benign
O60894	W14M	0.4284	ambiguous
O60894	W14N	0.6549	pathogenic
O60894	W14P	0.2625	benign
O60894	W14Q	0.6144	pathogenic
O60894	W14R	0.5685	pathogenic
O60894	W14S	0.2056	benign
O60894	W14T	0.2523	benign
O60894	W14V	0.1538	benign
O60894	W14Y	0.2889	benign
O60894	L15A	0.2078	benign
O60894	L15C	0.3541	ambiguous
O60894	L15D	0.5833	pathogenic
O60894	L15E	0.3741	ambiguous
O60894	L15F	0.1016	benign
O60894	L15G	0.2678	benign
O60894	L15H	0.3013	benign
O60894	L15I	0.1211	benign
O60894	L15K	0.3598	ambiguous
O60894	L15M	0.1663	benign
O60894	L15N	0.4314	ambiguous
O60894	L15P	0.1916	benign
O60894	L15Q	0.2288	benign
O60894	L15R	0.2111	benign
O60894	L15S	0.3181	benign
O60894	L15T	0.2839	benign
O60894	L15V	0.1082	benign
O60894	L15W	0.1671	benign
O60894	L15Y	0.293	benign
O60894	L16A	0.189	benign
O60894	L16C	0.3666	ambiguous
O60894	L16D	0.6412	pathogenic
O60894	L16E	0.4437	ambiguous
O60894	L16F	0.1041	benign
O60894	L16G	0.2875	benign
O60894	L16H	0.3656	ambiguous
O60894	L16I	0.1222	benign
O60894	L16K	0.4729	ambiguous
O60894	L16M	0.195	benign
O60894	L16N	0.5154	ambiguous
O60894	L16P	0.1571	benign
O60894	L16Q	0.264	benign
O60894	L16R	0.2628	benign
O60894	L16S	0.3017	benign
O60894	L16T	0.2817	benign
O60894	L16V	0.0932	benign
O60894	L16W	0.191	benign
O60894	L16Y	0.3676	ambiguous
O60894	L17A	0.1124	benign
O60894	L17C	0.4423	ambiguous
O60894	L17D	0.6624	pathogenic
O60894	L17E	0.3684	ambiguous
O60894	L17F	0.1402	benign
O60894	L17G	0.2343	benign
O60894	L17H	0.4212	ambiguous
O60894	L17I	0.1779	benign
O60894	L17K	0.4047	ambiguous
O60894	L17M	0.1933	benign
O60894	L17N	0.5942	pathogenic
O60894	L17P	0.1676	benign
O60894	L17Q	0.2417	benign
O60894	L17R	0.2326	benign
O60894	L17S	0.2603	benign
O60894	L17T	0.193	benign
O60894	L17V	0.108	benign
O60894	L17W	0.239	benign
O60894	L17Y	0.4753	ambiguous
O60894	A18C	0.2829	benign
O60894	A18D	0.4312	ambiguous
O60894	A18E	0.4025	ambiguous
O60894	A18F	0.2608	benign
O60894	A18G	0.0844	benign
O60894	A18H	0.5049	ambiguous
O60894	A18I	0.2707	benign
O60894	A18K	0.6281	pathogenic
O60894	A18L	0.1384	benign
O60894	A18M	0.3828	ambiguous
O60894	A18N	0.4549	ambiguous
O60894	A18P	0.1324	benign
O60894	A18Q	0.387	ambiguous
O60894	A18R	0.3769	ambiguous
O60894	A18S	0.1301	benign
O60894	A18T	0.1666	benign
O60894	A18V	0.1033	benign
O60894	A18W	0.4502	ambiguous
O60894	A18Y	0.4254	ambiguous
O60894	H19A	0.1208	benign
O60894	H19C	0.1311	benign
O60894	H19D	0.1963	benign
O60894	H19E	0.2254	benign
O60894	H19F	0.2103	benign
O60894	H19G	0.1144	benign
O60894	H19I	0.2305	benign
O60894	H19K	0.2866	benign
O60894	H19L	0.0978	benign
O60894	H19M	0.3663	ambiguous
O60894	H19N	0.1062	benign
O60894	H19P	0.0612	benign
O60894	H19Q	0.1448	benign
O60894	H19R	0.1021	benign
O60894	H19S	0.1019	benign
O60894	H19T	0.1482	benign
O60894	H19V	0.1561	benign
O60894	H19W	0.2135	benign
O60894	H19Y	0.0912	benign
O60894	H20A	0.1553	benign
O60894	H20C	0.1334	benign
O60894	H20D	0.238	benign
O60894	H20E	0.2531	benign
O60894	H20F	0.2044	benign
O60894	H20G	0.1637	benign
O60894	H20I	0.1733	benign
O60894	H20K	0.3274	benign
O60894	H20L	0.0759	benign
O60894	H20M	0.3495	ambiguous
O60894	H20N	0.1382	benign
O60894	H20P	0.0643	benign
O60894	H20Q	0.1461	benign
O60894	H20R	0.1222	benign
O60894	H20S	0.1504	benign
O60894	H20T	0.177	benign
O60894	H20V	0.1332	benign
O60894	H20W	0.2355	benign
O60894	H20Y	0.1037	benign
O60894	L21A	0.1893	benign
O60894	L21C	0.3061	benign
O60894	L21D	0.6039	pathogenic
O60894	L21E	0.4059	ambiguous
O60894	L21F	0.0958	benign
O60894	L21G	0.3132	benign
O60894	L21H	0.2292	benign
O60894	L21I	0.0834	benign
O60894	L21K	0.4267	ambiguous
O60894	L21M	0.165	benign
O60894	L21N	0.4346	ambiguous
O60894	L21P	0.1547	benign
O60894	L21Q	0.2168	benign
O60894	L21R	0.1832	benign
O60894	L21S	0.2716	benign
O60894	L21T	0.2472	benign
O60894	L21V	0.0755	benign
O60894	L21W	0.1701	benign
O60894	L21Y	0.276	benign
O60894	F22A	0.1974	benign
O60894	F22C	0.1583	benign
O60894	F22D	0.4909	ambiguous
O60894	F22E	0.5175	ambiguous
O60894	F22G	0.3054	benign
O60894	F22H	0.3885	ambiguous
O60894	F22I	0.1145	benign
O60894	F22K	0.6107	pathogenic
O60894	F22L	0.395	ambiguous
O60894	F22M	0.3362	benign
O60894	F22N	0.4341	ambiguous
O60894	F22P	0.3918	ambiguous
O60894	F22Q	0.4178	ambiguous
O60894	F22R	0.372	ambiguous
O60894	F22S	0.177	benign
O60894	F22T	0.2603	benign
O60894	F22V	0.1009	benign
O60894	F22W	0.2594	benign
O60894	F22Y	0.1861	benign
O60894	M23A	0.128	benign
O60894	M23C	0.4275	ambiguous
O60894	M23D	0.4647	ambiguous
O60894	M23E	0.2183	benign
O60894	M23F	0.1851	benign
O60894	M23G	0.214	benign
O60894	M23H	0.2299	benign
O60894	M23I	0.232	benign
O60894	M23K	0.1277	benign
O60894	M23L	0.0747	benign
O60894	M23N	0.3332	benign
O60894	M23P	0.1875	benign
O60894	M23Q	0.1198	benign
O60894	M23R	0.0947	benign
O60894	M23S	0.1768	benign
O60894	M23T	0.0976	benign
O60894	M23V	0.0617	benign
O60894	M23W	0.2539	benign
O60894	M23Y	0.3567	ambiguous
O60894	T24A	0.0526	benign
O60894	T24C	0.3545	ambiguous
O60894	T24D	0.2375	benign
O60894	T24E	0.205	benign
O60894	T24F	0.2161	benign
O60894	T24G	0.1174	benign
O60894	T24H	0.2146	benign
O60894	T24I	0.1578	benign
O60894	T24K	0.2171	benign
O60894	T24L	0.1175	benign
O60894	T24M	0.1109	benign
O60894	T24N	0.127	benign
O60894	T24P	0.0848	benign
O60894	T24Q	0.1964	benign
O60894	T24R	0.1682	benign
O60894	T24S	0.0985	benign
O60894	T24V	0.0948	benign
O60894	T24W	0.4239	ambiguous
O60894	T24Y	0.2529	benign
O60894	T25A	0.0661	benign
O60894	T25C	0.4524	ambiguous
O60894	T25D	0.2715	benign
O60894	T25E	0.2157	benign
O60894	T25F	0.2768	benign
O60894	T25G	0.1313	benign
O60894	T25H	0.2328	benign
O60894	T25I	0.2536	benign
O60894	T25K	0.1905	benign
O60894	T25L	0.1326	benign
O60894	T25M	0.1125	benign
O60894	T25N	0.1707	benign
O60894	T25P	0.0931	benign
O60894	T25Q	0.182	benign
O60894	T25R	0.1258	benign
O60894	T25S	0.0989	benign
O60894	T25V	0.1546	benign
O60894	T25W	0.3774	ambiguous
O60894	T25Y	0.316	benign
O60894	A26C	0.5905	pathogenic
O60894	A26D	0.3042	benign
O60894	A26E	0.3707	ambiguous
O60894	A26F	0.4717	ambiguous
O60894	A26G	0.0959	benign
O60894	A26H	0.5231	ambiguous
O60894	A26I	0.5291	ambiguous
O60894	A26K	0.5898	pathogenic
O60894	A26L	0.3295	benign
O60894	A26M	0.5519	ambiguous
O60894	A26N	0.358	ambiguous
O60894	A26P	0.2134	benign
O60894	A26Q	0.4149	ambiguous
O60894	A26R	0.3454	ambiguous
O60894	A26S	0.1215	benign
O60894	A26T	0.1808	benign
O60894	A26V	0.2732	benign
O60894	A26W	0.7264	pathogenic
O60894	A26Y	0.5904	pathogenic
O60894	C27A	0.7063	pathogenic
O60894	C27D	0.8251	pathogenic
O60894	C27E	0.8775	pathogenic
O60894	C27F	0.479	ambiguous
O60894	C27G	0.3642	ambiguous
O60894	C27H	0.7958	pathogenic
O60894	C27I	0.8488	pathogenic
O60894	C27K	0.9209	pathogenic
O60894	C27L	0.7398	pathogenic
O60894	C27M	0.8861	pathogenic
O60894	C27N	0.8175	pathogenic
O60894	C27P	0.7836	pathogenic
O60894	C27Q	0.8326	pathogenic
O60894	C27R	0.6505	pathogenic
O60894	C27S	0.6399	pathogenic
O60894	C27T	0.8217	pathogenic
O60894	C27V	0.7709	pathogenic
O60894	C27W	0.6699	pathogenic
O60894	C27Y	0.6525	pathogenic
O60894	Q28A	0.1705	benign
O60894	Q28C	0.6489	pathogenic
O60894	Q28D	0.2405	benign
O60894	Q28E	0.0704	benign
O60894	Q28F	0.6143	pathogenic
O60894	Q28G	0.1287	benign
O60894	Q28H	0.181	benign
O60894	Q28I	0.4664	ambiguous
O60894	Q28K	0.1013	benign
O60894	Q28L	0.1518	benign
O60894	Q28M	0.4238	ambiguous
O60894	Q28N	0.2818	benign
O60894	Q28P	0.0799	benign
O60894	Q28R	0.0603	benign
O60894	Q28S	0.1875	benign
O60894	Q28T	0.1865	benign
O60894	Q28V	0.2576	benign
O60894	Q28W	0.2824	benign
O60894	Q28Y	0.4073	ambiguous
O60894	E29A	0.1171	benign
O60894	E29C	0.802	pathogenic
O60894	E29D	0.0795	benign
O60894	E29F	0.6225	pathogenic
O60894	E29G	0.097	benign
O60894	E29H	0.2679	benign
O60894	E29I	0.4554	ambiguous
O60894	E29K	0.1343	benign
O60894	E29L	0.3653	ambiguous
O60894	E29M	0.4828	ambiguous
O60894	E29N	0.1704	benign
O60894	E29P	0.2192	benign
O60894	E29Q	0.1178	benign
O60894	E29R	0.1581	benign
O60894	E29S	0.169	benign
O60894	E29T	0.1998	benign
O60894	E29V	0.2177	benign
O60894	E29W	0.7313	pathogenic
O60894	E29Y	0.4405	ambiguous
O60894	A30C	0.584	pathogenic
O60894	A30D	0.1114	benign
O60894	A30E	0.1163	benign
O60894	A30F	0.2806	benign
O60894	A30G	0.0903	benign
O60894	A30H	0.2755	benign
O60894	A30I	0.242	benign
O60894	A30K	0.2053	benign
O60894	A30L	0.1784	benign
O60894	A30M	0.2302	benign
O60894	A30N	0.1584	benign
O60894	A30P	0.0898	benign
O60894	A30Q	0.1749	benign
O60894	A30R	0.1627	benign
O60894	A30S	0.092	benign
O60894	A30T	0.0802	benign
O60894	A30V	0.1117	benign
O60894	A30W	0.4548	ambiguous
O60894	A30Y	0.3338	benign
O60894	N31A	0.1329	benign
O60894	N31C	0.3686	ambiguous
O60894	N31D	0.0589	benign
O60894	N31E	0.1499	benign
O60894	N31F	0.3983	ambiguous
O60894	N31G	0.1406	benign
O60894	N31H	0.0857	benign
O60894	N31I	0.2188	benign
O60894	N31K	0.1798	benign
O60894	N31L	0.2224	benign
O60894	N31M	0.3751	ambiguous
O60894	N31P	0.1921	benign
O60894	N31Q	0.1799	benign
O60894	N31R	0.134	benign
O60894	N31S	0.0698	benign
O60894	N31T	0.1092	benign
O60894	N31V	0.1885	benign
O60894	N31W	0.4911	ambiguous
O60894	N31Y	0.151	benign
O60894	Y32A	0.3019	benign
O60894	Y32C	0.2783	benign
O60894	Y32D	0.1844	benign
O60894	Y32E	0.43	ambiguous
O60894	Y32F	0.1276	benign
O60894	Y32G	0.242	benign
O60894	Y32H	0.1643	benign
O60894	Y32I	0.4378	ambiguous
O60894	Y32K	0.5279	ambiguous
O60894	Y32L	0.26	benign
O60894	Y32M	0.5223	ambiguous
O60894	Y32N	0.1867	benign
O60894	Y32P	0.3934	ambiguous
O60894	Y32Q	0.3934	ambiguous
O60894	Y32R	0.3067	benign
O60894	Y32S	0.1554	benign
O60894	Y32T	0.2644	benign
O60894	Y32V	0.2863	benign
O60894	Y32W	0.3599	ambiguous
O60894	G33A	0.0994	benign
O60894	G33C	0.3251	benign
O60894	G33D	0.1512	benign
O60894	G33E	0.1591	benign
O60894	G33F	0.503	ambiguous
O60894	G33H	0.2448	benign
O60894	G33I	0.287	benign
O60894	G33K	0.3225	benign
O60894	G33L	0.3385	benign
O60894	G33M	0.4835	ambiguous
O60894	G33N	0.2865	benign
O60894	G33P	0.3687	ambiguous
O60894	G33Q	0.2516	benign
O60894	G33R	0.1637	benign
O60894	G33S	0.0888	benign
O60894	G33T	0.1351	benign
O60894	G33V	0.1661	benign
O60894	G33W	0.3135	benign
O60894	G33Y	0.3653	ambiguous
O60894	A34C	0.4974	ambiguous
O60894	A34D	0.0872	benign
O60894	A34E	0.1035	benign
O60894	A34F	0.1466	benign
O60894	A34G	0.0978	benign
O60894	A34H	0.1761	benign
O60894	A34I	0.1525	benign
O60894	A34K	0.1698	benign
O60894	A34L	0.104	benign
O60894	A34M	0.1606	benign
O60894	A34N	0.1202	benign
O60894	A34P	0.0769	benign
O60894	A34Q	0.1413	benign
O60894	A34R	0.128	benign
O60894	A34S	0.0781	benign
O60894	A34T	0.0694	benign
O60894	A34V	0.0907	benign
O60894	A34W	0.3072	benign
O60894	A34Y	0.2122	benign
O60894	L35A	0.1992	benign
O60894	L35C	0.6083	pathogenic
O60894	L35D	0.4705	ambiguous
O60894	L35E	0.2277	benign
O60894	L35F	0.1173	benign
O60894	L35G	0.3889	ambiguous
O60894	L35H	0.204	benign
O60894	L35I	0.1243	benign
O60894	L35K	0.1959	benign
O60894	L35M	0.1422	benign
O60894	L35N	0.3746	ambiguous
O60894	L35P	0.2853	benign
O60894	L35Q	0.1181	benign
O60894	L35R	0.1004	benign
O60894	L35S	0.2531	benign
O60894	L35T	0.2201	benign
O60894	L35V	0.0997	benign
O60894	L35W	0.1929	benign
O60894	L35Y	0.276	benign
O60894	L36A	0.5244	ambiguous
O60894	L36C	0.8449	pathogenic
O60894	L36D	0.9263	pathogenic
O60894	L36E	0.6624	pathogenic
O60894	L36F	0.3211	benign
O60894	L36G	0.7814	pathogenic
O60894	L36H	0.6512	pathogenic
O60894	L36I	0.1291	benign
O60894	L36K	0.6427	pathogenic
O60894	L36M	0.1931	benign
O60894	L36N	0.815	pathogenic
O60894	L36P	0.4786	ambiguous
O60894	L36Q	0.4109	ambiguous
O60894	L36R	0.4654	ambiguous
O60894	L36S	0.6881	pathogenic
O60894	L36T	0.6071	pathogenic
O60894	L36V	0.1821	benign
O60894	L36W	0.5342	ambiguous
O60894	L36Y	0.7078	pathogenic
O60894	R37A	0.2005	benign
O60894	R37C	0.3197	benign
O60894	R37D	0.2562	benign
O60894	R37E	0.1035	benign
O60894	R37F	0.5274	ambiguous
O60894	R37G	0.0971	benign
O60894	R37H	0.1131	benign
O60894	R37I	0.3941	ambiguous
O60894	R37K	0.1106	benign
O60894	R37L	0.1527	benign
O60894	R37M	0.3225	benign
O60894	R37N	0.2825	benign
O60894	R37P	0.2427	benign
O60894	R37Q	0.0636	benign
O60894	R37S	0.2102	benign
O60894	R37T	0.1659	benign
O60894	R37V	0.3236	benign
O60894	R37W	0.1361	benign
O60894	R37Y	0.3274	benign
O60894	E38A	0.1584	benign
O60894	E38C	0.8406	pathogenic
O60894	E38D	0.0887	benign
O60894	E38F	0.6681	pathogenic
O60894	E38G	0.128	benign
O60894	E38H	0.2685	benign
O60894	E38I	0.4771	ambiguous
O60894	E38K	0.1283	benign
O60894	E38L	0.3936	ambiguous
O60894	E38M	0.4945	ambiguous
O60894	E38N	0.1913	benign
O60894	E38P	0.5053	ambiguous
O60894	E38Q	0.1011	benign
O60894	E38R	0.1584	benign
O60894	E38S	0.1725	benign
O60894	E38T	0.226	benign
O60894	E38V	0.2816	benign
O60894	E38W	0.7386	pathogenic
O60894	E38Y	0.4588	ambiguous
O60894	L39A	0.1519	benign
O60894	L39C	0.4376	ambiguous
O60894	L39D	0.3049	benign
O60894	L39E	0.151	benign
O60894	L39F	0.0836	benign
O60894	L39G	0.2649	benign
O60894	L39H	0.101	benign
O60894	L39I	0.1045	benign
O60894	L39K	0.1217	benign
O60894	L39M	0.1308	benign
O60894	L39N	0.1883	benign
O60894	L39P	0.3588	ambiguous
O60894	L39Q	0.082	benign
O60894	L39R	0.0644	benign
O60894	L39S	0.1788	benign
O60894	L39T	0.1523	benign
O60894	L39V	0.0876	benign
O60894	L39W	0.1123	benign
O60894	L39Y	0.1491	benign
O60894	C40A	0.9343	pathogenic
O60894	C40D	0.9652	pathogenic
O60894	C40E	0.9767	pathogenic
O60894	C40F	0.7845	pathogenic
O60894	C40G	0.6809	pathogenic
O60894	C40H	0.9278	pathogenic
O60894	C40I	0.9689	pathogenic
O60894	C40K	0.9824	pathogenic
O60894	C40L	0.8853	pathogenic
O60894	C40M	0.9791	pathogenic
O60894	C40N	0.9683	pathogenic
O60894	C40P	0.9137	pathogenic
O60894	C40Q	0.9612	pathogenic
O60894	C40R	0.8519	pathogenic
O60894	C40S	0.9097	pathogenic
O60894	C40T	0.9698	pathogenic
O60894	C40V	0.9517	pathogenic
O60894	C40W	0.8974	pathogenic
O60894	C40Y	0.8735	pathogenic
O60894	L41A	0.3584	ambiguous
O60894	L41C	0.7854	pathogenic
O60894	L41D	0.7517	pathogenic
O60894	L41E	0.3305	benign
O60894	L41F	0.1708	benign
O60894	L41G	0.4915	ambiguous
O60894	L41H	0.3321	benign
O60894	L41I	0.2155	benign
O60894	L41K	0.3294	benign
O60894	L41M	0.2057	benign
O60894	L41N	0.6355	pathogenic
O60894	L41P	0.6534	pathogenic
O60894	L41Q	0.1597	benign
O60894	L41R	0.1766	benign
O60894	L41S	0.3968	ambiguous
O60894	L41T	0.4067	ambiguous
O60894	L41V	0.1639	benign
O60894	L41W	0.2636	benign
O60894	L41Y	0.4477	ambiguous
O60894	T42A	0.0622	benign
O60894	T42C	0.4911	ambiguous
O60894	T42D	0.1476	benign
O60894	T42E	0.1161	benign
O60894	T42F	0.201	benign
O60894	T42G	0.1099	benign
O60894	T42H	0.1258	benign
O60894	T42I	0.1578	benign
O60894	T42K	0.0817	benign
O60894	T42L	0.0868	benign
O60894	T42M	0.1056	benign
O60894	T42N	0.0882	benign
O60894	T42P	0.054	benign
O60894	T42Q	0.0985	benign
O60894	T42R	0.068	benign
O60894	T42S	0.0774	benign
O60894	T42V	0.1329	benign
O60894	T42W	0.3186	benign
O60894	T42Y	0.2012	benign
O60894	Q43A	0.1421	benign
O60894	Q43C	0.6612	pathogenic
O60894	Q43D	0.2304	benign
O60894	Q43E	0.0892	benign
O60894	Q43F	0.6365	pathogenic
O60894	Q43G	0.1606	benign
O60894	Q43H	0.187	benign
O60894	Q43I	0.3995	ambiguous
O60894	Q43K	0.0898	benign
O60894	Q43L	0.1771	benign
O60894	Q43M	0.4166	ambiguous
O60894	Q43N	0.2353	benign
O60894	Q43P	0.0769	benign
O60894	Q43R	0.0574	benign
O60894	Q43S	0.1598	benign
O60894	Q43T	0.1555	benign
O60894	Q43V	0.2479	benign
O60894	Q43W	0.3498	ambiguous
O60894	Q43Y	0.4011	ambiguous
O60894	F44A	0.9734	pathogenic
O60894	F44C	0.9837	pathogenic
O60894	F44D	0.9757	pathogenic
O60894	F44E	0.9762	pathogenic
O60894	F44G	0.9719	pathogenic
O60894	F44H	0.9368	pathogenic
O60894	F44I	0.8931	pathogenic
O60894	F44K	0.978	pathogenic
O60894	F44L	0.9834	pathogenic
O60894	F44M	0.9567	pathogenic
O60894	F44N	0.963	pathogenic
O60894	F44P	0.9921	pathogenic
O60894	F44Q	0.9724	pathogenic
O60894	F44R	0.9507	pathogenic
O60894	F44S	0.9579	pathogenic
O60894	F44T	0.9773	pathogenic
O60894	F44V	0.8894	pathogenic
O60894	F44W	0.7841	pathogenic
O60894	F44Y	0.483	ambiguous
O60894	Q45A	0.2389	benign
O60894	Q45C	0.7892	pathogenic
O60894	Q45D	0.5105	ambiguous
O60894	Q45E	0.0865	benign
O60894	Q45F	0.8163	pathogenic
O60894	Q45G	0.2985	benign
O60894	Q45H	0.272	benign
O60894	Q45I	0.5331	ambiguous
O60894	Q45K	0.0717	benign
O60894	Q45L	0.2181	benign
O60894	Q45M	0.4602	ambiguous
O60894	Q45N	0.4757	ambiguous
O60894	Q45P	0.4296	ambiguous
O60894	Q45R	0.0726	benign
O60894	Q45S	0.3269	benign
O60894	Q45T	0.2307	benign
O60894	Q45V	0.348	ambiguous
O60894	Q45W	0.5625	ambiguous
O60894	Q45Y	0.6439	pathogenic
O60894	V46A	0.0662	benign
O60894	V46C	0.7004	pathogenic
O60894	V46D	0.0938	benign
O60894	V46E	0.0679	benign
O60894	V46F	0.1437	benign
O60894	V46G	0.0788	benign
O60894	V46H	0.2276	benign
O60894	V46I	0.1131	benign
O60894	V46K	0.0907	benign
O60894	V46L	0.1204	benign
O60894	V46M	0.1275	benign
O60894	V46N	0.1228	benign
O60894	V46P	0.4291	ambiguous
O60894	V46Q	0.0978	benign
O60894	V46R	0.0744	benign
O60894	V46S	0.1004	benign
O60894	V46T	0.1035	benign
O60894	V46W	0.4546	ambiguous
O60894	V46Y	0.3275	benign
O60894	D47A	0.2255	benign
O60894	D47C	0.805	pathogenic
O60894	D47E	0.2068	benign
O60894	D47F	0.7151	pathogenic
O60894	D47G	0.2307	benign
O60894	D47H	0.2346	benign
O60894	D47I	0.6362	pathogenic
O60894	D47K	0.4037	ambiguous
O60894	D47L	0.5668	pathogenic
O60894	D47M	0.7821	pathogenic
O60894	D47N	0.1364	benign
O60894	D47P	0.8128	pathogenic
O60894	D47Q	0.2969	benign
O60894	D47R	0.3409	ambiguous
O60894	D47S	0.147	benign
O60894	D47T	0.3289	benign
O60894	D47V	0.4127	ambiguous
O60894	D47W	0.8584	pathogenic
O60894	D47Y	0.3084	benign
O60894	M48A	0.8584	pathogenic
O60894	M48C	0.986	pathogenic
O60894	M48D	0.9829	pathogenic
O60894	M48E	0.8086	pathogenic
O60894	M48F	0.8322	pathogenic
O60894	M48G	0.9355	pathogenic
O60894	M48H	0.943	pathogenic
O60894	M48I	0.8703	pathogenic
O60894	M48K	0.5602	ambiguous
O60894	M48L	0.4159	ambiguous
O60894	M48N	0.9454	pathogenic
O60894	M48P	0.9607	pathogenic
O60894	M48Q	0.6453	pathogenic
O60894	M48R	0.5139	ambiguous
O60894	M48S	0.9041	pathogenic
O60894	M48T	0.6882	pathogenic
O60894	M48V	0.3416	ambiguous
O60894	M48W	0.9419	pathogenic
O60894	M48Y	0.9699	pathogenic
O60894	E49A	0.1442	benign
O60894	E49C	0.9358	pathogenic
O60894	E49D	0.2058	benign
O60894	E49F	0.8203	pathogenic
O60894	E49G	0.1687	benign
O60894	E49H	0.4679	ambiguous
O60894	E49I	0.6134	pathogenic
O60894	E49K	0.1588	benign
O60894	E49L	0.4194	ambiguous
O60894	E49M	0.5732	pathogenic
O60894	E49N	0.3738	ambiguous
O60894	E49P	0.8232	pathogenic
O60894	E49Q	0.1341	benign
O60894	E49R	0.1983	benign
O60894	E49S	0.3044	benign
O60894	E49T	0.32	benign
O60894	E49V	0.3291	benign
O60894	E49W	0.8885	pathogenic
O60894	E49Y	0.7005	pathogenic
O60894	A50C	0.6751	pathogenic
O60894	A50D	0.1316	benign
O60894	A50E	0.1266	benign
O60894	A50F	0.3118	benign
O60894	A50G	0.1098	benign
O60894	A50H	0.3388	benign
O60894	A50I	0.2781	benign
O60894	A50K	0.2455	benign
O60894	A50L	0.1787	benign
O60894	A50M	0.2109	benign
O60894	A50N	0.1823	benign
O60894	A50P	0.403	ambiguous
O60894	A50Q	0.2121	benign
O60894	A50R	0.1899	benign
O60894	A50S	0.1001	benign
O60894	A50T	0.0865	benign
O60894	A50V	0.1217	benign
O60894	A50W	0.5588	ambiguous
O60894	A50Y	0.4138	ambiguous
O60894	V51A	0.1267	benign
O60894	V51C	0.8134	pathogenic
O60894	V51D	0.3992	ambiguous
O60894	V51E	0.232	benign
O60894	V51F	0.1961	benign
O60894	V51G	0.2244	benign
O60894	V51H	0.571	pathogenic
O60894	V51I	0.0818	benign
O60894	V51K	0.3447	ambiguous
O60894	V51L	0.1111	benign
O60894	V51M	0.1145	benign
O60894	V51N	0.3696	ambiguous
O60894	V51P	0.4878	ambiguous
O60894	V51Q	0.2791	benign
O60894	V51R	0.2641	benign
O60894	V51S	0.2444	benign
O60894	V51T	0.1558	benign
O60894	V51W	0.6849	pathogenic
O60894	V51Y	0.5802	pathogenic
O60894	G52A	0.3012	benign
O60894	G52C	0.6708	pathogenic
O60894	G52D	0.2551	benign
O60894	G52E	0.2583	benign
O60894	G52F	0.898	pathogenic
O60894	G52H	0.584	pathogenic
O60894	G52I	0.8232	pathogenic
O60894	G52K	0.5139	ambiguous
O60894	G52L	0.7732	pathogenic
O60894	G52M	0.8445	pathogenic
O60894	G52N	0.5122	ambiguous
O60894	G52P	0.6704	pathogenic
O60894	G52Q	0.4476	ambiguous
O60894	G52R	0.3361	benign
O60894	G52S	0.1804	benign
O60894	G52T	0.3761	ambiguous
O60894	G52V	0.6028	pathogenic
O60894	G52W	0.6392	pathogenic
O60894	G52Y	0.7963	pathogenic
O60894	E53A	0.1288	benign
O60894	E53C	0.8099	pathogenic
O60894	E53D	0.1504	benign
O60894	E53F	0.6715	pathogenic
O60894	E53G	0.111	benign
O60894	E53H	0.2762	benign
O60894	E53I	0.4307	ambiguous
O60894	E53K	0.0659	benign
O60894	E53L	0.3168	benign
O60894	E53M	0.394	ambiguous
O60894	E53N	0.2456	benign
O60894	E53P	0.1667	benign
O60894	E53Q	0.0816	benign
O60894	E53R	0.0828	benign
O60894	E53S	0.1677	benign
O60894	E53T	0.2041	benign
O60894	E53V	0.235	benign
O60894	E53W	0.6959	pathogenic
O60894	E53Y	0.4953	ambiguous
O60894	T54A	0.0705	benign
O60894	T54C	0.5796	pathogenic
O60894	T54D	0.1503	benign
O60894	T54E	0.1241	benign
O60894	T54F	0.2149	benign
O60894	T54G	0.1364	benign
O60894	T54H	0.1286	benign
O60894	T54I	0.1717	benign
O60894	T54K	0.0757	benign
O60894	T54L	0.0943	benign
O60894	T54M	0.0803	benign
O60894	T54N	0.0814	benign
O60894	T54P	0.0656	benign
O60894	T54Q	0.1	benign
O60894	T54R	0.0662	benign
O60894	T54S	0.0931	benign
O60894	T54V	0.1394	benign
O60894	T54W	0.3609	ambiguous
O60894	T54Y	0.2095	benign
O60894	L55A	0.1809	benign
O60894	L55C	0.621	pathogenic
O60894	L55D	0.4104	ambiguous
O60894	L55E	0.1804	benign
O60894	L55F	0.1515	benign
O60894	L55G	0.3106	benign
O60894	L55H	0.1697	benign
O60894	L55I	0.2029	benign
O60894	L55K	0.1837	benign
O60894	L55M	0.1831	benign
O60894	L55N	0.3079	benign
O60894	L55P	0.2975	benign
O60894	L55Q	0.0891	benign
O60894	L55R	0.08	benign
O60894	L55S	0.1947	benign
O60894	L55T	0.2275	benign
O60894	L55V	0.1238	benign
O60894	L55W	0.2082	benign
O60894	L55Y	0.2976	benign
O60894	W56A	0.6299	pathogenic
O60894	W56C	0.9332	pathogenic
O60894	W56D	0.888	pathogenic
O60894	W56E	0.8585	pathogenic
O60894	W56F	0.4813	ambiguous
O60894	W56G	0.4009	ambiguous
O60894	W56H	0.7606	pathogenic
O60894	W56I	0.8388	pathogenic
O60894	W56K	0.8649	pathogenic
O60894	W56L	0.4985	ambiguous
O60894	W56M	0.9028	pathogenic
O60894	W56N	0.8948	pathogenic
O60894	W56P	0.7474	pathogenic
O60894	W56Q	0.7794	pathogenic
O60894	W56R	0.6158	pathogenic
O60894	W56S	0.4825	ambiguous
O60894	W56T	0.7529	pathogenic
O60894	W56V	0.7635	pathogenic
O60894	W56Y	0.6487	pathogenic
O60894	C57A	0.9608	pathogenic
O60894	C57D	0.9709	pathogenic
O60894	C57E	0.9809	pathogenic
O60894	C57F	0.9145	pathogenic
O60894	C57G	0.7442	pathogenic
O60894	C57H	0.9677	pathogenic
O60894	C57I	0.9836	pathogenic
O60894	C57K	0.9877	pathogenic
O60894	C57L	0.9517	pathogenic
O60894	C57M	0.9808	pathogenic
O60894	C57N	0.9729	pathogenic
O60894	C57P	0.9686	pathogenic
O60894	C57Q	0.9755	pathogenic
O60894	C57R	0.8932	pathogenic
O60894	C57S	0.9568	pathogenic
O60894	C57T	0.9793	pathogenic
O60894	C57V	0.9683	pathogenic
O60894	C57W	0.8867	pathogenic
O60894	C57Y	0.9248	pathogenic
O60894	D58A	0.5428	ambiguous
O60894	D58C	0.9041	pathogenic
O60894	D58E	0.551	ambiguous
O60894	D58F	0.8943	pathogenic
O60894	D58G	0.6711	pathogenic
O60894	D58H	0.4272	ambiguous
O60894	D58I	0.7889	pathogenic
O60894	D58K	0.7753	pathogenic
O60894	D58L	0.7849	pathogenic
O60894	D58M	0.9494	pathogenic
O60894	D58N	0.2251	benign
O60894	D58P	0.901	pathogenic
O60894	D58Q	0.6422	pathogenic
O60894	D58R	0.6155	pathogenic
O60894	D58S	0.2971	benign
O60894	D58T	0.7176	pathogenic
O60894	D58V	0.5808	pathogenic
O60894	D58W	0.9609	pathogenic
O60894	D58Y	0.4801	ambiguous
O60894	W59A	0.8304	pathogenic
O60894	W59C	0.98	pathogenic
O60894	W59D	0.9406	pathogenic
O60894	W59E	0.9185	pathogenic
O60894	W59F	0.4294	ambiguous
O60894	W59G	0.621	pathogenic
O60894	W59H	0.9251	pathogenic
O60894	W59I	0.896	pathogenic
O60894	W59K	0.9559	pathogenic
O60894	W59L	0.6387	pathogenic
O60894	W59M	0.8911	pathogenic
O60894	W59N	0.9624	pathogenic
O60894	W59P	0.8847	pathogenic
O60894	W59Q	0.9442	pathogenic
O60894	W59R	0.8872	pathogenic
O60894	W59S	0.7515	pathogenic
O60894	W59T	0.8382	pathogenic
O60894	W59V	0.8499	pathogenic
O60894	W59Y	0.7587	pathogenic
O60894	G60A	0.1687	benign
O60894	G60C	0.4827	ambiguous
O60894	G60D	0.0997	benign
O60894	G60E	0.1186	benign
O60894	G60F	0.6778	pathogenic
O60894	G60H	0.3003	benign
O60894	G60I	0.4774	ambiguous
O60894	G60K	0.3066	benign
O60894	G60L	0.4965	ambiguous
O60894	G60M	0.6318	pathogenic
O60894	G60N	0.2013	benign
O60894	G60P	0.4237	ambiguous
O60894	G60Q	0.2311	benign
O60894	G60R	0.2199	benign
O60894	G60S	0.109	benign
O60894	G60T	0.2163	benign
O60894	G60V	0.2957	benign
O60894	G60W	0.4271	ambiguous
O60894	G60Y	0.4154	ambiguous
O60894	R61A	0.1784	benign
O60894	R61C	0.3278	benign
O60894	R61D	0.3016	benign
O60894	R61E	0.1184	benign
O60894	R61F	0.4141	ambiguous
O60894	R61G	0.1239	benign
O60894	R61H	0.1119	benign
O60894	R61I	0.2239	benign
O60894	R61K	0.0695	benign
O60894	R61L	0.1274	benign
O60894	R61M	0.1657	benign
O60894	R61N	0.2855	benign
O60894	R61P	0.3265	benign
O60894	R61Q	0.0767	benign
O60894	R61S	0.1997	benign
O60894	R61T	0.1216	benign
O60894	R61V	0.2194	benign
O60894	R61W	0.158	benign
O60894	R61Y	0.3057	benign
O60894	T62A	0.4436	ambiguous
O60894	T62C	0.9288	pathogenic
O60894	T62D	0.8314	pathogenic
O60894	T62E	0.7836	pathogenic
O60894	T62F	0.8079	pathogenic
O60894	T62G	0.6627	pathogenic
O60894	T62H	0.764	pathogenic
O60894	T62I	0.6841	pathogenic
O60894	T62K	0.7367	pathogenic
O60894	T62L	0.5667	pathogenic
O60894	T62M	0.3632	ambiguous
O60894	T62N	0.5338	ambiguous
O60894	T62P	0.4748	ambiguous
O60894	T62Q	0.7467	pathogenic
O60894	T62R	0.6653	pathogenic
O60894	T62S	0.4852	ambiguous
O60894	T62V	0.5423	ambiguous
O60894	T62W	0.9185	pathogenic
O60894	T62Y	0.8354	pathogenic
O60894	I63A	0.3192	benign
O60894	I63C	0.7772	pathogenic
O60894	I63D	0.6611	pathogenic
O60894	I63E	0.4129	ambiguous
O60894	I63F	0.1859	benign
O60894	I63G	0.5378	ambiguous
O60894	I63H	0.5289	ambiguous
O60894	I63K	0.3852	ambiguous
O60894	I63L	0.1334	benign
O60894	I63M	0.1285	benign
O60894	I63N	0.3901	ambiguous
O60894	I63P	0.771	pathogenic
O60894	I63Q	0.3842	ambiguous
O60894	I63R	0.2547	benign
O60894	I63S	0.2869	benign
O60894	I63T	0.3646	ambiguous
O60894	I63V	0.1125	benign
O60894	I63W	0.6255	pathogenic
O60894	I63Y	0.4598	ambiguous
O60894	R64A	0.1645	benign
O60894	R64C	0.3975	ambiguous
O60894	R64D	0.2306	benign
O60894	R64E	0.1315	benign
O60894	R64F	0.4698	ambiguous
O60894	R64G	0.062	benign
O60894	R64H	0.1294	benign
O60894	R64I	0.316	benign
O60894	R64K	0.1327	benign
O60894	R64L	0.2093	benign
O60894	R64M	0.2949	benign
O60894	R64N	0.3335	benign
O60894	R64P	0.3104	benign
O60894	R64Q	0.0913	benign
O60894	R64S	0.1703	benign
O60894	R64T	0.1466	benign
O60894	R64V	0.2824	benign
O60894	R64W	0.1878	benign
O60894	R64Y	0.3501	ambiguous
O60894	S65A	0.137	benign
O60894	S65C	0.2806	benign
O60894	S65D	0.475	ambiguous
O60894	S65E	0.5758	pathogenic
O60894	S65F	0.3483	ambiguous
O60894	S65G	0.1025	benign
O60894	S65H	0.4038	ambiguous
O60894	S65I	0.2449	benign
O60894	S65K	0.7276	pathogenic
O60894	S65L	0.2469	benign
O60894	S65M	0.3683	ambiguous
O60894	S65N	0.2495	benign
O60894	S65P	0.1576	benign
O60894	S65Q	0.5722	pathogenic
O60894	S65R	0.5707	pathogenic
O60894	S65T	0.1218	benign
O60894	S65V	0.3177	benign
O60894	S65W	0.2722	benign
O60894	S65Y	0.2298	benign
O60894	Y66A	0.9448	pathogenic
O60894	Y66C	0.8806	pathogenic
O60894	Y66D	0.8452	pathogenic
O60894	Y66E	0.9565	pathogenic
O60894	Y66F	0.4578	ambiguous
O60894	Y66G	0.8614	pathogenic
O60894	Y66H	0.8078	pathogenic
O60894	Y66I	0.9471	pathogenic
O60894	Y66K	0.9539	pathogenic
O60894	Y66L	0.8102	pathogenic
O60894	Y66M	0.9538	pathogenic
O60894	Y66N	0.7915	pathogenic
O60894	Y66P	0.9342	pathogenic
O60894	Y66Q	0.9321	pathogenic
O60894	Y66R	0.8761	pathogenic
O60894	Y66S	0.7219	pathogenic
O60894	Y66T	0.9291	pathogenic
O60894	Y66V	0.8854	pathogenic
O60894	Y66W	0.7003	pathogenic
O60894	R67A	0.1742	benign
O60894	R67C	0.358	ambiguous
O60894	R67D	0.3269	benign
O60894	R67E	0.1189	benign
O60894	R67F	0.5502	ambiguous
O60894	R67G	0.0645	benign
O60894	R67H	0.1215	benign
O60894	R67I	0.331	benign
O60894	R67K	0.0899	benign
O60894	R67L	0.226	benign
O60894	R67M	0.259	benign
O60894	R67N	0.3506	ambiguous
O60894	R67P	0.6575	pathogenic
O60894	R67Q	0.0783	benign
O60894	R67S	0.1748	benign
O60894	R67T	0.1306	benign
O60894	R67V	0.3192	benign
O60894	R67W	0.1792	benign
O60894	R67Y	0.3988	ambiguous
O60894	E68A	0.1368	benign
O60894	E68C	0.8404	pathogenic
O60894	E68D	0.1136	benign
O60894	E68F	0.6335	pathogenic
O60894	E68G	0.1444	benign
O60894	E68H	0.332	benign
O60894	E68I	0.3799	ambiguous
O60894	E68K	0.1372	benign
O60894	E68L	0.3063	benign
O60894	E68M	0.4181	ambiguous
O60894	E68N	0.236	benign
O60894	E68P	0.6988	pathogenic
O60894	E68Q	0.1157	benign
O60894	E68R	0.1787	benign
O60894	E68S	0.2138	benign
O60894	E68T	0.2583	benign
O60894	E68V	0.2113	benign
O60894	E68W	0.7375	pathogenic
O60894	E68Y	0.4993	ambiguous
O60894	L69A	0.688	pathogenic
O60894	L69C	0.9613	pathogenic
O60894	L69D	0.9764	pathogenic
O60894	L69E	0.8771	pathogenic
O60894	L69F	0.5813	pathogenic
O60894	L69G	0.9076	pathogenic
O60894	L69H	0.9057	pathogenic
O60894	L69I	0.3191	benign
O60894	L69K	0.8602	pathogenic
O60894	L69M	0.3077	benign
O60894	L69N	0.95	pathogenic
O60894	L69P	0.8245	pathogenic
O60894	L69Q	0.7848	pathogenic
O60894	L69R	0.7386	pathogenic
O60894	L69S	0.9272	pathogenic
O60894	L69T	0.6902	pathogenic
O60894	L69V	0.2185	benign
O60894	L69W	0.8321	pathogenic
O60894	L69Y	0.9106	pathogenic
O60894	A70C	0.6068	pathogenic
O60894	A70D	0.432	ambiguous
O60894	A70E	0.2826	benign
O60894	A70F	0.5052	ambiguous
O60894	A70G	0.1541	benign
O60894	A70H	0.4953	ambiguous
O60894	A70I	0.3902	ambiguous
O60894	A70K	0.436	ambiguous
O60894	A70L	0.2989	benign
O60894	A70M	0.3041	benign
O60894	A70N	0.3618	ambiguous
O60894	A70P	0.6733	pathogenic
O60894	A70Q	0.317	benign
O60894	A70R	0.2844	benign
O60894	A70S	0.0909	benign
O60894	A70T	0.0802	benign
O60894	A70V	0.1819	benign
O60894	A70W	0.6728	pathogenic
O60894	A70Y	0.5512	ambiguous
O60894	D71A	0.1621	benign
O60894	D71C	0.7102	pathogenic
O60894	D71E	0.2026	benign
O60894	D71F	0.4806	ambiguous
O60894	D71G	0.1749	benign
O60894	D71H	0.202	benign
O60894	D71I	0.363	ambiguous
O60894	D71K	0.2894	benign
O60894	D71L	0.3383	benign
O60894	D71M	0.6163	pathogenic
O60894	D71N	0.0893	benign
O60894	D71P	0.8268	pathogenic
O60894	D71Q	0.2699	benign
O60894	D71R	0.2313	benign
O60894	D71S	0.1315	benign
O60894	D71T	0.2523	benign
O60894	D71V	0.2419	benign
O60894	D71W	0.7296	pathogenic
O60894	D71Y	0.1652	benign
O60894	C72A	0.9335	pathogenic
O60894	C72D	0.9679	pathogenic
O60894	C72E	0.9812	pathogenic
O60894	C72F	0.8259	pathogenic
O60894	C72G	0.7679	pathogenic
O60894	C72H	0.9398	pathogenic
O60894	C72I	0.9675	pathogenic
O60894	C72K	0.9864	pathogenic
O60894	C72L	0.9406	pathogenic
O60894	C72M	0.9747	pathogenic
O60894	C72N	0.963	pathogenic
O60894	C72P	0.9877	pathogenic
O60894	C72Q	0.9741	pathogenic
O60894	C72R	0.8746	pathogenic
O60894	C72S	0.9085	pathogenic
O60894	C72T	0.9528	pathogenic
O60894	C72V	0.9467	pathogenic
O60894	C72W	0.9244	pathogenic
O60894	C72Y	0.9005	pathogenic
O60894	T73A	0.3219	benign
O60894	T73C	0.8813	pathogenic
O60894	T73D	0.9417	pathogenic
O60894	T73E	0.9114	pathogenic
O60894	T73F	0.9274	pathogenic
O60894	T73G	0.6329	pathogenic
O60894	T73H	0.8187	pathogenic
O60894	T73I	0.8224	pathogenic
O60894	T73K	0.8762	pathogenic
O60894	T73L	0.5804	pathogenic
O60894	T73M	0.5057	ambiguous
O60894	T73N	0.7322	pathogenic
O60894	T73P	0.4919	ambiguous
O60894	T73Q	0.8014	pathogenic
O60894	T73R	0.801	pathogenic
O60894	T73S	0.2729	benign
O60894	T73V	0.6798	pathogenic
O60894	T73W	0.9712	pathogenic
O60894	T73Y	0.9316	pathogenic
O60894	W74A	0.1092	benign
O60894	W74C	0.3544	ambiguous
O60894	W74D	0.2909	benign
O60894	W74E	0.1241	benign
O60894	W74F	0.1178	benign
O60894	W74G	0.0699	benign
O60894	W74H	0.1402	benign
O60894	W74I	0.2242	benign
O60894	W74K	0.1163	benign
O60894	W74L	0.1166	benign
O60894	W74M	0.2171	benign
O60894	W74N	0.2625	benign
O60894	W74P	0.7729	pathogenic
O60894	W74Q	0.1008	benign
O60894	W74R	0.0664	benign
O60894	W74S	0.0985	benign
O60894	W74T	0.1396	benign
O60894	W74V	0.1549	benign
O60894	W74Y	0.1755	benign
O60894	H75A	0.2115	benign
O60894	H75C	0.3158	benign
O60894	H75D	0.1487	benign
O60894	H75E	0.1571	benign
O60894	H75F	0.257	benign
O60894	H75G	0.2067	benign
O60894	H75I	0.255	benign
O60894	H75K	0.1535	benign
O60894	H75L	0.1018	benign
O60894	H75M	0.3462	ambiguous
O60894	H75N	0.1037	benign
O60894	H75P	0.3718	ambiguous
O60894	H75Q	0.1067	benign
O60894	H75R	0.074	benign
O60894	H75S	0.1947	benign
O60894	H75T	0.2271	benign
O60894	H75V	0.2134	benign
O60894	H75W	0.2592	benign
O60894	H75Y	0.1013	benign
O60894	M76A	0.211	benign
O60894	M76C	0.7914	pathogenic
O60894	M76D	0.8223	pathogenic
O60894	M76E	0.3211	benign
O60894	M76F	0.3554	ambiguous
O60894	M76G	0.5444	ambiguous
O60894	M76H	0.5115	ambiguous
O60894	M76I	0.1657	benign
O60894	M76K	0.2099	benign
O60894	M76L	0.1298	benign
O60894	M76N	0.5509	ambiguous
O60894	M76P	0.7969	pathogenic
O60894	M76Q	0.2273	benign
O60894	M76R	0.1598	benign
O60894	M76S	0.4095	ambiguous
O60894	M76T	0.126	benign
O60894	M76V	0.0614	benign
O60894	M76W	0.6005	pathogenic
O60894	M76Y	0.6466	pathogenic
O60894	A77C	0.7869	pathogenic
O60894	A77D	0.7044	pathogenic
O60894	A77E	0.5095	ambiguous
O60894	A77F	0.7688	pathogenic
O60894	A77G	0.2164	benign
O60894	A77H	0.81	pathogenic
O60894	A77I	0.6235	pathogenic
O60894	A77K	0.757	pathogenic
O60894	A77L	0.3982	ambiguous
O60894	A77M	0.3414	ambiguous
O60894	A77N	0.6037	pathogenic
O60894	A77P	0.7849	pathogenic
O60894	A77Q	0.5657	pathogenic
O60894	A77R	0.6475	pathogenic
O60894	A77S	0.136	benign
O60894	A77T	0.141	benign
O60894	A77V	0.2572	benign
O60894	A77W	0.9156	pathogenic
O60894	A77Y	0.8552	pathogenic
O60894	E78A	0.1373	benign
O60894	E78C	0.7384	pathogenic
O60894	E78D	0.1438	benign
O60894	E78F	0.6183	pathogenic
O60894	E78G	0.0801	benign
O60894	E78H	0.2416	benign
O60894	E78I	0.4016	ambiguous
O60894	E78K	0.0831	benign
O60894	E78L	0.3116	benign
O60894	E78M	0.3838	ambiguous
O60894	E78N	0.1921	benign
O60894	E78P	0.6393	pathogenic
O60894	E78Q	0.0755	benign
O60894	E78R	0.0887	benign
O60894	E78S	0.1467	benign
O60894	E78T	0.1948	benign
O60894	E78V	0.2348	benign
O60894	E78W	0.5677	pathogenic
O60894	E78Y	0.4271	ambiguous
O60894	K79A	0.2177	benign
O60894	K79C	0.7199	pathogenic
O60894	K79D	0.3318	benign
O60894	K79E	0.1232	benign
O60894	K79F	0.5936	pathogenic
O60894	K79G	0.2637	benign
O60894	K79H	0.2212	benign
O60894	K79I	0.2888	benign
O60894	K79L	0.2304	benign
O60894	K79M	0.1783	benign
O60894	K79N	0.2317	benign
O60894	K79P	0.6131	pathogenic
O60894	K79Q	0.1053	benign
O60894	K79R	0.0834	benign
O60894	K79S	0.2476	benign
O60894	K79T	0.1135	benign
O60894	K79V	0.2472	benign
O60894	K79W	0.5642	pathogenic
O60894	K79Y	0.4033	ambiguous
O60894	L80A	0.2317	benign
O60894	L80C	0.7149	pathogenic
O60894	L80D	0.6612	pathogenic
O60894	L80E	0.2808	benign
O60894	L80F	0.1952	benign
O60894	L80G	0.5045	ambiguous
O60894	L80H	0.2782	benign
O60894	L80I	0.1405	benign
O60894	L80K	0.2839	benign
O60894	L80M	0.1434	benign
O60894	L80N	0.4462	ambiguous
O60894	L80P	0.517	ambiguous
O60894	L80Q	0.1559	benign
O60894	L80R	0.1542	benign
O60894	L80S	0.3331	benign
O60894	L80T	0.2134	benign
O60894	L80V	0.1257	benign
O60894	L80W	0.2485	benign
O60894	L80Y	0.4037	ambiguous
O60894	G81A	0.1826	benign
O60894	G81C	0.4178	ambiguous
O60894	G81D	0.0993	benign
O60894	G81E	0.1901	benign
O60894	G81F	0.65	pathogenic
O60894	G81H	0.2224	benign
O60894	G81I	0.5657	pathogenic
O60894	G81K	0.339	benign
O60894	G81L	0.5116	ambiguous
O60894	G81M	0.6778	pathogenic
O60894	G81N	0.2181	benign
O60894	G81P	0.7259	pathogenic
O60894	G81Q	0.2364	benign
O60894	G81R	0.1834	benign
O60894	G81S	0.1243	benign
O60894	G81T	0.3174	benign
O60894	G81V	0.4043	ambiguous
O60894	G81W	0.3991	ambiguous
O60894	G81Y	0.3978	ambiguous
O60894	C82A	0.8937	pathogenic
O60894	C82D	0.9448	pathogenic
O60894	C82E	0.9747	pathogenic
O60894	C82F	0.707	pathogenic
O60894	C82G	0.6609	pathogenic
O60894	C82H	0.8984	pathogenic
O60894	C82I	0.8762	pathogenic
O60894	C82K	0.9766	pathogenic
O60894	C82L	0.8282	pathogenic
O60894	C82M	0.9416	pathogenic
O60894	C82N	0.927	pathogenic
O60894	C82P	0.9694	pathogenic
O60894	C82Q	0.9486	pathogenic
O60894	C82R	0.8298	pathogenic
O60894	C82S	0.8373	pathogenic
O60894	C82T	0.9284	pathogenic
O60894	C82V	0.8639	pathogenic
O60894	C82W	0.8137	pathogenic
O60894	C82Y	0.7872	pathogenic
O60894	F83A	0.7144	pathogenic
O60894	F83C	0.7442	pathogenic
O60894	F83D	0.828	pathogenic
O60894	F83E	0.8956	pathogenic
O60894	F83G	0.8247	pathogenic
O60894	F83H	0.642	pathogenic
O60894	F83I	0.5507	ambiguous
O60894	F83K	0.9098	pathogenic
O60894	F83L	0.9318	pathogenic
O60894	F83M	0.8763	pathogenic
O60894	F83N	0.7651	pathogenic
O60894	F83P	0.8441	pathogenic
O60894	F83Q	0.8301	pathogenic
O60894	F83R	0.7076	pathogenic
O60894	F83S	0.5426	ambiguous
O60894	F83T	0.7553	pathogenic
O60894	F83V	0.4753	ambiguous
O60894	F83W	0.5662	pathogenic
O60894	F83Y	0.1827	benign
O60894	W84A	0.8883	pathogenic
O60894	W84C	0.9696	pathogenic
O60894	W84D	0.9733	pathogenic
O60894	W84E	0.958	pathogenic
O60894	W84F	0.3658	ambiguous
O60894	W84G	0.689	pathogenic
O60894	W84H	0.8978	pathogenic
O60894	W84I	0.8865	pathogenic
O60894	W84K	0.973	pathogenic
O60894	W84L	0.6315	pathogenic
O60894	W84M	0.9369	pathogenic
O60894	W84N	0.9749	pathogenic
O60894	W84P	0.8892	pathogenic
O60894	W84Q	0.9413	pathogenic
O60894	W84R	0.9127	pathogenic
O60894	W84S	0.7562	pathogenic
O60894	W84T	0.9097	pathogenic
O60894	W84V	0.8443	pathogenic
O60894	W84Y	0.658	pathogenic
O60894	P85A	0.7768	pathogenic
O60894	P85C	0.9809	pathogenic
O60894	P85D	0.9461	pathogenic
O60894	P85E	0.8895	pathogenic
O60894	P85F	0.9854	pathogenic
O60894	P85G	0.8871	pathogenic
O60894	P85H	0.866	pathogenic
O60894	P85I	0.9741	pathogenic
O60894	P85K	0.9034	pathogenic
O60894	P85L	0.8324	pathogenic
O60894	P85M	0.9686	pathogenic
O60894	P85N	0.9578	pathogenic
O60894	P85Q	0.8189	pathogenic
O60894	P85R	0.7124	pathogenic
O60894	P85S	0.8822	pathogenic
O60894	P85T	0.8532	pathogenic
O60894	P85V	0.9407	pathogenic
O60894	P85W	0.9635	pathogenic
O60894	P85Y	0.9646	pathogenic
O60894	N86A	0.4203	ambiguous
O60894	N86C	0.6403	pathogenic
O60894	N86D	0.2433	benign
O60894	N86E	0.7499	pathogenic
O60894	N86F	0.9092	pathogenic
O60894	N86G	0.2646	benign
O60894	N86H	0.3097	benign
O60894	N86I	0.7452	pathogenic
O60894	N86K	0.7704	pathogenic
O60894	N86L	0.64	pathogenic
O60894	N86M	0.732	pathogenic
O60894	N86P	0.7396	pathogenic
O60894	N86Q	0.7182	pathogenic
O60894	N86R	0.7122	pathogenic
O60894	N86S	0.082	benign
O60894	N86T	0.2651	benign
O60894	N86V	0.6451	pathogenic
O60894	N86W	0.9393	pathogenic
O60894	N86Y	0.6015	pathogenic
O60894	A87C	0.5144	ambiguous
O60894	A87D	0.1366	benign
O60894	A87E	0.1155	benign
O60894	A87F	0.2662	benign
O60894	A87G	0.1137	benign
O60894	A87H	0.2295	benign
O60894	A87I	0.1973	benign
O60894	A87K	0.16	benign
O60894	A87L	0.1241	benign
O60894	A87M	0.1735	benign
O60894	A87N	0.1863	benign
O60894	A87P	0.083	benign
O60894	A87Q	0.1466	benign
O60894	A87R	0.1144	benign
O60894	A87S	0.0976	benign
O60894	A87T	0.0753	benign
O60894	A87V	0.0958	benign
O60894	A87W	0.4083	ambiguous
O60894	A87Y	0.3255	benign
O60894	E88A	0.0958	benign
O60894	E88C	0.9045	pathogenic
O60894	E88D	0.2258	benign
O60894	E88F	0.7657	pathogenic
O60894	E88G	0.2145	benign
O60894	E88H	0.4361	ambiguous
O60894	E88I	0.4471	ambiguous
O60894	E88K	0.1489	benign
O60894	E88L	0.3522	ambiguous
O60894	E88M	0.4689	ambiguous
O60894	E88N	0.4022	ambiguous
O60894	E88P	0.4657	ambiguous
O60894	E88Q	0.134	benign
O60894	E88R	0.1795	benign
O60894	E88S	0.2286	benign
O60894	E88T	0.2312	benign
O60894	E88V	0.212	benign
O60894	E88W	0.8607	pathogenic
O60894	E88Y	0.649	pathogenic
O60894	V89A	0.2408	benign
O60894	V89C	0.9666	pathogenic
O60894	V89D	0.766	pathogenic
O60894	V89E	0.5753	pathogenic
O60894	V89F	0.6135	pathogenic
O60894	V89G	0.3085	benign
O60894	V89H	0.9287	pathogenic
O60894	V89I	0.1966	benign
O60894	V89K	0.7759	pathogenic
O60894	V89L	0.6535	pathogenic
O60894	V89M	0.4257	ambiguous
O60894	V89N	0.712	pathogenic
O60894	V89P	0.871	pathogenic
O60894	V89Q	0.7066	pathogenic
O60894	V89R	0.6858	pathogenic
O60894	V89S	0.4924	ambiguous
O60894	V89T	0.2632	benign
O60894	V89W	0.9662	pathogenic
O60894	V89Y	0.8985	pathogenic
O60894	D90A	0.6911	pathogenic
O60894	D90C	0.9618	pathogenic
O60894	D90E	0.5421	ambiguous
O60894	D90F	0.9506	pathogenic
O60894	D90G	0.5725	pathogenic
O60894	D90H	0.632	pathogenic
O60894	D90I	0.9283	pathogenic
O60894	D90K	0.8472	pathogenic
O60894	D90L	0.8717	pathogenic
O60894	D90M	0.964	pathogenic
O60894	D90N	0.2417	benign
O60894	D90P	0.9445	pathogenic
O60894	D90Q	0.6996	pathogenic
O60894	D90R	0.7862	pathogenic
O60894	D90S	0.4144	ambiguous
O60894	D90T	0.7552	pathogenic
O60894	D90V	0.8242	pathogenic
O60894	D90W	0.9756	pathogenic
O60894	D90Y	0.6819	pathogenic
O60894	R91A	0.138	benign
O60894	R91C	0.2839	benign
O60894	R91D	0.2385	benign
O60894	R91E	0.1588	benign
O60894	R91F	0.4565	ambiguous
O60894	R91G	0.0889	benign
O60894	R91H	0.0919	benign
O60894	R91I	0.256	benign
O60894	R91K	0.0873	benign
O60894	R91L	0.1521	benign
O60894	R91M	0.227	benign
O60894	R91N	0.2238	benign
O60894	R91P	0.4589	ambiguous
O60894	R91Q	0.0849	benign
O60894	R91S	0.1468	benign
O60894	R91T	0.1005	benign
O60894	R91V	0.2539	benign
O60894	R91W	0.1844	benign
O60894	R91Y	0.3501	ambiguous
O60894	F92A	0.8999	pathogenic
O60894	F92C	0.8672	pathogenic
O60894	F92D	0.9572	pathogenic
O60894	F92E	0.961	pathogenic
O60894	F92G	0.9489	pathogenic
O60894	F92H	0.896	pathogenic
O60894	F92I	0.4874	ambiguous
O60894	F92K	0.97	pathogenic
O60894	F92L	0.9178	pathogenic
O60894	F92M	0.8415	pathogenic
O60894	F92N	0.9308	pathogenic
O60894	F92P	0.9929	pathogenic
O60894	F92Q	0.9475	pathogenic
O60894	F92R	0.9247	pathogenic
O60894	F92S	0.9053	pathogenic
O60894	F92T	0.8876	pathogenic
O60894	F92V	0.5304	ambiguous
O60894	F92W	0.7356	pathogenic
O60894	F92Y	0.369	ambiguous
O60894	F93A	0.9621	pathogenic
O60894	F93C	0.9299	pathogenic
O60894	F93D	0.9887	pathogenic
O60894	F93E	0.9901	pathogenic
O60894	F93G	0.9795	pathogenic
O60894	F93H	0.9173	pathogenic
O60894	F93I	0.7224	pathogenic
O60894	F93K	0.9891	pathogenic
O60894	F93L	0.9265	pathogenic
O60894	F93M	0.9158	pathogenic
O60894	F93N	0.9721	pathogenic
O60894	F93P	0.9925	pathogenic
O60894	F93Q	0.9702	pathogenic
O60894	F93R	0.9563	pathogenic
O60894	F93S	0.922	pathogenic
O60894	F93T	0.9638	pathogenic
O60894	F93V	0.7506	pathogenic
O60894	F93W	0.797	pathogenic
O60894	F93Y	0.4996	ambiguous
O60894	L94A	0.2475	benign
O60894	L94C	0.6628	pathogenic
O60894	L94D	0.7135	pathogenic
O60894	L94E	0.3578	ambiguous
O60894	L94F	0.232	benign
O60894	L94G	0.486	ambiguous
O60894	L94H	0.2796	benign
O60894	L94I	0.1025	benign
O60894	L94K	0.278	benign
O60894	L94M	0.1468	benign
O60894	L94N	0.5003	ambiguous
O60894	L94P	0.4006	ambiguous
O60894	L94Q	0.1636	benign
O60894	L94R	0.1466	benign
O60894	L94S	0.3267	benign
O60894	L94T	0.1948	benign
O60894	L94V	0.0819	benign
O60894	L94W	0.3186	benign
O60894	L94Y	0.5141	ambiguous
O60894	A95C	0.6155	pathogenic
O60894	A95D	0.12	benign
O60894	A95E	0.129	benign
O60894	A95F	0.2792	benign
O60894	A95G	0.1237	benign
O60894	A95H	0.2885	benign
O60894	A95I	0.2696	benign
O60894	A95K	0.2793	benign
O60894	A95L	0.1432	benign
O60894	A95M	0.2201	benign
O60894	A95N	0.21	benign
O60894	A95P	0.5181	ambiguous
O60894	A95Q	0.197	benign
O60894	A95R	0.2009	benign
O60894	A95S	0.0973	benign
O60894	A95T	0.0838	benign
O60894	A95V	0.1247	benign
O60894	A95W	0.501	ambiguous
O60894	A95Y	0.3782	ambiguous
O60894	V96A	0.501	ambiguous
O60894	V96C	0.956	pathogenic
O60894	V96D	0.9233	pathogenic
O60894	V96E	0.7669	pathogenic
O60894	V96F	0.491	ambiguous
O60894	V96G	0.6605	pathogenic
O60894	V96H	0.9486	pathogenic
O60894	V96I	0.0784	benign
O60894	V96K	0.8704	pathogenic
O60894	V96L	0.3226	benign
O60894	V96M	0.3329	benign
O60894	V96N	0.852	pathogenic
O60894	V96P	0.8943	pathogenic
O60894	V96Q	0.7889	pathogenic
O60894	V96R	0.7901	pathogenic
O60894	V96S	0.7045	pathogenic
O60894	V96T	0.5417	ambiguous
O60894	V96W	0.9584	pathogenic
O60894	V96Y	0.9216	pathogenic
O60894	H97A	0.9366	pathogenic
O60894	H97C	0.8904	pathogenic
O60894	H97D	0.9	pathogenic
O60894	H97E	0.9098	pathogenic
O60894	H97F	0.9503	pathogenic
O60894	H97G	0.9393	pathogenic
O60894	H97I	0.9831	pathogenic
O60894	H97K	0.9155	pathogenic
O60894	H97L	0.8405	pathogenic
O60894	H97M	0.9821	pathogenic
O60894	H97N	0.8655	pathogenic
O60894	H97P	0.5351	ambiguous
O60894	H97Q	0.8567	pathogenic
O60894	H97R	0.7148	pathogenic
O60894	H97S	0.921	pathogenic
O60894	H97T	0.9646	pathogenic
O60894	H97V	0.9727	pathogenic
O60894	H97W	0.8835	pathogenic
O60894	H97Y	0.7876	pathogenic
O60894	G98A	0.098	benign
O60894	G98C	0.2833	benign
O60894	G98D	0.132	benign
O60894	G98E	0.0789	benign
O60894	G98F	0.4658	ambiguous
O60894	G98H	0.1513	benign
O60894	G98I	0.2497	benign
O60894	G98K	0.1591	benign
O60894	G98L	0.2577	benign
O60894	G98M	0.3755	ambiguous
O60894	G98N	0.2148	benign
O60894	G98P	0.7264	pathogenic
O60894	G98Q	0.1058	benign
O60894	G98R	0.0852	benign
O60894	G98S	0.0869	benign
O60894	G98T	0.1187	benign
O60894	G98V	0.1505	benign
O60894	G98W	0.1995	benign
O60894	G98Y	0.2849	benign
O60894	R99A	0.2148	benign
O60894	R99C	0.1687	benign
O60894	R99D	0.2083	benign
O60894	R99E	0.1786	benign
O60894	R99F	0.2831	benign
O60894	R99G	0.1536	benign
O60894	R99H	0.0617	benign
O60894	R99I	0.1893	benign
O60894	R99K	0.1475	benign
O60894	R99L	0.1066	benign
O60894	R99M	0.2822	benign
O60894	R99N	0.1965	benign
O60894	R99P	0.3322	benign
O60894	R99Q	0.0892	benign
O60894	R99S	0.1838	benign
O60894	R99T	0.1641	benign
O60894	R99V	0.2155	benign
O60894	R99W	0.1346	benign
O60894	R99Y	0.1708	benign
O60894	Y100A	0.9241	pathogenic
O60894	Y100C	0.8285	pathogenic
O60894	Y100D	0.8733	pathogenic
O60894	Y100E	0.9704	pathogenic
O60894	Y100F	0.2035	benign
O60894	Y100G	0.9021	pathogenic
O60894	Y100H	0.6691	pathogenic
O60894	Y100I	0.8968	pathogenic
O60894	Y100K	0.9621	pathogenic
O60894	Y100L	0.8246	pathogenic
O60894	Y100M	0.9392	pathogenic
O60894	Y100N	0.7607	pathogenic
O60894	Y100P	0.9516	pathogenic
O60894	Y100Q	0.9485	pathogenic
O60894	Y100R	0.9071	pathogenic
O60894	Y100S	0.803	pathogenic
O60894	Y100T	0.9276	pathogenic
O60894	Y100V	0.8377	pathogenic
O60894	Y100W	0.6154	pathogenic
O60894	F101A	0.9777	pathogenic
O60894	F101C	0.9801	pathogenic
O60894	F101D	0.9894	pathogenic
O60894	F101E	0.9893	pathogenic
O60894	F101G	0.9704	pathogenic
O60894	F101H	0.9421	pathogenic
O60894	F101I	0.9495	pathogenic
O60894	F101K	0.9859	pathogenic
O60894	F101L	0.9802	pathogenic
O60894	F101M	0.9772	pathogenic
O60894	F101N	0.9838	pathogenic
O60894	F101P	0.9917	pathogenic
O60894	F101Q	0.9754	pathogenic
O60894	F101R	0.9394	pathogenic
O60894	F101S	0.9617	pathogenic
O60894	F101T	0.9831	pathogenic
O60894	F101V	0.9302	pathogenic
O60894	F101W	0.8664	pathogenic
O60894	F101Y	0.7524	pathogenic
O60894	R102A	0.1904	benign
O60894	R102C	0.2368	benign
O60894	R102D	0.3423	ambiguous
O60894	R102E	0.226	benign
O60894	R102F	0.4145	ambiguous
O60894	R102G	0.1106	benign
O60894	R102H	0.0807	benign
O60894	R102I	0.2635	benign
O60894	R102K	0.128	benign
O60894	R102L	0.161	benign
O60894	R102M	0.3171	benign
O60894	R102N	0.3244	benign
O60894	R102P	0.2344	benign
O60894	R102Q	0.0889	benign
O60894	R102S	0.1658	benign
O60894	R102T	0.1524	benign
O60894	R102V	0.2746	benign
O60894	R102W	0.1541	benign
O60894	R102Y	0.3101	benign
O60894	S103A	0.0874	benign
O60894	S103C	0.2482	benign
O60894	S103D	0.1264	benign
O60894	S103E	0.2002	benign
O60894	S103F	0.2277	benign
O60894	S103G	0.0788	benign
O60894	S103H	0.151	benign
O60894	S103I	0.2148	benign
O60894	S103K	0.2549	benign
O60894	S103L	0.1657	benign
O60894	S103M	0.2636	benign
O60894	S103N	0.0902	benign
O60894	S103P	0.1487	benign
O60894	S103Q	0.2142	benign
O60894	S103R	0.1952	benign
O60894	S103T	0.0887	benign
O60894	S103V	0.2107	benign
O60894	S103W	0.2198	benign
O60894	S103Y	0.1655	benign
O60894	C104A	0.9501	pathogenic
O60894	C104D	0.9805	pathogenic
O60894	C104E	0.9889	pathogenic
O60894	C104F	0.8597	pathogenic
O60894	C104G	0.8246	pathogenic
O60894	C104H	0.9569	pathogenic
O60894	C104I	0.961	pathogenic
O60894	C104K	0.9901	pathogenic
O60894	C104L	0.9086	pathogenic
O60894	C104M	0.9759	pathogenic
O60894	C104N	0.9794	pathogenic
O60894	C104P	0.9484	pathogenic
O60894	C104Q	0.9767	pathogenic
O60894	C104R	0.9106	pathogenic
O60894	C104S	0.9233	pathogenic
O60894	C104T	0.9715	pathogenic
O60894	C104V	0.9405	pathogenic
O60894	C104W	0.9039	pathogenic
O60894	C104Y	0.9386	pathogenic
O60894	P105A	0.1196	benign
O60894	P105C	0.7052	pathogenic
O60894	P105D	0.4526	ambiguous
O60894	P105E	0.3539	ambiguous
O60894	P105F	0.6387	pathogenic
O60894	P105G	0.3234	benign
O60894	P105H	0.2405	benign
O60894	P105I	0.6081	pathogenic
O60894	P105K	0.4283	ambiguous
O60894	P105L	0.2502	benign
O60894	P105M	0.5743	pathogenic
O60894	P105N	0.4583	ambiguous
O60894	P105Q	0.2195	benign
O60894	P105R	0.1764	benign
O60894	P105S	0.1289	benign
O60894	P105T	0.1651	benign
O60894	P105V	0.3816	ambiguous
O60894	P105W	0.6383	pathogenic
O60894	P105Y	0.5836	pathogenic
O60894	I106A	0.1208	benign
O60894	I106C	0.6195	pathogenic
O60894	I106D	0.2895	benign
O60894	I106E	0.2759	benign
O60894	I106F	0.1298	benign
O60894	I106G	0.2923	benign
O60894	I106H	0.3087	benign
O60894	I106K	0.2573	benign
O60894	I106L	0.0811	benign
O60894	I106M	0.1143	benign
O60894	I106N	0.1612	benign
O60894	I106P	0.1661	benign
O60894	I106Q	0.253	benign
O60894	I106R	0.1529	benign
O60894	I106S	0.1357	benign
O60894	I106T	0.1818	benign
O60894	I106V	0.0605	benign
O60894	I106W	0.563	ambiguous
O60894	I106Y	0.338	benign
O60894	S107A	0.1371	benign
O60894	S107C	0.3791	ambiguous
O60894	S107D	0.5518	ambiguous
O60894	S107E	0.5934	pathogenic
O60894	S107F	0.3957	ambiguous
O60894	S107G	0.1339	benign
O60894	S107H	0.52	ambiguous
O60894	S107I	0.5001	ambiguous
O60894	S107K	0.8178	pathogenic
O60894	S107L	0.2212	benign
O60894	S107M	0.4518	ambiguous
O60894	S107N	0.4488	ambiguous
O60894	S107P	0.1949	benign
O60894	S107Q	0.6417	pathogenic
O60894	S107R	0.6614	pathogenic
O60894	S107T	0.0994	benign
O60894	S107V	0.4274	ambiguous
O60894	S107W	0.2852	benign
O60894	S107Y	0.3235	benign
O60894	G108A	0.4091	ambiguous
O60894	G108C	0.7471	pathogenic
O60894	G108D	0.5624	ambiguous
O60894	G108E	0.5627	ambiguous
O60894	G108F	0.8559	pathogenic
O60894	G108H	0.7516	pathogenic
O60894	G108I	0.769	pathogenic
O60894	G108K	0.785	pathogenic
O60894	G108L	0.7499	pathogenic
O60894	G108M	0.8647	pathogenic
O60894	G108N	0.7237	pathogenic
O60894	G108P	0.8137	pathogenic
O60894	G108Q	0.6491	pathogenic
O60894	G108R	0.5398	ambiguous
O60894	G108S	0.2658	benign
O60894	G108T	0.5749	pathogenic
O60894	G108V	0.6218	pathogenic
O60894	G108W	0.6487	pathogenic
O60894	G108Y	0.7907	pathogenic
O60894	R109A	0.5132	ambiguous
O60894	R109C	0.4286	ambiguous
O60894	R109D	0.6748	pathogenic
O60894	R109E	0.3426	ambiguous
O60894	R109F	0.6085	pathogenic
O60894	R109G	0.3185	benign
O60894	R109H	0.1696	benign
O60894	R109I	0.4354	ambiguous
O60894	R109K	0.252	benign
O60894	R109L	0.2777	benign
O60894	R109M	0.4729	ambiguous
O60894	R109N	0.6957	pathogenic
O60894	R109P	0.4535	ambiguous
O60894	R109Q	0.1298	benign
O60894	R109S	0.6048	pathogenic
O60894	R109T	0.4046	ambiguous
O60894	R109V	0.4705	ambiguous
O60894	R109W	0.1928	benign
O60894	R109Y	0.4972	ambiguous
O60894	A110C	0.6192	pathogenic
O60894	A110D	0.1727	benign
O60894	A110E	0.1565	benign
O60894	A110F	0.3056	benign
O60894	A110G	0.1281	benign
O60894	A110H	0.3423	ambiguous
O60894	A110I	0.2598	benign
O60894	A110K	0.3282	benign
O60894	A110L	0.1593	benign
O60894	A110M	0.2259	benign
O60894	A110N	0.2343	benign
O60894	A110P	0.1333	benign
O60894	A110Q	0.2422	benign
O60894	A110R	0.2442	benign
O60894	A110S	0.1014	benign
O60894	A110T	0.0912	benign
O60894	A110V	0.1136	benign
O60894	A110W	0.5323	ambiguous
O60894	A110Y	0.4065	ambiguous
O60894	V111A	0.1209	benign
O60894	V111C	0.7515	pathogenic
O60894	V111D	0.2826	benign
O60894	V111E	0.1797	benign
O60894	V111F	0.126	benign
O60894	V111G	0.1403	benign
O60894	V111H	0.4961	ambiguous
O60894	V111I	0.1015	benign
O60894	V111K	0.2827	benign
O60894	V111L	0.0845	benign
O60894	V111M	0.1056	benign
O60894	V111N	0.318	benign
O60894	V111P	0.1563	benign
O60894	V111Q	0.222	benign
O60894	V111R	0.2144	benign
O60894	V111S	0.1959	benign
O60894	V111T	0.2048	benign
O60894	V111W	0.5167	ambiguous
O60894	V111Y	0.454	ambiguous
O60894	R112A	0.1465	benign
O60894	R112C	0.1805	benign
O60894	R112D	0.2522	benign
O60894	R112E	0.1424	benign
O60894	R112F	0.3454	ambiguous
O60894	R112G	0.0779	benign
O60894	R112H	0.0866	benign
O60894	R112I	0.2315	benign
O60894	R112K	0.1162	benign
O60894	R112L	0.1294	benign
O60894	R112M	0.2292	benign
O60894	R112N	0.273	benign
O60894	R112P	0.1689	benign
O60894	R112Q	0.0743	benign
O60894	R112S	0.1614	benign
O60894	R112T	0.1198	benign
O60894	R112V	0.2105	benign
O60894	R112W	0.1167	benign
O60894	R112Y	0.2606	benign
O60894	D113A	0.5487	ambiguous
O60894	D113C	0.9151	pathogenic
O60894	D113E	0.4708	ambiguous
O60894	D113F	0.8167	pathogenic
O60894	D113G	0.5935	pathogenic
O60894	D113H	0.6152	pathogenic
O60894	D113I	0.7673	pathogenic
O60894	D113K	0.8019	pathogenic
O60894	D113L	0.6783	pathogenic
O60894	D113M	0.9115	pathogenic
O60894	D113N	0.449	ambiguous
O60894	D113P	0.7503	pathogenic
O60894	D113Q	0.7259	pathogenic
O60894	D113R	0.7734	pathogenic
O60894	D113S	0.488	ambiguous
O60894	D113T	0.7186	pathogenic
O60894	D113V	0.5942	pathogenic
O60894	D113W	0.9273	pathogenic
O60894	D113Y	0.4369	ambiguous
O60894	P114A	0.3186	benign
O60894	P114C	0.8933	pathogenic
O60894	P114D	0.9163	pathogenic
O60894	P114E	0.8316	pathogenic
O60894	P114F	0.8506	pathogenic
O60894	P114G	0.8156	pathogenic
O60894	P114H	0.6573	pathogenic
O60894	P114I	0.5929	pathogenic
O60894	P114K	0.829	pathogenic
O60894	P114L	0.3511	ambiguous
O60894	P114M	0.7557	pathogenic
O60894	P114N	0.8882	pathogenic
O60894	P114Q	0.6835	pathogenic
O60894	P114R	0.5616	ambiguous
O60894	P114S	0.5328	ambiguous
O60894	P114T	0.4173	ambiguous
O60894	P114V	0.4986	ambiguous
O60894	P114W	0.9055	pathogenic
O60894	P114Y	0.8717	pathogenic
O60894	P115A	0.1158	benign
O60894	P115C	0.6761	pathogenic
O60894	P115D	0.5042	ambiguous
O60894	P115E	0.3878	ambiguous
O60894	P115F	0.7537	pathogenic
O60894	P115G	0.3936	ambiguous
O60894	P115H	0.2775	benign
O60894	P115I	0.6607	pathogenic
O60894	P115K	0.4024	ambiguous
O60894	P115L	0.29	benign
O60894	P115M	0.6089	pathogenic
O60894	P115N	0.5471	ambiguous
O60894	P115Q	0.2537	benign
O60894	P115R	0.1958	benign
O60894	P115S	0.1461	benign
O60894	P115T	0.1754	benign
O60894	P115V	0.4296	ambiguous
O60894	P115W	0.709	pathogenic
O60894	P115Y	0.6868	pathogenic
O60894	G116A	0.0753	benign
O60894	G116C	0.1441	benign
O60894	G116D	0.1207	benign
O60894	G116E	0.128	benign
O60894	G116F	0.3233	benign
O60894	G116H	0.1532	benign
O60894	G116I	0.1445	benign
O60894	G116K	0.2129	benign
O60894	G116L	0.205	benign
O60894	G116M	0.3089	benign
O60894	G116N	0.154	benign
O60894	G116P	0.2251	benign
O60894	G116Q	0.1685	benign
O60894	G116R	0.1078	benign
O60894	G116S	0.0647	benign
O60894	G116T	0.101	benign
O60894	G116V	0.1039	benign
O60894	G116W	0.1795	benign
O60894	G116Y	0.1914	benign
O60894	S117A	0.0992	benign
O60894	S117C	0.1432	benign
O60894	S117D	0.1909	benign
O60894	S117E	0.27	benign
O60894	S117F	0.2166	benign
O60894	S117G	0.0638	benign
O60894	S117H	0.1515	benign
O60894	S117I	0.1366	benign
O60894	S117K	0.3259	benign
O60894	S117L	0.168	benign
O60894	S117M	0.2229	benign
O60894	S117N	0.0911	benign
O60894	S117P	0.1203	benign
O60894	S117Q	0.254	benign
O60894	S117R	0.2132	benign
O60894	S117T	0.0928	benign
O60894	S117V	0.1746	benign
O60894	S117W	0.1639	benign
O60894	S117Y	0.1565	benign
O60894	I118A	0.6016	pathogenic
O60894	I118C	0.8339	pathogenic
O60894	I118D	0.8414	pathogenic
O60894	I118E	0.8391	pathogenic
O60894	I118F	0.2458	benign
O60894	I118G	0.8095	pathogenic
O60894	I118H	0.7009	pathogenic
O60894	I118K	0.758	pathogenic
O60894	I118L	0.1782	benign
O60894	I118M	0.2527	benign
O60894	I118N	0.5534	ambiguous
O60894	I118P	0.7223	pathogenic
O60894	I118Q	0.7492	pathogenic
O60894	I118R	0.6088	pathogenic
O60894	I118S	0.5155	ambiguous
O60894	I118T	0.514	ambiguous
O60894	I118V	0.086	benign
O60894	I118W	0.7706	pathogenic
O60894	I118Y	0.6279	pathogenic
O60894	L119A	0.5728	pathogenic
O60894	L119C	0.8243	pathogenic
O60894	L119D	0.9556	pathogenic
O60894	L119E	0.8274	pathogenic
O60894	L119F	0.3988	ambiguous
O60894	L119G	0.8056	pathogenic
O60894	L119H	0.7004	pathogenic
O60894	L119I	0.1458	benign
O60894	L119K	0.7931	pathogenic
O60894	L119M	0.3567	ambiguous
O60894	L119N	0.8672	pathogenic
O60894	L119P	0.5001	ambiguous
O60894	L119Q	0.5427	ambiguous
O60894	L119R	0.4637	ambiguous
O60894	L119S	0.7116	pathogenic
O60894	L119T	0.5085	ambiguous
O60894	L119V	0.1577	benign
O60894	L119W	0.5915	pathogenic
O60894	L119Y	0.805	pathogenic
O60894	Y120A	0.2389	benign
O60894	Y120C	0.0744	benign
O60894	Y120D	0.4597	ambiguous
O60894	Y120E	0.6704	pathogenic
O60894	Y120F	0.1112	benign
O60894	Y120G	0.1622	benign
O60894	Y120H	0.2255	benign
O60894	Y120I	0.259	benign
O60894	Y120K	0.6689	pathogenic
O60894	Y120L	0.1786	benign
O60894	Y120M	0.4463	ambiguous
O60894	Y120N	0.2643	benign
O60894	Y120P	0.4027	ambiguous
O60894	Y120Q	0.4465	ambiguous
O60894	Y120R	0.4419	ambiguous
O60894	Y120S	0.1318	benign
O60894	Y120T	0.3044	benign
O60894	Y120V	0.2255	benign
O60894	Y120W	0.2347	benign
O60894	P121A	0.1384	benign
O60894	P121C	0.567	pathogenic
O60894	P121D	0.8617	pathogenic
O60894	P121E	0.8009	pathogenic
O60894	P121F	0.6419	pathogenic
O60894	P121G	0.398	ambiguous
O60894	P121H	0.5156	ambiguous
O60894	P121I	0.3809	ambiguous
O60894	P121K	0.8194	pathogenic
O60894	P121L	0.1802	benign
O60894	P121M	0.5456	ambiguous
O60894	P121N	0.7221	pathogenic
O60894	P121Q	0.5675	pathogenic
O60894	P121R	0.5087	ambiguous
O60894	P121S	0.2214	benign
O60894	P121T	0.1516	benign
O60894	P121V	0.2574	benign
O60894	P121W	0.6545	pathogenic
O60894	P121Y	0.6369	pathogenic
O60894	F122A	0.7146	pathogenic
O60894	F122C	0.502	ambiguous
O60894	F122D	0.9847	pathogenic
O60894	F122E	0.9851	pathogenic
O60894	F122G	0.8708	pathogenic
O60894	F122H	0.9296	pathogenic
O60894	F122I	0.4714	ambiguous
O60894	F122K	0.9889	pathogenic
O60894	F122L	0.7855	pathogenic
O60894	F122M	0.654	pathogenic
O60894	F122N	0.9542	pathogenic
O60894	F122P	0.9711	pathogenic
O60894	F122Q	0.9619	pathogenic
O60894	F122R	0.9589	pathogenic
O60894	F122S	0.7227	pathogenic
O60894	F122T	0.8466	pathogenic
O60894	F122V	0.3638	ambiguous
O60894	F122W	0.6922	pathogenic
O60894	F122Y	0.5212	ambiguous
O60894	I123A	0.4157	ambiguous
O60894	I123C	0.8581	pathogenic
O60894	I123D	0.9655	pathogenic
O60894	I123E	0.9459	pathogenic
O60894	I123F	0.3494	ambiguous
O60894	I123G	0.8442	pathogenic
O60894	I123H	0.8929	pathogenic
O60894	I123K	0.917	pathogenic
O60894	I123L	0.161	benign
O60894	I123M	0.2039	benign
O60894	I123N	0.8187	pathogenic
O60894	I123P	0.786	pathogenic
O60894	I123Q	0.8837	pathogenic
O60894	I123R	0.8185	pathogenic
O60894	I123S	0.5847	pathogenic
O60894	I123T	0.2835	benign
O60894	I123V	0.1024	benign
O60894	I123W	0.8814	pathogenic
O60894	I123Y	0.84	pathogenic
O60894	V124A	0.1045	benign
O60894	V124C	0.65	pathogenic
O60894	V124D	0.8295	pathogenic
O60894	V124E	0.7557	pathogenic
O60894	V124F	0.1531	benign
O60894	V124G	0.1919	benign
O60894	V124H	0.8433	pathogenic
O60894	V124I	0.0973	benign
O60894	V124K	0.7903	pathogenic
O60894	V124L	0.124	benign
O60894	V124M	0.1204	benign
O60894	V124N	0.7461	pathogenic
O60894	V124P	0.5575	ambiguous
O60894	V124Q	0.6969	pathogenic
O60894	V124R	0.6627	pathogenic
O60894	V124S	0.3231	benign
O60894	V124T	0.1876	benign
O60894	V124W	0.7123	pathogenic
O60894	V124Y	0.6939	pathogenic
O60894	V125A	0.1681	benign
O60894	V125C	0.7014	pathogenic
O60894	V125D	0.8593	pathogenic
O60894	V125E	0.7857	pathogenic
O60894	V125F	0.1641	benign
O60894	V125G	0.1574	benign
O60894	V125H	0.9003	pathogenic
O60894	V125I	0.0993	benign
O60894	V125K	0.8592	pathogenic
O60894	V125L	0.1019	benign
O60894	V125M	0.1585	benign
O60894	V125N	0.7804	pathogenic
O60894	V125P	0.4261	ambiguous
O60894	V125Q	0.7632	pathogenic
O60894	V125R	0.7927	pathogenic
O60894	V125S	0.4158	ambiguous
O60894	V125T	0.3134	benign
O60894	V125W	0.7585	pathogenic
O60894	V125Y	0.7345	pathogenic
O60894	P126A	0.3714	ambiguous
O60894	P126C	0.8747	pathogenic
O60894	P126D	0.9704	pathogenic
O60894	P126E	0.9417	pathogenic
O60894	P126F	0.9484	pathogenic
O60894	P126G	0.7284	pathogenic
O60894	P126H	0.8831	pathogenic
O60894	P126I	0.9053	pathogenic
O60894	P126K	0.9778	pathogenic
O60894	P126L	0.6019	pathogenic
O60894	P126M	0.8722	pathogenic
O60894	P126N	0.9318	pathogenic
O60894	P126Q	0.8046	pathogenic
O60894	P126R	0.9144	pathogenic
O60894	P126S	0.487	ambiguous
O60894	P126T	0.4641	ambiguous
O60894	P126V	0.7843	pathogenic
O60894	P126W	0.9648	pathogenic
O60894	P126Y	0.9639	pathogenic
O60894	I127A	0.5127	ambiguous
O60894	I127C	0.8349	pathogenic
O60894	I127D	0.9737	pathogenic
O60894	I127E	0.9512	pathogenic
O60894	I127F	0.4034	ambiguous
O60894	I127G	0.8466	pathogenic
O60894	I127H	0.9529	pathogenic
O60894	I127K	0.9387	pathogenic
O60894	I127L	0.2076	benign
O60894	I127M	0.1719	benign
O60894	I127N	0.8102	pathogenic
O60894	I127P	0.8689	pathogenic
O60894	I127Q	0.923	pathogenic
O60894	I127R	0.9084	pathogenic
O60894	I127S	0.652	pathogenic
O60894	I127T	0.5236	ambiguous
O60894	I127V	0.0815	benign
O60894	I127W	0.9393	pathogenic
O60894	I127Y	0.9085	pathogenic
O60894	T128A	0.068	benign
O60894	T128C	0.2772	benign
O60894	T128D	0.8228	pathogenic
O60894	T128E	0.738	pathogenic
O60894	T128F	0.1915	benign
O60894	T128G	0.1787	benign
O60894	T128H	0.6027	pathogenic
O60894	T128I	0.1097	benign
O60894	T128K	0.656	pathogenic
O60894	T128L	0.065	benign
O60894	T128M	0.0652	benign
O60894	T128N	0.4515	ambiguous
O60894	T128P	0.2532	benign
O60894	T128Q	0.5735	pathogenic
O60894	T128R	0.5568	ambiguous
O60894	T128S	0.1543	benign
O60894	T128V	0.0871	benign
O60894	T128W	0.5327	ambiguous
O60894	T128Y	0.4877	ambiguous
O60894	V129A	0.1682	benign
O60894	V129C	0.7215	pathogenic
O60894	V129D	0.8835	pathogenic
O60894	V129E	0.8279	pathogenic
O60894	V129F	0.2177	benign
O60894	V129G	0.2277	benign
O60894	V129H	0.926	pathogenic
O60894	V129I	0.1004	benign
O60894	V129K	0.8962	pathogenic
O60894	V129L	0.1749	benign
O60894	V129M	0.1458	benign
O60894	V129N	0.7947	pathogenic
O60894	V129P	0.8716	pathogenic
O60894	V129Q	0.8044	pathogenic
O60894	V129R	0.8296	pathogenic
O60894	V129S	0.4352	ambiguous
O60894	V129T	0.2884	benign
O60894	V129W	0.8605	pathogenic
O60894	V129Y	0.8194	pathogenic
O60894	T130A	0.1774	benign
O60894	T130C	0.6477	pathogenic
O60894	T130D	0.943	pathogenic
O60894	T130E	0.9459	pathogenic
O60894	T130F	0.6364	pathogenic
O60894	T130G	0.5255	ambiguous
O60894	T130H	0.8068	pathogenic
O60894	T130I	0.4999	ambiguous
O60894	T130K	0.9013	pathogenic
O60894	T130L	0.2994	benign
O60894	T130M	0.1731	benign
O60894	T130N	0.6055	pathogenic
O60894	T130P	0.2874	benign
O60894	T130Q	0.8197	pathogenic
O60894	T130R	0.8635	pathogenic
O60894	T130S	0.3043	benign
O60894	T130V	0.3768	ambiguous
O60894	T130W	0.903	pathogenic
O60894	T130Y	0.8255	pathogenic
O60894	L131A	0.3501	ambiguous
O60894	L131C	0.5854	pathogenic
O60894	L131D	0.9777	pathogenic
O60894	L131E	0.9103	pathogenic
O60894	L131F	0.185	benign
O60894	L131G	0.619	pathogenic
O60894	L131H	0.8206	pathogenic
O60894	L131I	0.1663	benign
O60894	L131K	0.9172	pathogenic
O60894	L131M	0.1832	benign
O60894	L131N	0.8893	pathogenic
O60894	L131P	0.6468	pathogenic
O60894	L131Q	0.719	pathogenic
O60894	L131R	0.8031	pathogenic
O60894	L131S	0.5799	pathogenic
O60894	L131T	0.4559	ambiguous
O60894	L131V	0.1175	benign
O60894	L131W	0.4793	ambiguous
O60894	L131Y	0.7393	pathogenic
O60894	L132A	0.152	benign
O60894	L132C	0.4479	ambiguous
O60894	L132D	0.9496	pathogenic
O60894	L132E	0.841	pathogenic
O60894	L132F	0.1403	benign
O60894	L132G	0.3778	ambiguous
O60894	L132H	0.7328	pathogenic
O60894	L132I	0.1473	benign
O60894	L132K	0.853	pathogenic
O60894	L132M	0.1363	benign
O60894	L132N	0.8544	pathogenic
O60894	L132P	0.4184	ambiguous
O60894	L132Q	0.5929	pathogenic
O60894	L132R	0.7123	pathogenic
O60894	L132S	0.3829	ambiguous
O60894	L132T	0.2405	benign
O60894	L132V	0.1073	benign
O60894	L132W	0.3329	benign
O60894	L132Y	0.6779	pathogenic
O60894	V133A	0.196	benign
O60894	V133C	0.6994	pathogenic
O60894	V133D	0.7878	pathogenic
O60894	V133E	0.6883	pathogenic
O60894	V133F	0.1693	benign
O60894	V133G	0.1795	benign
O60894	V133H	0.8356	pathogenic
O60894	V133I	0.1374	benign
O60894	V133K	0.7693	pathogenic
O60894	V133L	0.1562	benign
O60894	V133M	0.1239	benign
O60894	V133N	0.6985	pathogenic
O60894	V133P	0.6669	pathogenic
O60894	V133Q	0.6184	pathogenic
O60894	V133R	0.6848	pathogenic
O60894	V133S	0.3476	ambiguous
O60894	V133T	0.3354	benign
O60894	V133W	0.7768	pathogenic
O60894	V133Y	0.7143	pathogenic
O60894	T134A	0.1367	benign
O60894	T134C	0.6179	pathogenic
O60894	T134D	0.9121	pathogenic
O60894	T134E	0.8656	pathogenic
O60894	T134F	0.6513	pathogenic
O60894	T134G	0.4438	ambiguous
O60894	T134H	0.7855	pathogenic
O60894	T134I	0.4414	ambiguous
O60894	T134K	0.7777	pathogenic
O60894	T134L	0.2723	benign
O60894	T134M	0.1307	benign
O60894	T134N	0.5889	pathogenic
O60894	T134P	0.2826	benign
O60894	T134Q	0.73	pathogenic
O60894	T134R	0.7201	pathogenic
O60894	T134S	0.2942	benign
O60894	T134V	0.3045	benign
O60894	T134W	0.8553	pathogenic
O60894	T134Y	0.8034	pathogenic
O60894	A135C	0.3838	ambiguous
O60894	A135D	0.7366	pathogenic
O60894	A135E	0.6829	pathogenic
O60894	A135F	0.2405	benign
O60894	A135G	0.116	benign
O60894	A135H	0.7241	pathogenic
O60894	A135I	0.2053	benign
O60894	A135K	0.7911	pathogenic
O60894	A135L	0.1185	benign
O60894	A135M	0.1532	benign
O60894	A135N	0.5803	pathogenic
O60894	A135P	0.5403	ambiguous
O60894	A135Q	0.6297	pathogenic
O60894	A135R	0.686	pathogenic
O60894	A135S	0.1413	benign
O60894	A135T	0.0999	benign
O60894	A135V	0.0943	benign
O60894	A135W	0.5741	pathogenic
O60894	A135Y	0.5191	ambiguous
O60894	L136A	0.1774	benign
O60894	L136C	0.5628	ambiguous
O60894	L136D	0.893	pathogenic
O60894	L136E	0.5959	pathogenic
O60894	L136F	0.1582	benign
O60894	L136G	0.411	ambiguous
O60894	L136H	0.5347	ambiguous
O60894	L136I	0.1492	benign
O60894	L136K	0.486	ambiguous
O60894	L136M	0.1288	benign
O60894	L136N	0.7482	pathogenic
O60894	L136P	0.523	ambiguous
O60894	L136Q	0.3024	benign
O60894	L136R	0.3182	benign
O60894	L136S	0.3477	ambiguous
O60894	L136T	0.2446	benign
O60894	L136V	0.0976	benign
O60894	L136W	0.2447	benign
O60894	L136Y	0.5622	ambiguous
O60894	V137A	0.2054	benign
O60894	V137C	0.8556	pathogenic
O60894	V137D	0.7501	pathogenic
O60894	V137E	0.6063	pathogenic
O60894	V137F	0.3403	ambiguous
O60894	V137G	0.301	benign
O60894	V137H	0.8026	pathogenic
O60894	V137I	0.1943	benign
O60894	V137K	0.6812	pathogenic
O60894	V137L	0.3483	ambiguous
O60894	V137M	0.2962	benign
O60894	V137N	0.7427	pathogenic
O60894	V137P	0.6881	pathogenic
O60894	V137Q	0.5226	ambiguous
O60894	V137R	0.5079	ambiguous
O60894	V137S	0.3991	ambiguous
O60894	V137T	0.3173	benign
O60894	V137W	0.8756	pathogenic
O60894	V137Y	0.8266	pathogenic
O60894	V138A	0.2146	benign
O60894	V138C	0.7367	pathogenic
O60894	V138D	0.6706	pathogenic
O60894	V138E	0.6031	pathogenic
O60894	V138F	0.2249	benign
O60894	V138G	0.2297	benign
O60894	V138H	0.7423	pathogenic
O60894	V138I	0.1332	benign
O60894	V138K	0.6749	pathogenic
O60894	V138L	0.2973	benign
O60894	V138M	0.3271	benign
O60894	V138N	0.6151	pathogenic
O60894	V138P	0.689	pathogenic
O60894	V138Q	0.526	ambiguous
O60894	V138R	0.467	ambiguous
O60894	V138S	0.3418	ambiguous
O60894	V138T	0.3718	ambiguous
O60894	V138W	0.794	pathogenic
O60894	V138Y	0.6843	pathogenic
O60894	W139A	0.4684	ambiguous
O60894	W139C	0.5097	ambiguous
O60894	W139D	0.8896	pathogenic
O60894	W139E	0.8056	pathogenic
O60894	W139F	0.2603	benign
O60894	W139G	0.2727	benign
O60894	W139H	0.6303	pathogenic
O60894	W139I	0.5668	pathogenic
O60894	W139K	0.7379	pathogenic
O60894	W139L	0.3243	benign
O60894	W139M	0.636	pathogenic
O60894	W139N	0.8488	pathogenic
O60894	W139P	0.8855	pathogenic
O60894	W139Q	0.6141	pathogenic
O60894	W139R	0.4993	ambiguous
O60894	W139S	0.3909	ambiguous
O60894	W139T	0.5457	ambiguous
O60894	W139V	0.4711	ambiguous
O60894	W139Y	0.4018	ambiguous
O60894	Q140A	0.247	benign
O60894	Q140C	0.38	ambiguous
O60894	Q140D	0.4797	ambiguous
O60894	Q140E	0.118	benign
O60894	Q140F	0.6465	pathogenic
O60894	Q140G	0.1731	benign
O60894	Q140H	0.1798	benign
O60894	Q140I	0.525	ambiguous
O60894	Q140K	0.088	benign
O60894	Q140L	0.1881	benign
O60894	Q140M	0.4767	ambiguous
O60894	Q140N	0.348	ambiguous
O60894	Q140P	0.1982	benign
O60894	Q140R	0.0551	benign
O60894	Q140S	0.2622	benign
O60894	Q140T	0.2538	benign
O60894	Q140V	0.3484	ambiguous
O60894	Q140W	0.2843	benign
O60894	Q140Y	0.3751	ambiguous
O60894	S141A	0.2158	benign
O60894	S141C	0.2376	benign
O60894	S141D	0.5175	ambiguous
O60894	S141E	0.6143	pathogenic
O60894	S141F	0.7078	pathogenic
O60894	S141G	0.096	benign
O60894	S141H	0.4661	ambiguous
O60894	S141I	0.5084	ambiguous
O60894	S141K	0.7283	pathogenic
O60894	S141L	0.4488	ambiguous
O60894	S141M	0.4947	ambiguous
O60894	S141N	0.2402	benign
O60894	S141P	0.5642	pathogenic
O60894	S141Q	0.5721	pathogenic
O60894	S141R	0.6171	pathogenic
O60894	S141T	0.1873	benign
O60894	S141V	0.5349	ambiguous
O60894	S141W	0.4761	ambiguous
O60894	S141Y	0.478	ambiguous
O60894	K142A	0.4968	ambiguous
O60894	K142C	0.7578	pathogenic
O60894	K142D	0.7456	pathogenic
O60894	K142E	0.3003	benign
O60894	K142F	0.8499	pathogenic
O60894	K142G	0.432	ambiguous
O60894	K142H	0.3795	ambiguous
O60894	K142I	0.6531	pathogenic
O60894	K142L	0.5053	ambiguous
O60894	K142M	0.4811	ambiguous
O60894	K142N	0.6563	pathogenic
O60894	K142P	0.5698	pathogenic
O60894	K142Q	0.153	benign
O60894	K142R	0.0757	benign
O60894	K142S	0.5282	ambiguous
O60894	K142T	0.3529	ambiguous
O60894	K142V	0.5572	ambiguous
O60894	K142W	0.6967	pathogenic
O60894	K142Y	0.7209	pathogenic
O60894	R143A	0.2049	benign
O60894	R143C	0.1175	benign
O60894	R143D	0.2907	benign
O60894	R143E	0.2324	benign
O60894	R143F	0.3277	benign
O60894	R143G	0.1195	benign
O60894	R143H	0.0769	benign
O60894	R143I	0.2447	benign
O60894	R143K	0.1435	benign
O60894	R143L	0.167	benign
O60894	R143M	0.3294	benign
O60894	R143N	0.2687	benign
O60894	R143P	0.1799	benign
O60894	R143Q	0.097	benign
O60894	R143S	0.2341	benign
O60894	R143T	0.1786	benign
O60894	R143V	0.2405	benign
O60894	R143W	0.1475	benign
O60894	R143Y	0.2006	benign
O60894	T144A	0.0718	benign
O60894	T144C	0.4073	ambiguous
O60894	T144D	0.2185	benign
O60894	T144E	0.1628	benign
O60894	T144F	0.2867	benign
O60894	T144G	0.1359	benign
O60894	T144H	0.1565	benign
O60894	T144I	0.2143	benign
O60894	T144K	0.0979	benign
O60894	T144L	0.1127	benign
O60894	T144M	0.1028	benign
O60894	T144N	0.1127	benign
O60894	T144P	0.0608	benign
O60894	T144Q	0.1132	benign
O60894	T144R	0.0695	benign
O60894	T144S	0.0945	benign
O60894	T144V	0.1641	benign
O60894	T144W	0.3448	ambiguous
O60894	T144Y	0.2662	benign
O60894	E145A	0.1451	benign
O60894	E145C	0.8452	pathogenic
O60894	E145D	0.2074	benign
O60894	E145F	0.8107	pathogenic
O60894	E145G	0.1476	benign
O60894	E145H	0.4347	ambiguous
O60894	E145I	0.5983	pathogenic
O60894	E145K	0.1344	benign
O60894	E145L	0.5184	ambiguous
O60894	E145M	0.5822	pathogenic
O60894	E145N	0.399	ambiguous
O60894	E145P	0.3841	ambiguous
O60894	E145Q	0.1209	benign
O60894	E145R	0.1598	benign
O60894	E145S	0.229	benign
O60894	E145T	0.2571	benign
O60894	E145V	0.3166	benign
O60894	E145W	0.8411	pathogenic
O60894	E145Y	0.6695	pathogenic
O60894	G146A	0.158	benign
O60894	G146C	0.363	ambiguous
O60894	G146D	0.1977	benign
O60894	G146E	0.2563	benign
O60894	G146F	0.6579	pathogenic
O60894	G146H	0.4279	ambiguous
O60894	G146I	0.3641	ambiguous
O60894	G146K	0.4929	ambiguous
O60894	G146L	0.5603	ambiguous
O60894	G146M	0.5615	ambiguous
O60894	G146N	0.3158	benign
O60894	G146P	0.6977	pathogenic
O60894	G146Q	0.4054	ambiguous
O60894	G146R	0.343	ambiguous
O60894	G146S	0.1343	benign
O60894	G146T	0.193	benign
O60894	G146V	0.2387	benign
O60894	G146W	0.3986	ambiguous
O60894	G146Y	0.4557	ambiguous
O60894	I147A	0.2927	benign
O60894	I147C	0.7391	pathogenic
O60894	I147D	0.6528	pathogenic
O60894	I147E	0.5692	pathogenic
O60894	I147F	0.1387	benign
O60894	I147G	0.5989	pathogenic
O60894	I147H	0.5477	ambiguous
O60894	I147K	0.5177	ambiguous
O60894	I147L	0.1426	benign
O60894	I147M	0.1115	benign
O60894	I147N	0.3703	ambiguous
O60894	I147P	0.4834	ambiguous
O60894	I147Q	0.5054	ambiguous
O60894	I147R	0.3229	benign
O60894	I147S	0.3363	benign
O60894	I147T	0.2255	benign
O60894	I147V	0.1244	benign
O60894	I147W	0.5735	pathogenic
O60894	I147Y	0.4776	ambiguous
O60894	V148A	0.3428	ambiguous
O60894	V148C	0.764	pathogenic
O60894	V148D	0.7311	pathogenic
O60894	V148E	0.6198	pathogenic
O60894	V148F	0.2291	benign
O60894	V148G	0.4489	ambiguous
O60894	V148H	0.8264	pathogenic
O60894	V148I	0.108	benign
O60894	V148K	0.6928	pathogenic
O60894	V148L	0.2123	benign
O60894	V148M	0.2513	benign
O60894	V148N	0.6936	pathogenic
O60894	V148P	0.4979	ambiguous
O60894	V148Q	0.5729	pathogenic
O60894	V148R	0.5437	ambiguous
O60894	V148S	0.4915	ambiguous
O60894	V148T	0.3741	ambiguous
O60894	V148W	0.8637	pathogenic
O60894	V148Y	0.7092	pathogenic
