Q7Z5A7	M1A	0.3784	ambiguous
Q7Z5A7	M1C	0.4513	ambiguous
Q7Z5A7	M1D	0.8916	pathogenic
Q7Z5A7	M1E	0.6754	pathogenic
Q7Z5A7	M1F	0.2441	benign
Q7Z5A7	M1G	0.6274	pathogenic
Q7Z5A7	M1H	0.6949	pathogenic
Q7Z5A7	M1I	0.4963	ambiguous
Q7Z5A7	M1K	0.5583	ambiguous
Q7Z5A7	M1L	0.1725	benign
Q7Z5A7	M1N	0.7364	pathogenic
Q7Z5A7	M1P	0.5939	pathogenic
Q7Z5A7	M1Q	0.3944	ambiguous
Q7Z5A7	M1R	0.4182	ambiguous
Q7Z5A7	M1S	0.5055	ambiguous
Q7Z5A7	M1T	0.455	ambiguous
Q7Z5A7	M1V	0.133	benign
Q7Z5A7	M1W	0.5424	ambiguous
Q7Z5A7	M1Y	0.5845	pathogenic
Q7Z5A7	A2C	0.3703	ambiguous
Q7Z5A7	A2D	0.1418	benign
Q7Z5A7	A2E	0.1584	benign
Q7Z5A7	A2F	0.1981	benign
Q7Z5A7	A2G	0.0896	benign
Q7Z5A7	A2H	0.2422	benign
Q7Z5A7	A2I	0.3128	benign
Q7Z5A7	A2K	0.2178	benign
Q7Z5A7	A2L	0.194	benign
Q7Z5A7	A2M	0.3503	ambiguous
Q7Z5A7	A2N	0.1624	benign
Q7Z5A7	A2P	0.0941	benign
Q7Z5A7	A2Q	0.1866	benign
Q7Z5A7	A2R	0.1614	benign
Q7Z5A7	A2S	0.0766	benign
Q7Z5A7	A2T	0.1161	benign
Q7Z5A7	A2V	0.1928	benign
Q7Z5A7	A2W	0.4724	ambiguous
Q7Z5A7	A2Y	0.2544	benign
Q7Z5A7	P3A	0.0531	benign
Q7Z5A7	P3C	0.2018	benign
Q7Z5A7	P3D	0.1327	benign
Q7Z5A7	P3E	0.1196	benign
Q7Z5A7	P3F	0.1635	benign
Q7Z5A7	P3G	0.1043	benign
Q7Z5A7	P3H	0.0895	benign
Q7Z5A7	P3I	0.1525	benign
Q7Z5A7	P3K	0.1232	benign
Q7Z5A7	P3L	0.1068	benign
Q7Z5A7	P3M	0.2482	benign
Q7Z5A7	P3N	0.1388	benign
Q7Z5A7	P3Q	0.0853	benign
Q7Z5A7	P3R	0.0632	benign
Q7Z5A7	P3S	0.059	benign
Q7Z5A7	P3T	0.0645	benign
Q7Z5A7	P3V	0.111	benign
Q7Z5A7	P3W	0.2449	benign
Q7Z5A7	P3Y	0.1537	benign
Q7Z5A7	S4A	0.0615	benign
Q7Z5A7	S4C	0.0922	benign
Q7Z5A7	S4D	0.1722	benign
Q7Z5A7	S4E	0.1692	benign
Q7Z5A7	S4F	0.0891	benign
Q7Z5A7	S4G	0.0806	benign
Q7Z5A7	S4H	0.1314	benign
Q7Z5A7	S4I	0.103	benign
Q7Z5A7	S4K	0.2126	benign
Q7Z5A7	S4L	0.0946	benign
Q7Z5A7	S4M	0.1853	benign
Q7Z5A7	S4N	0.1331	benign
Q7Z5A7	S4P	0.0681	benign
Q7Z5A7	S4Q	0.1716	benign
Q7Z5A7	S4R	0.159	benign
Q7Z5A7	S4T	0.0747	benign
Q7Z5A7	S4V	0.0895	benign
Q7Z5A7	S4W	0.1451	benign
Q7Z5A7	S4Y	0.0888	benign
Q7Z5A7	P5A	0.0593	benign
Q7Z5A7	P5C	0.1482	benign
Q7Z5A7	P5D	0.1249	benign
Q7Z5A7	P5E	0.0956	benign
Q7Z5A7	P5F	0.1252	benign
Q7Z5A7	P5G	0.0948	benign
Q7Z5A7	P5H	0.0724	benign
Q7Z5A7	P5I	0.1109	benign
Q7Z5A7	P5K	0.0916	benign
Q7Z5A7	P5L	0.0793	benign
Q7Z5A7	P5M	0.1762	benign
Q7Z5A7	P5N	0.1252	benign
Q7Z5A7	P5Q	0.0665	benign
Q7Z5A7	P5R	0.0525	benign
Q7Z5A7	P5S	0.0659	benign
Q7Z5A7	P5T	0.0645	benign
Q7Z5A7	P5V	0.0883	benign
Q7Z5A7	P5W	0.1585	benign
Q7Z5A7	P5Y	0.1227	benign
Q7Z5A7	R6A	0.1032	benign
Q7Z5A7	R6C	0.2308	benign
Q7Z5A7	R6D	0.1632	benign
Q7Z5A7	R6E	0.1138	benign
Q7Z5A7	R6F	0.2306	benign
Q7Z5A7	R6G	0.074	benign
Q7Z5A7	R6H	0.1182	benign
Q7Z5A7	R6I	0.1417	benign
Q7Z5A7	R6K	0.0776	benign
Q7Z5A7	R6L	0.1216	benign
Q7Z5A7	R6M	0.1804	benign
Q7Z5A7	R6N	0.1954	benign
Q7Z5A7	R6P	0.1041	benign
Q7Z5A7	R6Q	0.0873	benign
Q7Z5A7	R6S	0.1314	benign
Q7Z5A7	R6T	0.1005	benign
Q7Z5A7	R6V	0.1379	benign
Q7Z5A7	R6W	0.167	benign
Q7Z5A7	R6Y	0.2279	benign
Q7Z5A7	T7A	0.0596	benign
Q7Z5A7	T7C	0.1699	benign
Q7Z5A7	T7D	0.1093	benign
Q7Z5A7	T7E	0.0842	benign
Q7Z5A7	T7F	0.1005	benign
Q7Z5A7	T7G	0.0765	benign
Q7Z5A7	T7H	0.0782	benign
Q7Z5A7	T7I	0.0908	benign
Q7Z5A7	T7K	0.0571	benign
Q7Z5A7	T7L	0.0769	benign
Q7Z5A7	T7M	0.0966	benign
Q7Z5A7	T7N	0.0797	benign
Q7Z5A7	T7P	0.0595	benign
Q7Z5A7	T7Q	0.071	benign
Q7Z5A7	T7R	0.0429	benign
Q7Z5A7	T7S	0.0715	benign
Q7Z5A7	T7V	0.0876	benign
Q7Z5A7	T7W	0.1363	benign
Q7Z5A7	T7Y	0.098	benign
Q7Z5A7	G8A	0.0657	benign
Q7Z5A7	G8C	0.0877	benign
Q7Z5A7	G8D	0.0723	benign
Q7Z5A7	G8E	0.0904	benign
Q7Z5A7	G8F	0.1448	benign
Q7Z5A7	G8H	0.0999	benign
Q7Z5A7	G8I	0.0948	benign
Q7Z5A7	G8K	0.1149	benign
Q7Z5A7	G8L	0.1216	benign
Q7Z5A7	G8M	0.1789	benign
Q7Z5A7	G8N	0.0938	benign
Q7Z5A7	G8P	0.1158	benign
Q7Z5A7	G8Q	0.1054	benign
Q7Z5A7	G8R	0.0816	benign
Q7Z5A7	G8S	0.0648	benign
Q7Z5A7	G8T	0.0656	benign
Q7Z5A7	G8V	0.0789	benign
Q7Z5A7	G8W	0.1294	benign
Q7Z5A7	G8Y	0.1083	benign
Q7Z5A7	S9A	0.0727	benign
Q7Z5A7	S9C	0.0809	benign
Q7Z5A7	S9D	0.1006	benign
Q7Z5A7	S9E	0.1079	benign
Q7Z5A7	S9F	0.1042	benign
Q7Z5A7	S9G	0.0617	benign
Q7Z5A7	S9H	0.0836	benign
Q7Z5A7	S9I	0.0895	benign
Q7Z5A7	S9K	0.0993	benign
Q7Z5A7	S9L	0.1035	benign
Q7Z5A7	S9M	0.1608	benign
Q7Z5A7	S9N	0.0767	benign
Q7Z5A7	S9P	0.0718	benign
Q7Z5A7	S9Q	0.1021	benign
Q7Z5A7	S9R	0.0713	benign
Q7Z5A7	S9T	0.069	benign
Q7Z5A7	S9V	0.0961	benign
Q7Z5A7	S9W	0.1241	benign
Q7Z5A7	S9Y	0.084	benign
Q7Z5A7	R10A	0.1323	benign
Q7Z5A7	R10C	0.1941	benign
Q7Z5A7	R10D	0.1826	benign
Q7Z5A7	R10E	0.1256	benign
Q7Z5A7	R10F	0.2276	benign
Q7Z5A7	R10G	0.0796	benign
Q7Z5A7	R10H	0.1084	benign
Q7Z5A7	R10I	0.1602	benign
Q7Z5A7	R10K	0.0929	benign
Q7Z5A7	R10L	0.1275	benign
Q7Z5A7	R10M	0.2268	benign
Q7Z5A7	R10N	0.2313	benign
Q7Z5A7	R10P	0.1183	benign
Q7Z5A7	R10Q	0.0863	benign
Q7Z5A7	R10S	0.1475	benign
Q7Z5A7	R10T	0.1224	benign
Q7Z5A7	R10V	0.1644	benign
Q7Z5A7	R10W	0.14	benign
Q7Z5A7	R10Y	0.2106	benign
Q7Z5A7	Q11A	0.0903	benign
Q7Z5A7	Q11C	0.2774	benign
Q7Z5A7	Q11D	0.1148	benign
Q7Z5A7	Q11E	0.0588	benign
Q7Z5A7	Q11F	0.2987	benign
Q7Z5A7	Q11G	0.0768	benign
Q7Z5A7	Q11H	0.1002	benign
Q7Z5A7	Q11I	0.1929	benign
Q7Z5A7	Q11K	0.0493	benign
Q7Z5A7	Q11L	0.1026	benign
Q7Z5A7	Q11M	0.2019	benign
Q7Z5A7	Q11N	0.1204	benign
Q7Z5A7	Q11P	0.0659	benign
Q7Z5A7	Q11R	0.054	benign
Q7Z5A7	Q11S	0.0927	benign
Q7Z5A7	Q11T	0.0837	benign
Q7Z5A7	Q11V	0.1385	benign
Q7Z5A7	Q11W	0.1963	benign
Q7Z5A7	Q11Y	0.1916	benign
Q7Z5A7	D12A	0.0972	benign
Q7Z5A7	D12C	0.3425	ambiguous
Q7Z5A7	D12E	0.1	benign
Q7Z5A7	D12F	0.2762	benign
Q7Z5A7	D12G	0.0815	benign
Q7Z5A7	D12H	0.1268	benign
Q7Z5A7	D12I	0.214	benign
Q7Z5A7	D12K	0.1632	benign
Q7Z5A7	D12L	0.2196	benign
Q7Z5A7	D12M	0.3839	ambiguous
Q7Z5A7	D12N	0.0897	benign
Q7Z5A7	D12P	0.1942	benign
Q7Z5A7	D12Q	0.149	benign
Q7Z5A7	D12R	0.1374	benign
Q7Z5A7	D12S	0.1003	benign
Q7Z5A7	D12T	0.1295	benign
Q7Z5A7	D12V	0.1303	benign
Q7Z5A7	D12W	0.4775	ambiguous
Q7Z5A7	D12Y	0.1192	benign
Q7Z5A7	A13C	0.2062	benign
Q7Z5A7	A13D	0.0832	benign
Q7Z5A7	A13E	0.1017	benign
Q7Z5A7	A13F	0.1468	benign
Q7Z5A7	A13G	0.0716	benign
Q7Z5A7	A13H	0.146	benign
Q7Z5A7	A13I	0.1448	benign
Q7Z5A7	A13K	0.1278	benign
Q7Z5A7	A13L	0.1333	benign
Q7Z5A7	A13M	0.1798	benign
Q7Z5A7	A13N	0.1153	benign
Q7Z5A7	A13P	0.0902	benign
Q7Z5A7	A13Q	0.1263	benign
Q7Z5A7	A13R	0.1008	benign
Q7Z5A7	A13S	0.0749	benign
Q7Z5A7	A13T	0.0743	benign
Q7Z5A7	A13V	0.0945	benign
Q7Z5A7	A13W	0.2723	benign
Q7Z5A7	A13Y	0.1648	benign
Q7Z5A7	T14A	0.0526	benign
Q7Z5A7	T14C	0.1472	benign
Q7Z5A7	T14D	0.0933	benign
Q7Z5A7	T14E	0.0988	benign
Q7Z5A7	T14F	0.1031	benign
Q7Z5A7	T14G	0.0748	benign
Q7Z5A7	T14H	0.0815	benign
Q7Z5A7	T14I	0.0897	benign
Q7Z5A7	T14K	0.0763	benign
Q7Z5A7	T14L	0.0815	benign
Q7Z5A7	T14M	0.0933	benign
Q7Z5A7	T14N	0.0701	benign
Q7Z5A7	T14P	0.0611	benign
Q7Z5A7	T14Q	0.0883	benign
Q7Z5A7	T14R	0.0589	benign
Q7Z5A7	T14S	0.0651	benign
Q7Z5A7	T14V	0.0784	benign
Q7Z5A7	T14W	0.1717	benign
Q7Z5A7	T14Y	0.1016	benign
Q7Z5A7	A15C	0.1962	benign
Q7Z5A7	A15D	0.1006	benign
Q7Z5A7	A15E	0.1091	benign
Q7Z5A7	A15F	0.1251	benign
Q7Z5A7	A15G	0.0781	benign
Q7Z5A7	A15H	0.129	benign
Q7Z5A7	A15I	0.1186	benign
Q7Z5A7	A15K	0.1208	benign
Q7Z5A7	A15L	0.1031	benign
Q7Z5A7	A15M	0.1597	benign
Q7Z5A7	A15N	0.1157	benign
Q7Z5A7	A15P	0.074	benign
Q7Z5A7	A15Q	0.11	benign
Q7Z5A7	A15R	0.0882	benign
Q7Z5A7	A15S	0.0727	benign
Q7Z5A7	A15T	0.0705	benign
Q7Z5A7	A15V	0.0825	benign
Q7Z5A7	A15W	0.2431	benign
Q7Z5A7	A15Y	0.1493	benign
Q7Z5A7	L16A	0.0986	benign
Q7Z5A7	L16C	0.2146	benign
Q7Z5A7	L16D	0.3287	benign
Q7Z5A7	L16E	0.1752	benign
Q7Z5A7	L16F	0.0606	benign
Q7Z5A7	L16G	0.1439	benign
Q7Z5A7	L16H	0.1147	benign
Q7Z5A7	L16I	0.0813	benign
Q7Z5A7	L16K	0.1312	benign
Q7Z5A7	L16M	0.0988	benign
Q7Z5A7	L16N	0.2204	benign
Q7Z5A7	L16P	0.0781	benign
Q7Z5A7	L16Q	0.0941	benign
Q7Z5A7	L16R	0.0874	benign
Q7Z5A7	L16S	0.1111	benign
Q7Z5A7	L16T	0.1204	benign
Q7Z5A7	L16V	0.0689	benign
Q7Z5A7	L16W	0.0549	benign
Q7Z5A7	L16Y	0.1099	benign
Q7Z5A7	P17A	0.0867	benign
Q7Z5A7	P17C	0.3011	benign
Q7Z5A7	P17D	0.2786	benign
Q7Z5A7	P17E	0.2038	benign
Q7Z5A7	P17F	0.2826	benign
Q7Z5A7	P17G	0.1591	benign
Q7Z5A7	P17H	0.1244	benign
Q7Z5A7	P17I	0.2477	benign
Q7Z5A7	P17K	0.1816	benign
Q7Z5A7	P17L	0.1506	benign
Q7Z5A7	P17M	0.3584	ambiguous
Q7Z5A7	P17N	0.2426	benign
Q7Z5A7	P17Q	0.1186	benign
Q7Z5A7	P17R	0.0913	benign
Q7Z5A7	P17S	0.0995	benign
Q7Z5A7	P17T	0.1065	benign
Q7Z5A7	P17V	0.1801	benign
Q7Z5A7	P17W	0.3208	benign
Q7Z5A7	P17Y	0.2266	benign
Q7Z5A7	S18A	0.07	benign
Q7Z5A7	S18C	0.0993	benign
Q7Z5A7	S18D	0.1821	benign
Q7Z5A7	S18E	0.1915	benign
Q7Z5A7	S18F	0.1513	benign
Q7Z5A7	S18G	0.0596	benign
Q7Z5A7	S18H	0.1269	benign
Q7Z5A7	S18I	0.1373	benign
Q7Z5A7	S18K	0.1744	benign
Q7Z5A7	S18L	0.142	benign
Q7Z5A7	S18M	0.2146	benign
Q7Z5A7	S18N	0.1096	benign
Q7Z5A7	S18P	0.0832	benign
Q7Z5A7	S18Q	0.1645	benign
Q7Z5A7	S18R	0.1184	benign
Q7Z5A7	S18T	0.0725	benign
Q7Z5A7	S18V	0.1221	benign
Q7Z5A7	S18W	0.1719	benign
Q7Z5A7	S18Y	0.1183	benign
Q7Z5A7	M19A	0.1337	benign
Q7Z5A7	M19C	0.4396	ambiguous
Q7Z5A7	M19D	0.5937	pathogenic
Q7Z5A7	M19E	0.4168	ambiguous
Q7Z5A7	M19F	0.1696	benign
Q7Z5A7	M19G	0.2278	benign
Q7Z5A7	M19H	0.3434	ambiguous
Q7Z5A7	M19I	0.3601	ambiguous
Q7Z5A7	M19K	0.168	benign
Q7Z5A7	M19L	0.1296	benign
Q7Z5A7	M19N	0.4271	ambiguous
Q7Z5A7	M19P	0.1977	benign
Q7Z5A7	M19Q	0.1981	benign
Q7Z5A7	M19R	0.1387	benign
Q7Z5A7	M19S	0.1898	benign
Q7Z5A7	M19T	0.1379	benign
Q7Z5A7	M19V	0.0864	benign
Q7Z5A7	M19W	0.3499	ambiguous
Q7Z5A7	M19Y	0.3364	benign
Q7Z5A7	S20A	0.091	benign
Q7Z5A7	S20C	0.1708	benign
Q7Z5A7	S20D	0.4481	ambiguous
Q7Z5A7	S20E	0.506	ambiguous
Q7Z5A7	S20F	0.2851	benign
Q7Z5A7	S20G	0.1025	benign
Q7Z5A7	S20H	0.3267	benign
Q7Z5A7	S20I	0.3494	ambiguous
Q7Z5A7	S20K	0.5852	pathogenic
Q7Z5A7	S20L	0.2475	benign
Q7Z5A7	S20M	0.3808	ambiguous
Q7Z5A7	S20N	0.262	benign
Q7Z5A7	S20P	0.0923	benign
Q7Z5A7	S20Q	0.425	ambiguous
Q7Z5A7	S20R	0.512	ambiguous
Q7Z5A7	S20T	0.0986	benign
Q7Z5A7	S20V	0.2722	benign
Q7Z5A7	S20W	0.3408	ambiguous
Q7Z5A7	S20Y	0.236	benign
Q7Z5A7	S21A	0.0641	benign
Q7Z5A7	S21C	0.1135	benign
Q7Z5A7	S21D	0.4859	ambiguous
Q7Z5A7	S21E	0.4923	ambiguous
Q7Z5A7	S21F	0.1946	benign
Q7Z5A7	S21G	0.079	benign
Q7Z5A7	S21H	0.3336	benign
Q7Z5A7	S21I	0.2115	benign
Q7Z5A7	S21K	0.5671	pathogenic
Q7Z5A7	S21L	0.1497	benign
Q7Z5A7	S21M	0.2636	benign
Q7Z5A7	S21N	0.282	benign
Q7Z5A7	S21P	0.0823	benign
Q7Z5A7	S21Q	0.4258	ambiguous
Q7Z5A7	S21R	0.4869	ambiguous
Q7Z5A7	S21T	0.0813	benign
Q7Z5A7	S21V	0.1536	benign
Q7Z5A7	S21W	0.2355	benign
Q7Z5A7	S21Y	0.1752	benign
Q7Z5A7	T22A	0.0773	benign
Q7Z5A7	T22C	0.3107	benign
Q7Z5A7	T22D	0.4579	ambiguous
Q7Z5A7	T22E	0.4588	ambiguous
Q7Z5A7	T22F	0.1935	benign
Q7Z5A7	T22G	0.1327	benign
Q7Z5A7	T22H	0.23	benign
Q7Z5A7	T22I	0.2314	benign
Q7Z5A7	T22K	0.3037	benign
Q7Z5A7	T22L	0.1598	benign
Q7Z5A7	T22M	0.1708	benign
Q7Z5A7	T22N	0.2109	benign
Q7Z5A7	T22P	0.0919	benign
Q7Z5A7	T22Q	0.2933	benign
Q7Z5A7	T22R	0.2186	benign
Q7Z5A7	T22S	0.0846	benign
Q7Z5A7	T22V	0.1603	benign
Q7Z5A7	T22W	0.3488	ambiguous
Q7Z5A7	T22Y	0.2445	benign
Q7Z5A7	F23A	0.2656	benign
Q7Z5A7	F23C	0.222	benign
Q7Z5A7	F23D	0.8439	pathogenic
Q7Z5A7	F23E	0.8211	pathogenic
Q7Z5A7	F23G	0.4277	ambiguous
Q7Z5A7	F23H	0.6644	pathogenic
Q7Z5A7	F23I	0.1558	benign
Q7Z5A7	F23K	0.824	pathogenic
Q7Z5A7	F23L	0.5498	ambiguous
Q7Z5A7	F23M	0.4178	ambiguous
Q7Z5A7	F23N	0.6974	pathogenic
Q7Z5A7	F23P	0.6617	pathogenic
Q7Z5A7	F23Q	0.7247	pathogenic
Q7Z5A7	F23R	0.6701	pathogenic
Q7Z5A7	F23S	0.2966	benign
Q7Z5A7	F23T	0.3347	benign
Q7Z5A7	F23V	0.1255	benign
Q7Z5A7	F23W	0.3096	benign
Q7Z5A7	F23Y	0.2004	benign
Q7Z5A7	W24A	0.2783	benign
Q7Z5A7	W24C	0.4257	ambiguous
Q7Z5A7	W24D	0.9574	pathogenic
Q7Z5A7	W24E	0.9192	pathogenic
Q7Z5A7	W24F	0.1837	benign
Q7Z5A7	W24G	0.1919	benign
Q7Z5A7	W24H	0.8205	pathogenic
Q7Z5A7	W24I	0.3753	ambiguous
Q7Z5A7	W24K	0.9192	pathogenic
Q7Z5A7	W24L	0.188	benign
Q7Z5A7	W24M	0.491	ambiguous
Q7Z5A7	W24N	0.896	pathogenic
Q7Z5A7	W24P	0.6428	pathogenic
Q7Z5A7	W24Q	0.8324	pathogenic
Q7Z5A7	W24R	0.8127	pathogenic
Q7Z5A7	W24S	0.309	benign
Q7Z5A7	W24T	0.3042	benign
Q7Z5A7	W24V	0.2754	benign
Q7Z5A7	W24Y	0.3975	ambiguous
Q7Z5A7	A25C	0.3273	benign
Q7Z5A7	A25D	0.7051	pathogenic
Q7Z5A7	A25E	0.6889	pathogenic
Q7Z5A7	A25F	0.1976	benign
Q7Z5A7	A25G	0.0905	benign
Q7Z5A7	A25H	0.6813	pathogenic
Q7Z5A7	A25I	0.1513	benign
Q7Z5A7	A25K	0.8042	pathogenic
Q7Z5A7	A25L	0.1278	benign
Q7Z5A7	A25M	0.1895	benign
Q7Z5A7	A25N	0.5072	ambiguous
Q7Z5A7	A25P	0.3599	ambiguous
Q7Z5A7	A25Q	0.6338	pathogenic
Q7Z5A7	A25R	0.7238	pathogenic
Q7Z5A7	A25S	0.1303	benign
Q7Z5A7	A25T	0.11	benign
Q7Z5A7	A25V	0.09	benign
Q7Z5A7	A25W	0.5802	pathogenic
Q7Z5A7	A25Y	0.4299	ambiguous
Q7Z5A7	F26A	0.1085	benign
Q7Z5A7	F26C	0.1007	benign
Q7Z5A7	F26D	0.8333	pathogenic
Q7Z5A7	F26E	0.8228	pathogenic
Q7Z5A7	F26G	0.1779	benign
Q7Z5A7	F26H	0.7046	pathogenic
Q7Z5A7	F26I	0.0663	benign
Q7Z5A7	F26K	0.8618	pathogenic
Q7Z5A7	F26L	0.2111	benign
Q7Z5A7	F26M	0.1417	benign
Q7Z5A7	F26N	0.5643	pathogenic
Q7Z5A7	F26P	0.6548	pathogenic
Q7Z5A7	F26Q	0.7303	pathogenic
Q7Z5A7	F26R	0.7556	pathogenic
Q7Z5A7	F26S	0.1675	benign
Q7Z5A7	F26T	0.1692	benign
Q7Z5A7	F26V	0.0531	benign
Q7Z5A7	F26W	0.3139	benign
Q7Z5A7	F26Y	0.2516	benign
Q7Z5A7	M27A	0.1683	benign
Q7Z5A7	M27C	0.3719	ambiguous
Q7Z5A7	M27D	0.9363	pathogenic
Q7Z5A7	M27E	0.7964	pathogenic
Q7Z5A7	M27F	0.1973	benign
Q7Z5A7	M27G	0.2913	benign
Q7Z5A7	M27H	0.7422	pathogenic
Q7Z5A7	M27I	0.1745	benign
Q7Z5A7	M27K	0.6165	pathogenic
Q7Z5A7	M27L	0.0836	benign
Q7Z5A7	M27N	0.7242	pathogenic
Q7Z5A7	M27P	0.5795	pathogenic
Q7Z5A7	M27Q	0.5094	ambiguous
Q7Z5A7	M27R	0.6032	pathogenic
Q7Z5A7	M27S	0.2896	benign
Q7Z5A7	M27T	0.14	benign
Q7Z5A7	M27V	0.0696	benign
Q7Z5A7	M27W	0.485	ambiguous
Q7Z5A7	M27Y	0.6521	pathogenic
Q7Z5A7	I28A	0.335	benign
Q7Z5A7	I28C	0.5793	pathogenic
Q7Z5A7	I28D	0.9608	pathogenic
Q7Z5A7	I28E	0.9325	pathogenic
Q7Z5A7	I28F	0.1232	benign
Q7Z5A7	I28G	0.5264	ambiguous
Q7Z5A7	I28H	0.8553	pathogenic
Q7Z5A7	I28K	0.9105	pathogenic
Q7Z5A7	I28L	0.0663	benign
Q7Z5A7	I28M	0.1047	benign
Q7Z5A7	I28N	0.7091	pathogenic
Q7Z5A7	I28P	0.7756	pathogenic
Q7Z5A7	I28Q	0.8548	pathogenic
Q7Z5A7	I28R	0.8752	pathogenic
Q7Z5A7	I28S	0.494	ambiguous
Q7Z5A7	I28T	0.4671	ambiguous
Q7Z5A7	I28V	0.1151	benign
Q7Z5A7	I28W	0.7295	pathogenic
Q7Z5A7	I28Y	0.5915	pathogenic
Q7Z5A7	L29A	0.1441	benign
Q7Z5A7	L29C	0.3597	ambiguous
Q7Z5A7	L29D	0.9269	pathogenic
Q7Z5A7	L29E	0.7779	pathogenic
Q7Z5A7	L29F	0.0791	benign
Q7Z5A7	L29G	0.3218	benign
Q7Z5A7	L29H	0.6617	pathogenic
Q7Z5A7	L29I	0.087	benign
Q7Z5A7	L29K	0.8135	pathogenic
Q7Z5A7	L29M	0.1064	benign
Q7Z5A7	L29N	0.7512	pathogenic
Q7Z5A7	L29P	0.3624	ambiguous
Q7Z5A7	L29Q	0.575	pathogenic
Q7Z5A7	L29R	0.716	pathogenic
Q7Z5A7	L29S	0.2726	benign
Q7Z5A7	L29T	0.1675	benign
Q7Z5A7	L29V	0.0816	benign
Q7Z5A7	L29W	0.3119	benign
Q7Z5A7	L29Y	0.53	ambiguous
Q7Z5A7	A30C	0.2018	benign
Q7Z5A7	A30D	0.7169	pathogenic
Q7Z5A7	A30E	0.6963	pathogenic
Q7Z5A7	A30F	0.1386	benign
Q7Z5A7	A30G	0.0986	benign
Q7Z5A7	A30H	0.6259	pathogenic
Q7Z5A7	A30I	0.1232	benign
Q7Z5A7	A30K	0.8386	pathogenic
Q7Z5A7	A30L	0.1053	benign
Q7Z5A7	A30M	0.1477	benign
Q7Z5A7	A30N	0.4376	ambiguous
Q7Z5A7	A30P	0.3486	ambiguous
Q7Z5A7	A30Q	0.608	pathogenic
Q7Z5A7	A30R	0.7843	pathogenic
Q7Z5A7	A30S	0.0929	benign
Q7Z5A7	A30T	0.0741	benign
Q7Z5A7	A30V	0.0786	benign
Q7Z5A7	A30W	0.537	ambiguous
Q7Z5A7	A30Y	0.4276	ambiguous
Q7Z5A7	S31A	0.0648	benign
Q7Z5A7	S31C	0.0679	benign
Q7Z5A7	S31D	0.8335	pathogenic
Q7Z5A7	S31E	0.8813	pathogenic
Q7Z5A7	S31F	0.1811	benign
Q7Z5A7	S31G	0.0532	benign
Q7Z5A7	S31H	0.6906	pathogenic
Q7Z5A7	S31I	0.1323	benign
Q7Z5A7	S31K	0.9562	pathogenic
Q7Z5A7	S31L	0.1499	benign
Q7Z5A7	S31M	0.1839	benign
Q7Z5A7	S31N	0.4411	ambiguous
Q7Z5A7	S31P	0.3439	ambiguous
Q7Z5A7	S31Q	0.8167	pathogenic
Q7Z5A7	S31R	0.9381	pathogenic
Q7Z5A7	S31T	0.0824	benign
Q7Z5A7	S31V	0.107	benign
Q7Z5A7	S31W	0.3901	ambiguous
Q7Z5A7	S31Y	0.3818	ambiguous
Q7Z5A7	L32A	0.169	benign
Q7Z5A7	L32C	0.2824	benign
Q7Z5A7	L32D	0.9028	pathogenic
Q7Z5A7	L32E	0.7473	pathogenic
Q7Z5A7	L32F	0.0753	benign
Q7Z5A7	L32G	0.3075	benign
Q7Z5A7	L32H	0.5485	ambiguous
Q7Z5A7	L32I	0.0816	benign
Q7Z5A7	L32K	0.7619	pathogenic
Q7Z5A7	L32M	0.1035	benign
Q7Z5A7	L32N	0.6336	pathogenic
Q7Z5A7	L32P	0.5254	ambiguous
Q7Z5A7	L32Q	0.4712	ambiguous
Q7Z5A7	L32R	0.6363	pathogenic
Q7Z5A7	L32S	0.263	benign
Q7Z5A7	L32T	0.224	benign
Q7Z5A7	L32V	0.0732	benign
Q7Z5A7	L32W	0.2599	benign
Q7Z5A7	L32Y	0.3648	ambiguous
Q7Z5A7	L33A	0.1728	benign
Q7Z5A7	L33C	0.3456	ambiguous
Q7Z5A7	L33D	0.9059	pathogenic
Q7Z5A7	L33E	0.7084	pathogenic
Q7Z5A7	L33F	0.0976	benign
Q7Z5A7	L33G	0.3286	benign
Q7Z5A7	L33H	0.5833	pathogenic
Q7Z5A7	L33I	0.0998	benign
Q7Z5A7	L33K	0.7379	pathogenic
Q7Z5A7	L33M	0.1175	benign
Q7Z5A7	L33N	0.6818	pathogenic
Q7Z5A7	L33P	0.463	ambiguous
Q7Z5A7	L33Q	0.4205	ambiguous
Q7Z5A7	L33R	0.6419	pathogenic
Q7Z5A7	L33S	0.3042	benign
Q7Z5A7	L33T	0.2259	benign
Q7Z5A7	L33V	0.0877	benign
Q7Z5A7	L33W	0.3295	benign
Q7Z5A7	L33Y	0.5122	ambiguous
Q7Z5A7	I34A	0.1391	benign
Q7Z5A7	I34C	0.5069	ambiguous
Q7Z5A7	I34D	0.9269	pathogenic
Q7Z5A7	I34E	0.8724	pathogenic
Q7Z5A7	I34F	0.0927	benign
Q7Z5A7	I34G	0.409	ambiguous
Q7Z5A7	I34H	0.7997	pathogenic
Q7Z5A7	I34K	0.8569	pathogenic
Q7Z5A7	I34L	0.0682	benign
Q7Z5A7	I34M	0.0887	benign
Q7Z5A7	I34N	0.6823	pathogenic
Q7Z5A7	I34P	0.5037	ambiguous
Q7Z5A7	I34Q	0.7796	pathogenic
Q7Z5A7	I34R	0.7942	pathogenic
Q7Z5A7	I34S	0.3271	benign
Q7Z5A7	I34T	0.147	benign
Q7Z5A7	I34V	0.0761	benign
Q7Z5A7	I34W	0.5898	pathogenic
Q7Z5A7	I34Y	0.5668	pathogenic
Q7Z5A7	A35C	0.2301	benign
Q7Z5A7	A35D	0.6403	pathogenic
Q7Z5A7	A35E	0.6471	pathogenic
Q7Z5A7	A35F	0.1487	benign
Q7Z5A7	A35G	0.1154	benign
Q7Z5A7	A35H	0.5674	pathogenic
Q7Z5A7	A35I	0.1013	benign
Q7Z5A7	A35K	0.7611	pathogenic
Q7Z5A7	A35L	0.0962	benign
Q7Z5A7	A35M	0.1646	benign
Q7Z5A7	A35N	0.3949	ambiguous
Q7Z5A7	A35P	0.3132	benign
Q7Z5A7	A35Q	0.5661	pathogenic
Q7Z5A7	A35R	0.6672	pathogenic
Q7Z5A7	A35S	0.1075	benign
Q7Z5A7	A35T	0.0858	benign
Q7Z5A7	A35V	0.0744	benign
Q7Z5A7	A35W	0.4993	ambiguous
Q7Z5A7	A35Y	0.3384	benign
Q7Z5A7	Y36A	0.2625	benign
Q7Z5A7	Y36C	0.133	benign
Q7Z5A7	Y36D	0.4594	ambiguous
Q7Z5A7	Y36E	0.7179	pathogenic
Q7Z5A7	Y36F	0.0975	benign
Q7Z5A7	Y36G	0.1962	benign
Q7Z5A7	Y36H	0.2553	benign
Q7Z5A7	Y36I	0.4076	ambiguous
Q7Z5A7	Y36K	0.6938	pathogenic
Q7Z5A7	Y36L	0.3264	benign
Q7Z5A7	Y36M	0.557	ambiguous
Q7Z5A7	Y36N	0.2547	benign
Q7Z5A7	Y36P	0.6641	pathogenic
Q7Z5A7	Y36Q	0.5142	ambiguous
Q7Z5A7	Y36R	0.5056	ambiguous
Q7Z5A7	Y36S	0.1204	benign
Q7Z5A7	Y36T	0.2833	benign
Q7Z5A7	Y36V	0.2762	benign
Q7Z5A7	Y36W	0.2022	benign
Q7Z5A7	C37A	0.3153	benign
Q7Z5A7	C37D	0.7211	pathogenic
Q7Z5A7	C37E	0.812	pathogenic
Q7Z5A7	C37F	0.26	benign
Q7Z5A7	C37G	0.1125	benign
Q7Z5A7	C37H	0.7095	pathogenic
Q7Z5A7	C37I	0.641	pathogenic
Q7Z5A7	C37K	0.9106	pathogenic
Q7Z5A7	C37L	0.4687	ambiguous
Q7Z5A7	C37M	0.7144	pathogenic
Q7Z5A7	C37N	0.6209	pathogenic
Q7Z5A7	C37P	0.7586	pathogenic
Q7Z5A7	C37Q	0.6847	pathogenic
Q7Z5A7	C37R	0.7177	pathogenic
Q7Z5A7	C37S	0.2301	benign
Q7Z5A7	C37T	0.3968	ambiguous
Q7Z5A7	C37V	0.4575	ambiguous
Q7Z5A7	C37W	0.693	pathogenic
Q7Z5A7	C37Y	0.5591	ambiguous
Q7Z5A7	S38A	0.1569	benign
Q7Z5A7	S38C	0.1735	benign
Q7Z5A7	S38D	0.6014	pathogenic
Q7Z5A7	S38E	0.6395	pathogenic
Q7Z5A7	S38F	0.5289	ambiguous
Q7Z5A7	S38G	0.0505	benign
Q7Z5A7	S38H	0.4171	ambiguous
Q7Z5A7	S38I	0.4289	ambiguous
Q7Z5A7	S38K	0.7952	pathogenic
Q7Z5A7	S38L	0.4299	ambiguous
Q7Z5A7	S38M	0.505	ambiguous
Q7Z5A7	S38N	0.3243	benign
Q7Z5A7	S38P	0.5145	ambiguous
Q7Z5A7	S38Q	0.5323	ambiguous
Q7Z5A7	S38R	0.6945	pathogenic
Q7Z5A7	S38T	0.1549	benign
Q7Z5A7	S38V	0.3591	ambiguous
Q7Z5A7	S38W	0.54	ambiguous
Q7Z5A7	S38Y	0.4229	ambiguous
Q7Z5A7	Q39A	0.4528	ambiguous
Q7Z5A7	Q39C	0.9284	pathogenic
Q7Z5A7	Q39D	0.5897	pathogenic
Q7Z5A7	Q39E	0.1541	benign
Q7Z5A7	Q39F	0.8298	pathogenic
Q7Z5A7	Q39G	0.4764	ambiguous
Q7Z5A7	Q39H	0.4508	ambiguous
Q7Z5A7	Q39I	0.7063	pathogenic
Q7Z5A7	Q39K	0.3366	benign
Q7Z5A7	Q39L	0.4788	ambiguous
Q7Z5A7	Q39M	0.636	pathogenic
Q7Z5A7	Q39N	0.487	ambiguous
Q7Z5A7	Q39P	0.3125	benign
Q7Z5A7	Q39R	0.2852	benign
Q7Z5A7	Q39S	0.3547	ambiguous
Q7Z5A7	Q39T	0.4119	ambiguous
Q7Z5A7	Q39V	0.5025	ambiguous
Q7Z5A7	Q39W	0.8321	pathogenic
Q7Z5A7	Q39Y	0.7379	pathogenic
Q7Z5A7	L40A	0.7709	pathogenic
Q7Z5A7	L40C	0.9875	pathogenic
Q7Z5A7	L40D	0.9589	pathogenic
Q7Z5A7	L40E	0.8252	pathogenic
Q7Z5A7	L40F	0.7976	pathogenic
Q7Z5A7	L40G	0.8932	pathogenic
Q7Z5A7	L40H	0.9356	pathogenic
Q7Z5A7	L40I	0.3964	ambiguous
Q7Z5A7	L40K	0.7883	pathogenic
Q7Z5A7	L40M	0.4906	ambiguous
Q7Z5A7	L40N	0.9177	pathogenic
Q7Z5A7	L40P	0.7344	pathogenic
Q7Z5A7	L40Q	0.8169	pathogenic
Q7Z5A7	L40R	0.7591	pathogenic
Q7Z5A7	L40S	0.9513	pathogenic
Q7Z5A7	L40T	0.7773	pathogenic
Q7Z5A7	L40V	0.3781	ambiguous
Q7Z5A7	L40W	0.8987	pathogenic
Q7Z5A7	L40Y	0.9019	pathogenic
Q7Z5A7	A41C	0.7681	pathogenic
Q7Z5A7	A41D	0.3851	ambiguous
Q7Z5A7	A41E	0.2316	benign
Q7Z5A7	A41F	0.4682	ambiguous
Q7Z5A7	A41G	0.2239	benign
Q7Z5A7	A41H	0.4854	ambiguous
Q7Z5A7	A41I	0.3155	benign
Q7Z5A7	A41K	0.3836	ambiguous
Q7Z5A7	A41L	0.2439	benign
Q7Z5A7	A41M	0.3282	benign
Q7Z5A7	A41N	0.3967	ambiguous
Q7Z5A7	A41P	0.3041	benign
Q7Z5A7	A41Q	0.2562	benign
Q7Z5A7	A41R	0.3243	benign
Q7Z5A7	A41S	0.1188	benign
Q7Z5A7	A41T	0.1262	benign
Q7Z5A7	A41V	0.138	benign
Q7Z5A7	A41W	0.7731	pathogenic
Q7Z5A7	A41Y	0.5931	pathogenic
Q7Z5A7	A42C	0.9254	pathogenic
Q7Z5A7	A42D	0.7565	pathogenic
Q7Z5A7	A42E	0.5611	ambiguous
Q7Z5A7	A42F	0.661	pathogenic
Q7Z5A7	A42G	0.3759	ambiguous
Q7Z5A7	A42H	0.8314	pathogenic
Q7Z5A7	A42I	0.4811	ambiguous
Q7Z5A7	A42K	0.774	pathogenic
Q7Z5A7	A42L	0.4195	ambiguous
Q7Z5A7	A42M	0.4756	ambiguous
Q7Z5A7	A42N	0.6999	pathogenic
Q7Z5A7	A42P	0.3594	ambiguous
Q7Z5A7	A42Q	0.5717	pathogenic
Q7Z5A7	A42R	0.6477	pathogenic
Q7Z5A7	A42S	0.1752	benign
Q7Z5A7	A42T	0.2437	benign
Q7Z5A7	A42V	0.2121	benign
Q7Z5A7	A42W	0.9231	pathogenic
Q7Z5A7	A42Y	0.8338	pathogenic
Q7Z5A7	G43A	0.939	pathogenic
Q7Z5A7	G43C	0.9935	pathogenic
Q7Z5A7	G43D	0.9545	pathogenic
Q7Z5A7	G43E	0.9842	pathogenic
Q7Z5A7	G43F	0.9929	pathogenic
Q7Z5A7	G43H	0.9922	pathogenic
Q7Z5A7	G43I	0.9963	pathogenic
Q7Z5A7	G43K	0.9938	pathogenic
Q7Z5A7	G43L	0.9921	pathogenic
Q7Z5A7	G43M	0.9964	pathogenic
Q7Z5A7	G43N	0.9677	pathogenic
Q7Z5A7	G43P	0.9969	pathogenic
Q7Z5A7	G43Q	0.9888	pathogenic
Q7Z5A7	G43R	0.9832	pathogenic
Q7Z5A7	G43S	0.8799	pathogenic
Q7Z5A7	G43T	0.9764	pathogenic
Q7Z5A7	G43V	0.9897	pathogenic
Q7Z5A7	G43W	0.9913	pathogenic
Q7Z5A7	G43Y	0.9905	pathogenic
Q7Z5A7	T44A	0.2847	benign
Q7Z5A7	T44C	0.9423	pathogenic
Q7Z5A7	T44D	0.6863	pathogenic
Q7Z5A7	T44E	0.6114	pathogenic
Q7Z5A7	T44F	0.7349	pathogenic
Q7Z5A7	T44G	0.5224	ambiguous
Q7Z5A7	T44H	0.5223	ambiguous
Q7Z5A7	T44I	0.8313	pathogenic
Q7Z5A7	T44K	0.4868	ambiguous
Q7Z5A7	T44L	0.5674	pathogenic
Q7Z5A7	T44M	0.3206	benign
Q7Z5A7	T44N	0.3961	ambiguous
Q7Z5A7	T44P	0.8263	pathogenic
Q7Z5A7	T44Q	0.3914	ambiguous
Q7Z5A7	T44R	0.3875	ambiguous
Q7Z5A7	T44S	0.1891	benign
Q7Z5A7	T44V	0.644	pathogenic
Q7Z5A7	T44W	0.8995	pathogenic
Q7Z5A7	T44Y	0.7606	pathogenic
Q7Z5A7	C45A	0.9979	pathogenic
Q7Z5A7	C45D	0.9997	pathogenic
Q7Z5A7	C45E	0.9999	pathogenic
Q7Z5A7	C45F	0.9983	pathogenic
Q7Z5A7	C45G	0.9902	pathogenic
Q7Z5A7	C45H	0.9998	pathogenic
Q7Z5A7	C45I	0.9991	pathogenic
Q7Z5A7	C45K	0.9999	pathogenic
Q7Z5A7	C45L	0.9974	pathogenic
Q7Z5A7	C45M	0.9991	pathogenic
Q7Z5A7	C45N	0.9997	pathogenic
Q7Z5A7	C45P	0.9995	pathogenic
Q7Z5A7	C45Q	0.9999	pathogenic
Q7Z5A7	C45R	0.9983	pathogenic
Q7Z5A7	C45S	0.9988	pathogenic
Q7Z5A7	C45T	0.9989	pathogenic
Q7Z5A7	C45V	0.9964	pathogenic
Q7Z5A7	C45W	0.9974	pathogenic
Q7Z5A7	C45Y	0.999	pathogenic
Q7Z5A7	E46A	0.9104	pathogenic
Q7Z5A7	E46C	0.9987	pathogenic
Q7Z5A7	E46D	0.8993	pathogenic
Q7Z5A7	E46F	0.9973	pathogenic
Q7Z5A7	E46G	0.9643	pathogenic
Q7Z5A7	E46H	0.9653	pathogenic
Q7Z5A7	E46I	0.9796	pathogenic
Q7Z5A7	E46K	0.8451	pathogenic
Q7Z5A7	E46L	0.9867	pathogenic
Q7Z5A7	E46M	0.9801	pathogenic
Q7Z5A7	E46N	0.9745	pathogenic
Q7Z5A7	E46P	0.9986	pathogenic
Q7Z5A7	E46Q	0.5346	ambiguous
Q7Z5A7	E46R	0.8591	pathogenic
Q7Z5A7	E46S	0.9186	pathogenic
Q7Z5A7	E46T	0.9451	pathogenic
Q7Z5A7	E46V	0.9368	pathogenic
Q7Z5A7	E46W	0.9987	pathogenic
Q7Z5A7	E46Y	0.995	pathogenic
Q7Z5A7	I47A	0.9614	pathogenic
Q7Z5A7	I47C	0.9987	pathogenic
Q7Z5A7	I47D	0.9936	pathogenic
Q7Z5A7	I47E	0.981	pathogenic
Q7Z5A7	I47F	0.9167	pathogenic
Q7Z5A7	I47G	0.9933	pathogenic
Q7Z5A7	I47H	0.9957	pathogenic
Q7Z5A7	I47K	0.9759	pathogenic
Q7Z5A7	I47L	0.7903	pathogenic
Q7Z5A7	I47M	0.6977	pathogenic
Q7Z5A7	I47N	0.9642	pathogenic
Q7Z5A7	I47P	0.9808	pathogenic
Q7Z5A7	I47Q	0.9896	pathogenic
Q7Z5A7	I47R	0.9732	pathogenic
Q7Z5A7	I47S	0.9734	pathogenic
Q7Z5A7	I47T	0.8649	pathogenic
Q7Z5A7	I47V	0.173	benign
Q7Z5A7	I47W	0.9945	pathogenic
Q7Z5A7	I47Y	0.9841	pathogenic
Q7Z5A7	V48A	0.9315	pathogenic
Q7Z5A7	V48C	0.9963	pathogenic
Q7Z5A7	V48D	0.9806	pathogenic
Q7Z5A7	V48E	0.9355	pathogenic
Q7Z5A7	V48F	0.8198	pathogenic
Q7Z5A7	V48G	0.9455	pathogenic
Q7Z5A7	V48H	0.9838	pathogenic
Q7Z5A7	V48I	0.1443	benign
Q7Z5A7	V48K	0.9522	pathogenic
Q7Z5A7	V48L	0.8552	pathogenic
Q7Z5A7	V48M	0.7756	pathogenic
Q7Z5A7	V48N	0.9667	pathogenic
Q7Z5A7	V48P	0.991	pathogenic
Q7Z5A7	V48Q	0.9306	pathogenic
Q7Z5A7	V48R	0.915	pathogenic
Q7Z5A7	V48S	0.9339	pathogenic
Q7Z5A7	V48T	0.7599	pathogenic
Q7Z5A7	V48W	0.9948	pathogenic
Q7Z5A7	V48Y	0.977	pathogenic
Q7Z5A7	T49A	0.2014	benign
Q7Z5A7	T49C	0.9027	pathogenic
Q7Z5A7	T49D	0.6741	pathogenic
Q7Z5A7	T49E	0.6038	pathogenic
Q7Z5A7	T49F	0.5081	ambiguous
Q7Z5A7	T49G	0.5442	ambiguous
Q7Z5A7	T49H	0.4223	ambiguous
Q7Z5A7	T49I	0.6237	pathogenic
Q7Z5A7	T49K	0.4832	ambiguous
Q7Z5A7	T49L	0.2538	benign
Q7Z5A7	T49M	0.1266	benign
Q7Z5A7	T49N	0.27	benign
Q7Z5A7	T49P	0.8653	pathogenic
Q7Z5A7	T49Q	0.3688	ambiguous
Q7Z5A7	T49R	0.3689	ambiguous
Q7Z5A7	T49S	0.1946	benign
Q7Z5A7	T49V	0.4452	ambiguous
Q7Z5A7	T49W	0.8116	pathogenic
Q7Z5A7	T49Y	0.5768	pathogenic
Q7Z5A7	L50A	0.7119	pathogenic
Q7Z5A7	L50C	0.9802	pathogenic
Q7Z5A7	L50D	0.9821	pathogenic
Q7Z5A7	L50E	0.8261	pathogenic
Q7Z5A7	L50F	0.5631	ambiguous
Q7Z5A7	L50G	0.9477	pathogenic
Q7Z5A7	L50H	0.8732	pathogenic
Q7Z5A7	L50I	0.3085	benign
Q7Z5A7	L50K	0.7457	pathogenic
Q7Z5A7	L50M	0.2915	benign
Q7Z5A7	L50N	0.937	pathogenic
Q7Z5A7	L50P	0.9804	pathogenic
Q7Z5A7	L50Q	0.6707	pathogenic
Q7Z5A7	L50R	0.5819	pathogenic
Q7Z5A7	L50S	0.8795	pathogenic
Q7Z5A7	L50T	0.7288	pathogenic
Q7Z5A7	L50V	0.2756	benign
Q7Z5A7	L50W	0.7672	pathogenic
Q7Z5A7	L50Y	0.8019	pathogenic
Q7Z5A7	D51A	0.7856	pathogenic
Q7Z5A7	D51C	0.9921	pathogenic
Q7Z5A7	D51E	0.7796	pathogenic
Q7Z5A7	D51F	0.9471	pathogenic
Q7Z5A7	D51G	0.7643	pathogenic
Q7Z5A7	D51H	0.771	pathogenic
Q7Z5A7	D51I	0.9545	pathogenic
Q7Z5A7	D51K	0.9459	pathogenic
Q7Z5A7	D51L	0.9039	pathogenic
Q7Z5A7	D51M	0.9804	pathogenic
Q7Z5A7	D51N	0.3435	ambiguous
Q7Z5A7	D51P	0.9738	pathogenic
Q7Z5A7	D51Q	0.8665	pathogenic
Q7Z5A7	D51R	0.9006	pathogenic
Q7Z5A7	D51S	0.5471	ambiguous
Q7Z5A7	D51T	0.8605	pathogenic
Q7Z5A7	D51V	0.8714	pathogenic
Q7Z5A7	D51W	0.9818	pathogenic
Q7Z5A7	D51Y	0.7583	pathogenic
Q7Z5A7	R52A	0.8332	pathogenic
Q7Z5A7	R52C	0.9098	pathogenic
Q7Z5A7	R52D	0.9404	pathogenic
Q7Z5A7	R52E	0.6132	pathogenic
Q7Z5A7	R52F	0.9425	pathogenic
Q7Z5A7	R52G	0.756	pathogenic
Q7Z5A7	R52H	0.3167	benign
Q7Z5A7	R52I	0.798	pathogenic
Q7Z5A7	R52K	0.1122	benign
Q7Z5A7	R52L	0.7304	pathogenic
Q7Z5A7	R52M	0.755	pathogenic
Q7Z5A7	R52N	0.9048	pathogenic
Q7Z5A7	R52P	0.9549	pathogenic
Q7Z5A7	R52Q	0.2073	benign
Q7Z5A7	R52S	0.8681	pathogenic
Q7Z5A7	R52T	0.6318	pathogenic
Q7Z5A7	R52V	0.8103	pathogenic
Q7Z5A7	R52W	0.6106	pathogenic
Q7Z5A7	R52Y	0.8693	pathogenic
Q7Z5A7	D53A	0.9591	pathogenic
Q7Z5A7	D53C	0.9915	pathogenic
Q7Z5A7	D53E	0.9592	pathogenic
Q7Z5A7	D53F	0.9903	pathogenic
Q7Z5A7	D53G	0.9543	pathogenic
Q7Z5A7	D53H	0.9694	pathogenic
Q7Z5A7	D53I	0.9887	pathogenic
Q7Z5A7	D53K	0.9867	pathogenic
Q7Z5A7	D53L	0.9861	pathogenic
Q7Z5A7	D53M	0.9964	pathogenic
Q7Z5A7	D53N	0.8203	pathogenic
Q7Z5A7	D53P	0.9933	pathogenic
Q7Z5A7	D53Q	0.9848	pathogenic
Q7Z5A7	D53R	0.9829	pathogenic
Q7Z5A7	D53S	0.9092	pathogenic
Q7Z5A7	D53T	0.9681	pathogenic
Q7Z5A7	D53V	0.9569	pathogenic
Q7Z5A7	D53W	0.9976	pathogenic
Q7Z5A7	D53Y	0.9344	pathogenic
Q7Z5A7	S54A	0.2351	benign
Q7Z5A7	S54C	0.7936	pathogenic
Q7Z5A7	S54D	0.7205	pathogenic
Q7Z5A7	S54E	0.82	pathogenic
Q7Z5A7	S54F	0.7156	pathogenic
Q7Z5A7	S54G	0.2556	benign
Q7Z5A7	S54H	0.6683	pathogenic
Q7Z5A7	S54I	0.5516	ambiguous
Q7Z5A7	S54K	0.9151	pathogenic
Q7Z5A7	S54L	0.4711	ambiguous
Q7Z5A7	S54M	0.551	ambiguous
Q7Z5A7	S54N	0.4132	ambiguous
Q7Z5A7	S54P	0.7712	pathogenic
Q7Z5A7	S54Q	0.7671	pathogenic
Q7Z5A7	S54R	0.8449	pathogenic
Q7Z5A7	S54T	0.2057	benign
Q7Z5A7	S54V	0.5642	pathogenic
Q7Z5A7	S54W	0.7953	pathogenic
Q7Z5A7	S54Y	0.6646	pathogenic
Q7Z5A7	S55A	0.3434	ambiguous
Q7Z5A7	S55C	0.909	pathogenic
Q7Z5A7	S55D	0.8607	pathogenic
Q7Z5A7	S55E	0.9054	pathogenic
Q7Z5A7	S55F	0.851	pathogenic
Q7Z5A7	S55G	0.4219	ambiguous
Q7Z5A7	S55H	0.8012	pathogenic
Q7Z5A7	S55I	0.8298	pathogenic
Q7Z5A7	S55K	0.9658	pathogenic
Q7Z5A7	S55L	0.6318	pathogenic
Q7Z5A7	S55M	0.7765	pathogenic
Q7Z5A7	S55N	0.6694	pathogenic
Q7Z5A7	S55P	0.9341	pathogenic
Q7Z5A7	S55Q	0.8557	pathogenic
Q7Z5A7	S55R	0.9291	pathogenic
Q7Z5A7	S55T	0.2237	benign
Q7Z5A7	S55V	0.7707	pathogenic
Q7Z5A7	S55W	0.8806	pathogenic
Q7Z5A7	S55Y	0.8285	pathogenic
Q7Z5A7	Q56A	0.4558	ambiguous
Q7Z5A7	Q56C	0.9751	pathogenic
Q7Z5A7	Q56D	0.8379	pathogenic
Q7Z5A7	Q56E	0.2196	benign
Q7Z5A7	Q56F	0.7991	pathogenic
Q7Z5A7	Q56G	0.7172	pathogenic
Q7Z5A7	Q56H	0.5845	pathogenic
Q7Z5A7	Q56I	0.4524	ambiguous
Q7Z5A7	Q56K	0.3753	ambiguous
Q7Z5A7	Q56L	0.3207	benign
Q7Z5A7	Q56M	0.459	ambiguous
Q7Z5A7	Q56N	0.6033	pathogenic
Q7Z5A7	Q56P	0.6151	pathogenic
Q7Z5A7	Q56R	0.3694	ambiguous
Q7Z5A7	Q56S	0.4577	ambiguous
Q7Z5A7	Q56T	0.4601	ambiguous
Q7Z5A7	Q56V	0.2847	benign
Q7Z5A7	Q56W	0.8837	pathogenic
Q7Z5A7	Q56Y	0.8146	pathogenic
Q7Z5A7	P57A	0.7511	pathogenic
Q7Z5A7	P57C	0.9956	pathogenic
Q7Z5A7	P57D	0.962	pathogenic
Q7Z5A7	P57E	0.9331	pathogenic
Q7Z5A7	P57F	0.9841	pathogenic
Q7Z5A7	P57G	0.9122	pathogenic
Q7Z5A7	P57H	0.9057	pathogenic
Q7Z5A7	P57I	0.9658	pathogenic
Q7Z5A7	P57K	0.9475	pathogenic
Q7Z5A7	P57L	0.8515	pathogenic
Q7Z5A7	P57M	0.9638	pathogenic
Q7Z5A7	P57N	0.9293	pathogenic
Q7Z5A7	P57Q	0.8919	pathogenic
Q7Z5A7	P57R	0.8573	pathogenic
Q7Z5A7	P57S	0.8619	pathogenic
Q7Z5A7	P57T	0.8456	pathogenic
Q7Z5A7	P57V	0.917	pathogenic
Q7Z5A7	P57W	0.9889	pathogenic
Q7Z5A7	P57Y	0.9671	pathogenic
Q7Z5A7	R58A	0.8505	pathogenic
Q7Z5A7	R58C	0.8995	pathogenic
Q7Z5A7	R58D	0.9528	pathogenic
Q7Z5A7	R58E	0.804	pathogenic
Q7Z5A7	R58F	0.9083	pathogenic
Q7Z5A7	R58G	0.6681	pathogenic
Q7Z5A7	R58H	0.3166	benign
Q7Z5A7	R58I	0.8653	pathogenic
Q7Z5A7	R58K	0.2103	benign
Q7Z5A7	R58L	0.7203	pathogenic
Q7Z5A7	R58M	0.8483	pathogenic
Q7Z5A7	R58N	0.924	pathogenic
Q7Z5A7	R58P	0.8891	pathogenic
Q7Z5A7	R58Q	0.2791	benign
Q7Z5A7	R58S	0.8805	pathogenic
Q7Z5A7	R58T	0.8266	pathogenic
Q7Z5A7	R58V	0.8586	pathogenic
Q7Z5A7	R58W	0.5355	ambiguous
Q7Z5A7	R58Y	0.8124	pathogenic
Q7Z5A7	R59A	0.9381	pathogenic
Q7Z5A7	R59C	0.9484	pathogenic
Q7Z5A7	R59D	0.9806	pathogenic
Q7Z5A7	R59E	0.8577	pathogenic
Q7Z5A7	R59F	0.964	pathogenic
Q7Z5A7	R59G	0.8954	pathogenic
Q7Z5A7	R59H	0.5914	pathogenic
Q7Z5A7	R59I	0.8436	pathogenic
Q7Z5A7	R59K	0.4641	ambiguous
Q7Z5A7	R59L	0.7914	pathogenic
Q7Z5A7	R59M	0.8666	pathogenic
Q7Z5A7	R59N	0.9638	pathogenic
Q7Z5A7	R59P	0.9752	pathogenic
Q7Z5A7	R59Q	0.4813	ambiguous
Q7Z5A7	R59S	0.9596	pathogenic
Q7Z5A7	R59T	0.8136	pathogenic
Q7Z5A7	R59V	0.8646	pathogenic
Q7Z5A7	R59W	0.8015	pathogenic
Q7Z5A7	R59Y	0.9292	pathogenic
Q7Z5A7	T60A	0.5578	ambiguous
Q7Z5A7	T60C	0.9827	pathogenic
Q7Z5A7	T60D	0.8573	pathogenic
Q7Z5A7	T60E	0.7344	pathogenic
Q7Z5A7	T60F	0.8273	pathogenic
Q7Z5A7	T60G	0.7985	pathogenic
Q7Z5A7	T60H	0.7413	pathogenic
Q7Z5A7	T60I	0.8283	pathogenic
Q7Z5A7	T60K	0.7568	pathogenic
Q7Z5A7	T60L	0.6192	pathogenic
Q7Z5A7	T60M	0.357	ambiguous
Q7Z5A7	T60N	0.5661	pathogenic
Q7Z5A7	T60P	0.803	pathogenic
Q7Z5A7	T60Q	0.6708	pathogenic
Q7Z5A7	T60R	0.7074	pathogenic
Q7Z5A7	T60S	0.4648	ambiguous
Q7Z5A7	T60V	0.6339	pathogenic
Q7Z5A7	T60W	0.9507	pathogenic
Q7Z5A7	T60Y	0.8819	pathogenic
Q7Z5A7	I61A	0.9016	pathogenic
Q7Z5A7	I61C	0.9979	pathogenic
Q7Z5A7	I61D	0.996	pathogenic
Q7Z5A7	I61E	0.9681	pathogenic
Q7Z5A7	I61F	0.8013	pathogenic
Q7Z5A7	I61G	0.9924	pathogenic
Q7Z5A7	I61H	0.9886	pathogenic
Q7Z5A7	I61K	0.9701	pathogenic
Q7Z5A7	I61L	0.6455	pathogenic
Q7Z5A7	I61M	0.5762	pathogenic
Q7Z5A7	I61N	0.9741	pathogenic
Q7Z5A7	I61P	0.9818	pathogenic
Q7Z5A7	I61Q	0.975	pathogenic
Q7Z5A7	I61R	0.9469	pathogenic
Q7Z5A7	I61S	0.9317	pathogenic
Q7Z5A7	I61T	0.8255	pathogenic
Q7Z5A7	I61V	0.1191	benign
Q7Z5A7	I61W	0.9886	pathogenic
Q7Z5A7	I61Y	0.9706	pathogenic
Q7Z5A7	A62C	0.977	pathogenic
Q7Z5A7	A62D	0.9728	pathogenic
Q7Z5A7	A62E	0.9331	pathogenic
Q7Z5A7	A62F	0.8303	pathogenic
Q7Z5A7	A62G	0.8302	pathogenic
Q7Z5A7	A62H	0.9113	pathogenic
Q7Z5A7	A62I	0.931	pathogenic
Q7Z5A7	A62K	0.9736	pathogenic
Q7Z5A7	A62L	0.7119	pathogenic
Q7Z5A7	A62M	0.8875	pathogenic
Q7Z5A7	A62N	0.9133	pathogenic
Q7Z5A7	A62P	0.9802	pathogenic
Q7Z5A7	A62Q	0.804	pathogenic
Q7Z5A7	A62R	0.78	pathogenic
Q7Z5A7	A62S	0.3854	ambiguous
Q7Z5A7	A62T	0.7514	pathogenic
Q7Z5A7	A62V	0.8447	pathogenic
Q7Z5A7	A62W	0.9659	pathogenic
Q7Z5A7	A62Y	0.9056	pathogenic
Q7Z5A7	R63A	0.9809	pathogenic
Q7Z5A7	R63C	0.9699	pathogenic
Q7Z5A7	R63D	0.9945	pathogenic
Q7Z5A7	R63E	0.9326	pathogenic
Q7Z5A7	R63F	0.9748	pathogenic
Q7Z5A7	R63G	0.9687	pathogenic
Q7Z5A7	R63H	0.5232	ambiguous
Q7Z5A7	R63I	0.9661	pathogenic
Q7Z5A7	R63K	0.6396	pathogenic
Q7Z5A7	R63L	0.913	pathogenic
Q7Z5A7	R63M	0.9707	pathogenic
Q7Z5A7	R63N	0.986	pathogenic
Q7Z5A7	R63P	0.9966	pathogenic
Q7Z5A7	R63Q	0.5827	pathogenic
Q7Z5A7	R63S	0.9725	pathogenic
Q7Z5A7	R63T	0.9531	pathogenic
Q7Z5A7	R63V	0.9586	pathogenic
Q7Z5A7	R63W	0.7968	pathogenic
Q7Z5A7	R63Y	0.9467	pathogenic
Q7Z5A7	Q64A	0.9187	pathogenic
Q7Z5A7	Q64C	0.9994	pathogenic
Q7Z5A7	Q64D	0.9962	pathogenic
Q7Z5A7	Q64E	0.7046	pathogenic
Q7Z5A7	Q64F	0.9957	pathogenic
Q7Z5A7	Q64G	0.9539	pathogenic
Q7Z5A7	Q64H	0.9948	pathogenic
Q7Z5A7	Q64I	0.9733	pathogenic
Q7Z5A7	Q64K	0.9442	pathogenic
Q7Z5A7	Q64L	0.9079	pathogenic
Q7Z5A7	Q64M	0.8845	pathogenic
Q7Z5A7	Q64N	0.978	pathogenic
Q7Z5A7	Q64P	0.995	pathogenic
Q7Z5A7	Q64R	0.957	pathogenic
Q7Z5A7	Q64S	0.9352	pathogenic
Q7Z5A7	Q64T	0.9069	pathogenic
Q7Z5A7	Q64V	0.9418	pathogenic
Q7Z5A7	Q64W	0.9979	pathogenic
Q7Z5A7	Q64Y	0.9968	pathogenic
Q7Z5A7	T65A	0.9625	pathogenic
Q7Z5A7	T65C	0.9995	pathogenic
Q7Z5A7	T65D	0.9878	pathogenic
Q7Z5A7	T65E	0.9685	pathogenic
Q7Z5A7	T65F	0.9871	pathogenic
Q7Z5A7	T65G	0.9802	pathogenic
Q7Z5A7	T65H	0.9665	pathogenic
Q7Z5A7	T65I	0.9822	pathogenic
Q7Z5A7	T65K	0.9424	pathogenic
Q7Z5A7	T65L	0.9546	pathogenic
Q7Z5A7	T65M	0.8757	pathogenic
Q7Z5A7	T65N	0.964	pathogenic
Q7Z5A7	T65P	0.9776	pathogenic
Q7Z5A7	T65Q	0.954	pathogenic
Q7Z5A7	T65R	0.9403	pathogenic
Q7Z5A7	T65S	0.9311	pathogenic
Q7Z5A7	T65V	0.9396	pathogenic
Q7Z5A7	T65W	0.9928	pathogenic
Q7Z5A7	T65Y	0.9853	pathogenic
Q7Z5A7	A66C	0.9837	pathogenic
Q7Z5A7	A66D	0.9984	pathogenic
Q7Z5A7	A66E	0.9933	pathogenic
Q7Z5A7	A66F	0.9652	pathogenic
Q7Z5A7	A66G	0.8913	pathogenic
Q7Z5A7	A66H	0.9955	pathogenic
Q7Z5A7	A66I	0.9126	pathogenic
Q7Z5A7	A66K	0.9979	pathogenic
Q7Z5A7	A66L	0.8458	pathogenic
Q7Z5A7	A66M	0.9489	pathogenic
Q7Z5A7	A66N	0.9953	pathogenic
Q7Z5A7	A66P	0.9932	pathogenic
Q7Z5A7	A66Q	0.9843	pathogenic
Q7Z5A7	A66R	0.9769	pathogenic
Q7Z5A7	A66S	0.6663	pathogenic
Q7Z5A7	A66T	0.8841	pathogenic
Q7Z5A7	A66V	0.6972	pathogenic
Q7Z5A7	A66W	0.9954	pathogenic
Q7Z5A7	A66Y	0.9887	pathogenic
Q7Z5A7	R67A	0.9858	pathogenic
Q7Z5A7	R67C	0.9828	pathogenic
Q7Z5A7	R67D	0.9979	pathogenic
Q7Z5A7	R67E	0.9758	pathogenic
Q7Z5A7	R67F	0.9892	pathogenic
Q7Z5A7	R67G	0.9876	pathogenic
Q7Z5A7	R67H	0.8333	pathogenic
Q7Z5A7	R67I	0.9626	pathogenic
Q7Z5A7	R67K	0.7315	pathogenic
Q7Z5A7	R67L	0.923	pathogenic
Q7Z5A7	R67M	0.9851	pathogenic
Q7Z5A7	R67N	0.9961	pathogenic
Q7Z5A7	R67P	0.9973	pathogenic
Q7Z5A7	R67Q	0.7809	pathogenic
Q7Z5A7	R67S	0.9902	pathogenic
Q7Z5A7	R67T	0.9837	pathogenic
Q7Z5A7	R67V	0.9608	pathogenic
Q7Z5A7	R67W	0.9225	pathogenic
Q7Z5A7	R67Y	0.9784	pathogenic
Q7Z5A7	C68A	0.9982	pathogenic
Q7Z5A7	C68D	0.9997	pathogenic
Q7Z5A7	C68E	0.9998	pathogenic
Q7Z5A7	C68F	0.9974	pathogenic
Q7Z5A7	C68G	0.9895	pathogenic
Q7Z5A7	C68H	0.9997	pathogenic
Q7Z5A7	C68I	0.9987	pathogenic
Q7Z5A7	C68K	0.9999	pathogenic
Q7Z5A7	C68L	0.9959	pathogenic
Q7Z5A7	C68M	0.9991	pathogenic
Q7Z5A7	C68N	0.9996	pathogenic
Q7Z5A7	C68P	0.9996	pathogenic
Q7Z5A7	C68Q	0.9999	pathogenic
Q7Z5A7	C68R	0.9985	pathogenic
Q7Z5A7	C68S	0.9993	pathogenic
Q7Z5A7	C68T	0.9994	pathogenic
Q7Z5A7	C68V	0.9964	pathogenic
Q7Z5A7	C68W	0.9984	pathogenic
Q7Z5A7	C68Y	0.9985	pathogenic
Q7Z5A7	A69C	0.9857	pathogenic
Q7Z5A7	A69D	0.9784	pathogenic
Q7Z5A7	A69E	0.9753	pathogenic
Q7Z5A7	A69F	0.9202	pathogenic
Q7Z5A7	A69G	0.8237	pathogenic
Q7Z5A7	A69H	0.9522	pathogenic
Q7Z5A7	A69I	0.9741	pathogenic
Q7Z5A7	A69K	0.9889	pathogenic
Q7Z5A7	A69L	0.857	pathogenic
Q7Z5A7	A69M	0.9633	pathogenic
Q7Z5A7	A69N	0.9404	pathogenic
Q7Z5A7	A69P	0.9696	pathogenic
Q7Z5A7	A69Q	0.9346	pathogenic
Q7Z5A7	A69R	0.9035	pathogenic
Q7Z5A7	A69S	0.3722	ambiguous
Q7Z5A7	A69T	0.9016	pathogenic
Q7Z5A7	A69V	0.9379	pathogenic
Q7Z5A7	A69W	0.9844	pathogenic
Q7Z5A7	A69Y	0.9528	pathogenic
Q7Z5A7	C70A	0.9979	pathogenic
Q7Z5A7	C70D	0.9997	pathogenic
Q7Z5A7	C70E	0.9999	pathogenic
Q7Z5A7	C70F	0.9965	pathogenic
Q7Z5A7	C70G	0.9889	pathogenic
Q7Z5A7	C70H	0.9997	pathogenic
Q7Z5A7	C70I	0.9989	pathogenic
Q7Z5A7	C70K	0.9999	pathogenic
Q7Z5A7	C70L	0.9954	pathogenic
Q7Z5A7	C70M	0.999	pathogenic
Q7Z5A7	C70N	0.9996	pathogenic
Q7Z5A7	C70P	0.9991	pathogenic
Q7Z5A7	C70Q	0.9999	pathogenic
Q7Z5A7	C70R	0.9982	pathogenic
Q7Z5A7	C70S	0.9988	pathogenic
Q7Z5A7	C70T	0.9994	pathogenic
Q7Z5A7	C70V	0.9961	pathogenic
Q7Z5A7	C70W	0.9981	pathogenic
Q7Z5A7	C70Y	0.9987	pathogenic
Q7Z5A7	R71A	0.7126	pathogenic
Q7Z5A7	R71C	0.7901	pathogenic
Q7Z5A7	R71D	0.93	pathogenic
Q7Z5A7	R71E	0.6006	pathogenic
Q7Z5A7	R71F	0.848	pathogenic
Q7Z5A7	R71G	0.5321	ambiguous
Q7Z5A7	R71H	0.2678	benign
Q7Z5A7	R71I	0.6418	pathogenic
Q7Z5A7	R71K	0.0704	benign
Q7Z5A7	R71L	0.4781	ambiguous
Q7Z5A7	R71M	0.5562	ambiguous
Q7Z5A7	R71N	0.8609	pathogenic
Q7Z5A7	R71P	0.861	pathogenic
Q7Z5A7	R71Q	0.1775	benign
Q7Z5A7	R71S	0.7909	pathogenic
Q7Z5A7	R71T	0.6081	pathogenic
Q7Z5A7	R71V	0.6688	pathogenic
Q7Z5A7	R71W	0.4513	ambiguous
Q7Z5A7	R71Y	0.7499	pathogenic
Q7Z5A7	K72A	0.7036	pathogenic
Q7Z5A7	K72C	0.9768	pathogenic
Q7Z5A7	K72D	0.878	pathogenic
Q7Z5A7	K72E	0.5207	ambiguous
Q7Z5A7	K72F	0.9649	pathogenic
Q7Z5A7	K72G	0.8058	pathogenic
Q7Z5A7	K72H	0.5671	pathogenic
Q7Z5A7	K72I	0.8222	pathogenic
Q7Z5A7	K72L	0.7546	pathogenic
Q7Z5A7	K72M	0.7131	pathogenic
Q7Z5A7	K72N	0.8358	pathogenic
Q7Z5A7	K72P	0.5958	pathogenic
Q7Z5A7	K72Q	0.3052	benign
Q7Z5A7	K72R	0.0904	benign
Q7Z5A7	K72S	0.7818	pathogenic
Q7Z5A7	K72T	0.5902	pathogenic
Q7Z5A7	K72V	0.7771	pathogenic
Q7Z5A7	K72W	0.9161	pathogenic
Q7Z5A7	K72Y	0.8951	pathogenic
Q7Z5A7	G73A	0.8961	pathogenic
Q7Z5A7	G73C	0.9895	pathogenic
Q7Z5A7	G73D	0.7384	pathogenic
Q7Z5A7	G73E	0.8998	pathogenic
Q7Z5A7	G73F	0.9796	pathogenic
Q7Z5A7	G73H	0.9543	pathogenic
Q7Z5A7	G73I	0.9906	pathogenic
Q7Z5A7	G73K	0.9774	pathogenic
Q7Z5A7	G73L	0.9774	pathogenic
Q7Z5A7	G73M	0.9852	pathogenic
Q7Z5A7	G73N	0.7697	pathogenic
Q7Z5A7	G73P	0.9967	pathogenic
Q7Z5A7	G73Q	0.9555	pathogenic
Q7Z5A7	G73R	0.9608	pathogenic
Q7Z5A7	G73S	0.6747	pathogenic
Q7Z5A7	G73T	0.9274	pathogenic
Q7Z5A7	G73V	0.9785	pathogenic
Q7Z5A7	G73W	0.9601	pathogenic
Q7Z5A7	G73Y	0.9603	pathogenic
Q7Z5A7	Q74A	0.8171	pathogenic
Q7Z5A7	Q74C	0.9931	pathogenic
Q7Z5A7	Q74D	0.9296	pathogenic
Q7Z5A7	Q74E	0.2299	benign
Q7Z5A7	Q74F	0.9541	pathogenic
Q7Z5A7	Q74G	0.8961	pathogenic
Q7Z5A7	Q74H	0.8283	pathogenic
Q7Z5A7	Q74I	0.9476	pathogenic
Q7Z5A7	Q74K	0.4027	ambiguous
Q7Z5A7	Q74L	0.6697	pathogenic
Q7Z5A7	Q74M	0.6972	pathogenic
Q7Z5A7	Q74N	0.8423	pathogenic
Q7Z5A7	Q74P	0.9874	pathogenic
Q7Z5A7	Q74R	0.4394	ambiguous
Q7Z5A7	Q74S	0.8334	pathogenic
Q7Z5A7	Q74T	0.8536	pathogenic
Q7Z5A7	Q74V	0.8715	pathogenic
Q7Z5A7	Q74W	0.9591	pathogenic
Q7Z5A7	Q74Y	0.9378	pathogenic
Q7Z5A7	I75A	0.9012	pathogenic
Q7Z5A7	I75C	0.9974	pathogenic
Q7Z5A7	I75D	0.9966	pathogenic
Q7Z5A7	I75E	0.9829	pathogenic
Q7Z5A7	I75F	0.731	pathogenic
Q7Z5A7	I75G	0.9894	pathogenic
Q7Z5A7	I75H	0.9907	pathogenic
Q7Z5A7	I75K	0.97	pathogenic
Q7Z5A7	I75L	0.5084	ambiguous
Q7Z5A7	I75M	0.4166	ambiguous
Q7Z5A7	I75N	0.976	pathogenic
Q7Z5A7	I75P	0.9937	pathogenic
Q7Z5A7	I75Q	0.9778	pathogenic
Q7Z5A7	I75R	0.9489	pathogenic
Q7Z5A7	I75S	0.9602	pathogenic
Q7Z5A7	I75T	0.8441	pathogenic
Q7Z5A7	I75V	0.2972	benign
Q7Z5A7	I75W	0.9807	pathogenic
Q7Z5A7	I75Y	0.9514	pathogenic
Q7Z5A7	A76C	0.9917	pathogenic
Q7Z5A7	A76D	0.9987	pathogenic
Q7Z5A7	A76E	0.9958	pathogenic
Q7Z5A7	A76F	0.9817	pathogenic
Q7Z5A7	A76G	0.9584	pathogenic
Q7Z5A7	A76H	0.9971	pathogenic
Q7Z5A7	A76I	0.9904	pathogenic
Q7Z5A7	A76K	0.9981	pathogenic
Q7Z5A7	A76L	0.9349	pathogenic
Q7Z5A7	A76M	0.9882	pathogenic
Q7Z5A7	A76N	0.998	pathogenic
Q7Z5A7	A76P	0.9516	pathogenic
Q7Z5A7	A76Q	0.9916	pathogenic
Q7Z5A7	A76R	0.9754	pathogenic
Q7Z5A7	A76S	0.8682	pathogenic
Q7Z5A7	A76T	0.9842	pathogenic
Q7Z5A7	A76V	0.9842	pathogenic
Q7Z5A7	A76W	0.9937	pathogenic
Q7Z5A7	A76Y	0.9926	pathogenic
Q7Z5A7	G77A	0.9691	pathogenic
Q7Z5A7	G77C	0.9984	pathogenic
Q7Z5A7	G77D	0.9986	pathogenic
Q7Z5A7	G77E	0.9988	pathogenic
Q7Z5A7	G77F	0.9988	pathogenic
Q7Z5A7	G77H	0.9997	pathogenic
Q7Z5A7	G77I	0.9985	pathogenic
Q7Z5A7	G77K	0.9993	pathogenic
Q7Z5A7	G77L	0.9976	pathogenic
Q7Z5A7	G77M	0.999	pathogenic
Q7Z5A7	G77N	0.9995	pathogenic
Q7Z5A7	G77P	0.9996	pathogenic
Q7Z5A7	G77Q	0.9991	pathogenic
Q7Z5A7	G77R	0.9972	pathogenic
Q7Z5A7	G77S	0.9878	pathogenic
Q7Z5A7	G77T	0.9962	pathogenic
Q7Z5A7	G77V	0.9949	pathogenic
Q7Z5A7	G77W	0.9986	pathogenic
Q7Z5A7	G77Y	0.9992	pathogenic
Q7Z5A7	T78A	0.9541	pathogenic
Q7Z5A7	T78C	0.9983	pathogenic
Q7Z5A7	T78D	0.9885	pathogenic
Q7Z5A7	T78E	0.9823	pathogenic
Q7Z5A7	T78F	0.9751	pathogenic
Q7Z5A7	T78G	0.9767	pathogenic
Q7Z5A7	T78H	0.9811	pathogenic
Q7Z5A7	T78I	0.98	pathogenic
Q7Z5A7	T78K	0.97	pathogenic
Q7Z5A7	T78L	0.9348	pathogenic
Q7Z5A7	T78M	0.8481	pathogenic
Q7Z5A7	T78N	0.9702	pathogenic
Q7Z5A7	T78P	0.9433	pathogenic
Q7Z5A7	T78Q	0.98	pathogenic
Q7Z5A7	T78R	0.9709	pathogenic
Q7Z5A7	T78S	0.9435	pathogenic
Q7Z5A7	T78V	0.9336	pathogenic
Q7Z5A7	T78W	0.9938	pathogenic
Q7Z5A7	T78Y	0.9889	pathogenic
Q7Z5A7	T79A	0.5408	ambiguous
Q7Z5A7	T79C	0.9889	pathogenic
Q7Z5A7	T79D	0.9046	pathogenic
Q7Z5A7	T79E	0.8502	pathogenic
Q7Z5A7	T79F	0.9044	pathogenic
Q7Z5A7	T79G	0.8559	pathogenic
Q7Z5A7	T79H	0.8672	pathogenic
Q7Z5A7	T79I	0.845	pathogenic
Q7Z5A7	T79K	0.775	pathogenic
Q7Z5A7	T79L	0.5802	pathogenic
Q7Z5A7	T79M	0.4707	ambiguous
Q7Z5A7	T79N	0.7674	pathogenic
Q7Z5A7	T79P	0.9006	pathogenic
Q7Z5A7	T79Q	0.73	pathogenic
Q7Z5A7	T79R	0.6549	pathogenic
Q7Z5A7	T79S	0.496	ambiguous
Q7Z5A7	T79V	0.615	pathogenic
Q7Z5A7	T79W	0.9666	pathogenic
Q7Z5A7	T79Y	0.9403	pathogenic
Q7Z5A7	R80A	0.8131	pathogenic
Q7Z5A7	R80C	0.8646	pathogenic
Q7Z5A7	R80D	0.9425	pathogenic
Q7Z5A7	R80E	0.735	pathogenic
Q7Z5A7	R80F	0.8868	pathogenic
Q7Z5A7	R80G	0.5754	pathogenic
Q7Z5A7	R80H	0.235	benign
Q7Z5A7	R80I	0.9321	pathogenic
Q7Z5A7	R80K	0.2368	benign
Q7Z5A7	R80L	0.6452	pathogenic
Q7Z5A7	R80M	0.7663	pathogenic
Q7Z5A7	R80N	0.8575	pathogenic
Q7Z5A7	R80P	0.9895	pathogenic
Q7Z5A7	R80Q	0.2007	benign
Q7Z5A7	R80S	0.8582	pathogenic
Q7Z5A7	R80T	0.8593	pathogenic
Q7Z5A7	R80V	0.9068	pathogenic
Q7Z5A7	R80W	0.5568	ambiguous
Q7Z5A7	R80Y	0.7691	pathogenic
Q7Z5A7	A81C	0.926	pathogenic
Q7Z5A7	A81D	0.7798	pathogenic
Q7Z5A7	A81E	0.7757	pathogenic
Q7Z5A7	A81F	0.7811	pathogenic
Q7Z5A7	A81G	0.2416	benign
Q7Z5A7	A81H	0.8606	pathogenic
Q7Z5A7	A81I	0.9468	pathogenic
Q7Z5A7	A81K	0.9347	pathogenic
Q7Z5A7	A81L	0.6381	pathogenic
Q7Z5A7	A81M	0.7443	pathogenic
Q7Z5A7	A81N	0.4469	ambiguous
Q7Z5A7	A81P	0.9716	pathogenic
Q7Z5A7	A81Q	0.6884	pathogenic
Q7Z5A7	A81R	0.7946	pathogenic
Q7Z5A7	A81S	0.1625	benign
Q7Z5A7	A81T	0.355	ambiguous
Q7Z5A7	A81V	0.8034	pathogenic
Q7Z5A7	A81W	0.9533	pathogenic
Q7Z5A7	A81Y	0.8521	pathogenic
Q7Z5A7	R82A	0.2796	benign
Q7Z5A7	R82C	0.5093	ambiguous
Q7Z5A7	R82D	0.7465	pathogenic
Q7Z5A7	R82E	0.3095	benign
Q7Z5A7	R82F	0.5782	pathogenic
Q7Z5A7	R82G	0.3001	benign
Q7Z5A7	R82H	0.1296	benign
Q7Z5A7	R82I	0.3591	ambiguous
Q7Z5A7	R82K	0.0905	benign
Q7Z5A7	R82L	0.2523	benign
Q7Z5A7	R82M	0.2192	benign
Q7Z5A7	R82N	0.5157	ambiguous
Q7Z5A7	R82P	0.9684	pathogenic
Q7Z5A7	R82Q	0.0722	benign
Q7Z5A7	R82S	0.2523	benign
Q7Z5A7	R82T	0.1788	benign
Q7Z5A7	R82V	0.3564	ambiguous
Q7Z5A7	R82W	0.3061	benign
Q7Z5A7	R82Y	0.5031	ambiguous
Q7Z5A7	P83A	0.9652	pathogenic
Q7Z5A7	P83C	0.9997	pathogenic
Q7Z5A7	P83D	0.999	pathogenic
Q7Z5A7	P83E	0.9978	pathogenic
Q7Z5A7	P83F	0.9996	pathogenic
Q7Z5A7	P83G	0.9957	pathogenic
Q7Z5A7	P83H	0.9983	pathogenic
Q7Z5A7	P83I	0.9981	pathogenic
Q7Z5A7	P83K	0.9987	pathogenic
Q7Z5A7	P83L	0.9875	pathogenic
Q7Z5A7	P83M	0.9984	pathogenic
Q7Z5A7	P83N	0.9993	pathogenic
Q7Z5A7	P83Q	0.9984	pathogenic
Q7Z5A7	P83R	0.9957	pathogenic
Q7Z5A7	P83S	0.9969	pathogenic
Q7Z5A7	P83T	0.9938	pathogenic
Q7Z5A7	P83V	0.9933	pathogenic
Q7Z5A7	P83W	0.9997	pathogenic
Q7Z5A7	P83Y	0.9994	pathogenic
Q7Z5A7	A84C	0.9711	pathogenic
Q7Z5A7	A84D	0.9006	pathogenic
Q7Z5A7	A84E	0.8947	pathogenic
Q7Z5A7	A84F	0.9356	pathogenic
Q7Z5A7	A84G	0.5849	pathogenic
Q7Z5A7	A84H	0.9367	pathogenic
Q7Z5A7	A84I	0.9509	pathogenic
Q7Z5A7	A84K	0.9653	pathogenic
Q7Z5A7	A84L	0.8761	pathogenic
Q7Z5A7	A84M	0.8909	pathogenic
Q7Z5A7	A84N	0.8746	pathogenic
Q7Z5A7	A84P	0.9956	pathogenic
Q7Z5A7	A84Q	0.8361	pathogenic
Q7Z5A7	A84R	0.8721	pathogenic
Q7Z5A7	A84S	0.1582	benign
Q7Z5A7	A84T	0.5773	pathogenic
Q7Z5A7	A84V	0.821	pathogenic
Q7Z5A7	A84W	0.9914	pathogenic
Q7Z5A7	A84Y	0.9639	pathogenic
Q7Z5A7	C85A	0.9977	pathogenic
Q7Z5A7	C85D	0.9997	pathogenic
Q7Z5A7	C85E	0.9999	pathogenic
Q7Z5A7	C85F	0.9971	pathogenic
Q7Z5A7	C85G	0.9933	pathogenic
Q7Z5A7	C85H	0.9997	pathogenic
Q7Z5A7	C85I	0.9986	pathogenic
Q7Z5A7	C85K	0.9999	pathogenic
Q7Z5A7	C85L	0.9962	pathogenic
Q7Z5A7	C85M	0.9986	pathogenic
Q7Z5A7	C85N	0.9996	pathogenic
Q7Z5A7	C85P	0.9992	pathogenic
Q7Z5A7	C85Q	0.9999	pathogenic
Q7Z5A7	C85R	0.9987	pathogenic
Q7Z5A7	C85S	0.999	pathogenic
Q7Z5A7	C85T	0.9992	pathogenic
Q7Z5A7	C85V	0.9962	pathogenic
Q7Z5A7	C85W	0.9981	pathogenic
Q7Z5A7	C85Y	0.9989	pathogenic
Q7Z5A7	V86A	0.9603	pathogenic
Q7Z5A7	V86C	0.9977	pathogenic
Q7Z5A7	V86D	0.9953	pathogenic
Q7Z5A7	V86E	0.9779	pathogenic
Q7Z5A7	V86F	0.9633	pathogenic
Q7Z5A7	V86G	0.9494	pathogenic
Q7Z5A7	V86H	0.9962	pathogenic
Q7Z5A7	V86I	0.3988	ambiguous
Q7Z5A7	V86K	0.9738	pathogenic
Q7Z5A7	V86L	0.9674	pathogenic
Q7Z5A7	V86M	0.9442	pathogenic
Q7Z5A7	V86N	0.9922	pathogenic
Q7Z5A7	V86P	0.9914	pathogenic
Q7Z5A7	V86Q	0.9767	pathogenic
Q7Z5A7	V86R	0.9414	pathogenic
Q7Z5A7	V86S	0.9682	pathogenic
Q7Z5A7	V86T	0.8741	pathogenic
Q7Z5A7	V86W	0.9989	pathogenic
Q7Z5A7	V86Y	0.9957	pathogenic
Q7Z5A7	D87A	0.6936	pathogenic
Q7Z5A7	D87C	0.9814	pathogenic
Q7Z5A7	D87E	0.3838	ambiguous
Q7Z5A7	D87F	0.9784	pathogenic
Q7Z5A7	D87G	0.7734	pathogenic
Q7Z5A7	D87H	0.8494	pathogenic
Q7Z5A7	D87I	0.9626	pathogenic
Q7Z5A7	D87K	0.9169	pathogenic
Q7Z5A7	D87L	0.9309	pathogenic
Q7Z5A7	D87M	0.9746	pathogenic
Q7Z5A7	D87N	0.4233	ambiguous
Q7Z5A7	D87P	0.863	pathogenic
Q7Z5A7	D87Q	0.8545	pathogenic
Q7Z5A7	D87R	0.9206	pathogenic
Q7Z5A7	D87S	0.5307	ambiguous
Q7Z5A7	D87T	0.8671	pathogenic
Q7Z5A7	D87V	0.8751	pathogenic
Q7Z5A7	D87W	0.9912	pathogenic
Q7Z5A7	D87Y	0.8774	pathogenic
Q7Z5A7	A88C	0.9101	pathogenic
Q7Z5A7	A88D	0.6555	pathogenic
Q7Z5A7	A88E	0.4441	ambiguous
Q7Z5A7	A88F	0.6284	pathogenic
Q7Z5A7	A88G	0.2227	benign
Q7Z5A7	A88H	0.809	pathogenic
Q7Z5A7	A88I	0.4547	ambiguous
Q7Z5A7	A88K	0.7479	pathogenic
Q7Z5A7	A88L	0.4516	ambiguous
Q7Z5A7	A88M	0.4733	ambiguous
Q7Z5A7	A88N	0.6377	pathogenic
Q7Z5A7	A88P	0.6609	pathogenic
Q7Z5A7	A88Q	0.5392	ambiguous
Q7Z5A7	A88R	0.6392	pathogenic
Q7Z5A7	A88S	0.148	benign
Q7Z5A7	A88T	0.2273	benign
Q7Z5A7	A88V	0.1845	benign
Q7Z5A7	A88W	0.8926	pathogenic
Q7Z5A7	A88Y	0.763	pathogenic
Q7Z5A7	R89A	0.234	benign
Q7Z5A7	R89C	0.5333	ambiguous
Q7Z5A7	R89D	0.358	ambiguous
Q7Z5A7	R89E	0.2387	benign
Q7Z5A7	R89F	0.497	ambiguous
Q7Z5A7	R89G	0.1333	benign
Q7Z5A7	R89H	0.1006	benign
Q7Z5A7	R89I	0.3552	ambiguous
Q7Z5A7	R89K	0.1145	benign
Q7Z5A7	R89L	0.218	benign
Q7Z5A7	R89M	0.3195	benign
Q7Z5A7	R89N	0.2843	benign
Q7Z5A7	R89P	0.6756	pathogenic
Q7Z5A7	R89Q	0.0935	benign
Q7Z5A7	R89S	0.2354	benign
Q7Z5A7	R89T	0.1944	benign
Q7Z5A7	R89V	0.3333	benign
Q7Z5A7	R89W	0.2497	benign
Q7Z5A7	R89Y	0.3301	benign
Q7Z5A7	I90A	0.9463	pathogenic
Q7Z5A7	I90C	0.9891	pathogenic
Q7Z5A7	I90D	0.9846	pathogenic
Q7Z5A7	I90E	0.9758	pathogenic
Q7Z5A7	I90F	0.7358	pathogenic
Q7Z5A7	I90G	0.9846	pathogenic
Q7Z5A7	I90H	0.9736	pathogenic
Q7Z5A7	I90K	0.9585	pathogenic
Q7Z5A7	I90L	0.4277	ambiguous
Q7Z5A7	I90M	0.4418	ambiguous
Q7Z5A7	I90N	0.8856	pathogenic
Q7Z5A7	I90P	0.9867	pathogenic
Q7Z5A7	I90Q	0.9653	pathogenic
Q7Z5A7	I90R	0.9414	pathogenic
Q7Z5A7	I90S	0.9345	pathogenic
Q7Z5A7	I90T	0.8904	pathogenic
Q7Z5A7	I90V	0.1713	benign
Q7Z5A7	I90W	0.98	pathogenic
Q7Z5A7	I90Y	0.9274	pathogenic
Q7Z5A7	I91A	0.9543	pathogenic
Q7Z5A7	I91C	0.9856	pathogenic
Q7Z5A7	I91D	0.997	pathogenic
Q7Z5A7	I91E	0.9891	pathogenic
Q7Z5A7	I91F	0.7491	pathogenic
Q7Z5A7	I91G	0.9888	pathogenic
Q7Z5A7	I91H	0.9862	pathogenic
Q7Z5A7	I91K	0.9762	pathogenic
Q7Z5A7	I91L	0.5035	ambiguous
Q7Z5A7	I91M	0.5745	pathogenic
Q7Z5A7	I91N	0.9704	pathogenic
Q7Z5A7	I91P	0.9755	pathogenic
Q7Z5A7	I91Q	0.9785	pathogenic
Q7Z5A7	I91R	0.954	pathogenic
Q7Z5A7	I91S	0.9556	pathogenic
Q7Z5A7	I91T	0.9254	pathogenic
Q7Z5A7	I91V	0.1148	benign
Q7Z5A7	I91W	0.9841	pathogenic
Q7Z5A7	I91Y	0.9577	pathogenic
Q7Z5A7	K92A	0.3431	ambiguous
Q7Z5A7	K92C	0.7311	pathogenic
Q7Z5A7	K92D	0.692	pathogenic
Q7Z5A7	K92E	0.2326	benign
Q7Z5A7	K92F	0.7124	pathogenic
Q7Z5A7	K92G	0.3839	ambiguous
Q7Z5A7	K92H	0.2205	benign
Q7Z5A7	K92I	0.4121	ambiguous
Q7Z5A7	K92L	0.3267	benign
Q7Z5A7	K92M	0.3146	benign
Q7Z5A7	K92N	0.5414	ambiguous
Q7Z5A7	K92P	0.8465	pathogenic
Q7Z5A7	K92Q	0.1027	benign
Q7Z5A7	K92R	0.0539	benign
Q7Z5A7	K92S	0.4012	ambiguous
Q7Z5A7	K92T	0.2271	benign
Q7Z5A7	K92V	0.3775	ambiguous
Q7Z5A7	K92W	0.3954	ambiguous
Q7Z5A7	K92Y	0.5464	ambiguous
Q7Z5A7	T93A	0.1033	benign
Q7Z5A7	T93C	0.7337	pathogenic
Q7Z5A7	T93D	0.2758	benign
Q7Z5A7	T93E	0.2204	benign
Q7Z5A7	T93F	0.4523	ambiguous
Q7Z5A7	T93G	0.1603	benign
Q7Z5A7	T93H	0.2471	benign
Q7Z5A7	T93I	0.5349	ambiguous
Q7Z5A7	T93K	0.1886	benign
Q7Z5A7	T93L	0.1638	benign
Q7Z5A7	T93M	0.1218	benign
Q7Z5A7	T93N	0.0916	benign
Q7Z5A7	T93P	0.6754	pathogenic
Q7Z5A7	T93Q	0.1525	benign
Q7Z5A7	T93R	0.1481	benign
Q7Z5A7	T93S	0.0768	benign
Q7Z5A7	T93V	0.3915	ambiguous
Q7Z5A7	T93W	0.6473	pathogenic
Q7Z5A7	T93Y	0.4001	ambiguous
Q7Z5A7	K94A	0.7836	pathogenic
Q7Z5A7	K94C	0.9327	pathogenic
Q7Z5A7	K94D	0.9338	pathogenic
Q7Z5A7	K94E	0.51	ambiguous
Q7Z5A7	K94F	0.9729	pathogenic
Q7Z5A7	K94G	0.5615	ambiguous
Q7Z5A7	K94H	0.4733	ambiguous
Q7Z5A7	K94I	0.9631	pathogenic
Q7Z5A7	K94L	0.8424	pathogenic
Q7Z5A7	K94M	0.7432	pathogenic
Q7Z5A7	K94N	0.8789	pathogenic
Q7Z5A7	K94P	0.9481	pathogenic
Q7Z5A7	K94Q	0.1997	benign
Q7Z5A7	K94R	0.0714	benign
Q7Z5A7	K94S	0.809	pathogenic
Q7Z5A7	K94T	0.7868	pathogenic
Q7Z5A7	K94V	0.926	pathogenic
Q7Z5A7	K94W	0.9241	pathogenic
Q7Z5A7	K94Y	0.9211	pathogenic
Q7Z5A7	Q95A	0.4974	ambiguous
Q7Z5A7	Q95C	0.9651	pathogenic
Q7Z5A7	Q95D	0.7212	pathogenic
Q7Z5A7	Q95E	0.1412	benign
Q7Z5A7	Q95F	0.9271	pathogenic
Q7Z5A7	Q95G	0.59	pathogenic
Q7Z5A7	Q95H	0.5193	ambiguous
Q7Z5A7	Q95I	0.8474	pathogenic
Q7Z5A7	Q95K	0.1766	benign
Q7Z5A7	Q95L	0.3862	ambiguous
Q7Z5A7	Q95M	0.6344	pathogenic
Q7Z5A7	Q95N	0.545	ambiguous
Q7Z5A7	Q95P	0.9687	pathogenic
Q7Z5A7	Q95R	0.1616	benign
Q7Z5A7	Q95S	0.5454	ambiguous
Q7Z5A7	Q95T	0.5496	ambiguous
Q7Z5A7	Q95V	0.7017	pathogenic
Q7Z5A7	Q95W	0.8762	pathogenic
Q7Z5A7	Q95Y	0.8296	pathogenic
Q7Z5A7	W96A	0.9954	pathogenic
Q7Z5A7	W96C	0.9998	pathogenic
Q7Z5A7	W96D	0.9985	pathogenic
Q7Z5A7	W96E	0.9988	pathogenic
Q7Z5A7	W96F	0.8176	pathogenic
Q7Z5A7	W96G	0.9779	pathogenic
Q7Z5A7	W96H	0.9963	pathogenic
Q7Z5A7	W96I	0.9936	pathogenic
Q7Z5A7	W96K	0.9995	pathogenic
Q7Z5A7	W96L	0.9757	pathogenic
Q7Z5A7	W96M	0.996	pathogenic
Q7Z5A7	W96N	0.9987	pathogenic
Q7Z5A7	W96P	0.9961	pathogenic
Q7Z5A7	W96Q	0.9995	pathogenic
Q7Z5A7	W96R	0.9991	pathogenic
Q7Z5A7	W96S	0.9942	pathogenic
Q7Z5A7	W96T	0.9968	pathogenic
Q7Z5A7	W96V	0.9937	pathogenic
Q7Z5A7	W96Y	0.9093	pathogenic
Q7Z5A7	C97A	0.9974	pathogenic
Q7Z5A7	C97D	0.9992	pathogenic
Q7Z5A7	C97E	0.9995	pathogenic
Q7Z5A7	C97F	0.9975	pathogenic
Q7Z5A7	C97G	0.9868	pathogenic
Q7Z5A7	C97H	0.9991	pathogenic
Q7Z5A7	C97I	0.9986	pathogenic
Q7Z5A7	C97K	0.9996	pathogenic
Q7Z5A7	C97L	0.9955	pathogenic
Q7Z5A7	C97M	0.9978	pathogenic
Q7Z5A7	C97N	0.999	pathogenic
Q7Z5A7	C97P	0.9989	pathogenic
Q7Z5A7	C97Q	0.9995	pathogenic
Q7Z5A7	C97R	0.9966	pathogenic
Q7Z5A7	C97S	0.9987	pathogenic
Q7Z5A7	C97T	0.9989	pathogenic
Q7Z5A7	C97V	0.9968	pathogenic
Q7Z5A7	C97W	0.9972	pathogenic
Q7Z5A7	C97Y	0.998	pathogenic
Q7Z5A7	D98A	0.2434	benign
Q7Z5A7	D98C	0.8985	pathogenic
Q7Z5A7	D98E	0.0723	benign
Q7Z5A7	D98F	0.8001	pathogenic
Q7Z5A7	D98G	0.2532	benign
Q7Z5A7	D98H	0.3613	ambiguous
Q7Z5A7	D98I	0.6855	pathogenic
Q7Z5A7	D98K	0.4009	ambiguous
Q7Z5A7	D98L	0.5496	ambiguous
Q7Z5A7	D98M	0.7233	pathogenic
Q7Z5A7	D98N	0.1555	benign
Q7Z5A7	D98P	0.9053	pathogenic
Q7Z5A7	D98Q	0.2443	benign
Q7Z5A7	D98R	0.4237	ambiguous
Q7Z5A7	D98S	0.1742	benign
Q7Z5A7	D98T	0.395	ambiguous
Q7Z5A7	D98V	0.4904	ambiguous
Q7Z5A7	D98W	0.9121	pathogenic
Q7Z5A7	D98Y	0.4753	ambiguous
Q7Z5A7	M99A	0.9885	pathogenic
Q7Z5A7	M99C	0.9965	pathogenic
Q7Z5A7	M99D	0.991	pathogenic
Q7Z5A7	M99E	0.984	pathogenic
Q7Z5A7	M99F	0.8923	pathogenic
Q7Z5A7	M99G	0.9886	pathogenic
Q7Z5A7	M99H	0.9753	pathogenic
Q7Z5A7	M99I	0.9949	pathogenic
Q7Z5A7	M99K	0.9684	pathogenic
Q7Z5A7	M99L	0.8317	pathogenic
Q7Z5A7	M99N	0.9754	pathogenic
Q7Z5A7	M99P	0.9983	pathogenic
Q7Z5A7	M99Q	0.9212	pathogenic
Q7Z5A7	M99R	0.9702	pathogenic
Q7Z5A7	M99S	0.9757	pathogenic
Q7Z5A7	M99T	0.9886	pathogenic
Q7Z5A7	M99V	0.9489	pathogenic
Q7Z5A7	M99W	0.9927	pathogenic
Q7Z5A7	M99Y	0.9798	pathogenic
Q7Z5A7	L100A	0.1272	benign
Q7Z5A7	L100C	0.6532	pathogenic
Q7Z5A7	L100D	0.2667	benign
Q7Z5A7	L100E	0.1041	benign
Q7Z5A7	L100F	0.1291	benign
Q7Z5A7	L100G	0.3681	ambiguous
Q7Z5A7	L100H	0.1354	benign
Q7Z5A7	L100I	0.1048	benign
Q7Z5A7	L100K	0.1287	benign
Q7Z5A7	L100M	0.0885	benign
Q7Z5A7	L100N	0.16	benign
Q7Z5A7	L100P	0.7733	pathogenic
Q7Z5A7	L100Q	0.0636	benign
Q7Z5A7	L100R	0.0997	benign
Q7Z5A7	L100S	0.106	benign
Q7Z5A7	L100T	0.1029	benign
Q7Z5A7	L100V	0.0787	benign
Q7Z5A7	L100W	0.2428	benign
Q7Z5A7	L100Y	0.2182	benign
Q7Z5A7	P101A	0.9746	pathogenic
Q7Z5A7	P101C	0.999	pathogenic
Q7Z5A7	P101D	0.9985	pathogenic
Q7Z5A7	P101E	0.9969	pathogenic
Q7Z5A7	P101F	0.9995	pathogenic
Q7Z5A7	P101G	0.9937	pathogenic
Q7Z5A7	P101H	0.9969	pathogenic
Q7Z5A7	P101I	0.9979	pathogenic
Q7Z5A7	P101K	0.9985	pathogenic
Q7Z5A7	P101L	0.986	pathogenic
Q7Z5A7	P101M	0.9991	pathogenic
Q7Z5A7	P101N	0.9989	pathogenic
Q7Z5A7	P101Q	0.9971	pathogenic
Q7Z5A7	P101R	0.9917	pathogenic
Q7Z5A7	P101S	0.9956	pathogenic
Q7Z5A7	P101T	0.994	pathogenic
Q7Z5A7	P101V	0.9928	pathogenic
Q7Z5A7	P101W	0.9996	pathogenic
Q7Z5A7	P101Y	0.9992	pathogenic
Q7Z5A7	C102A	0.9961	pathogenic
Q7Z5A7	C102D	0.9993	pathogenic
Q7Z5A7	C102E	0.9997	pathogenic
Q7Z5A7	C102F	0.9944	pathogenic
Q7Z5A7	C102G	0.9876	pathogenic
Q7Z5A7	C102H	0.9991	pathogenic
Q7Z5A7	C102I	0.9985	pathogenic
Q7Z5A7	C102K	0.9999	pathogenic
Q7Z5A7	C102L	0.9926	pathogenic
Q7Z5A7	C102M	0.9984	pathogenic
Q7Z5A7	C102N	0.9993	pathogenic
Q7Z5A7	C102P	0.9977	pathogenic
Q7Z5A7	C102Q	0.9997	pathogenic
Q7Z5A7	C102R	0.9974	pathogenic
Q7Z5A7	C102S	0.9979	pathogenic
Q7Z5A7	C102T	0.999	pathogenic
Q7Z5A7	C102V	0.9956	pathogenic
Q7Z5A7	C102W	0.9976	pathogenic
Q7Z5A7	C102Y	0.9974	pathogenic
Q7Z5A7	L103A	0.3019	benign
Q7Z5A7	L103C	0.9293	pathogenic
Q7Z5A7	L103D	0.7468	pathogenic
Q7Z5A7	L103E	0.3486	ambiguous
Q7Z5A7	L103F	0.3445	ambiguous
Q7Z5A7	L103G	0.5541	ambiguous
Q7Z5A7	L103H	0.4988	ambiguous
Q7Z5A7	L103I	0.2267	benign
Q7Z5A7	L103K	0.3724	ambiguous
Q7Z5A7	L103M	0.1575	benign
Q7Z5A7	L103N	0.5226	ambiguous
Q7Z5A7	L103P	0.7773	pathogenic
Q7Z5A7	L103Q	0.1851	benign
Q7Z5A7	L103R	0.2605	benign
Q7Z5A7	L103S	0.3569	ambiguous
Q7Z5A7	L103T	0.2945	benign
Q7Z5A7	L103V	0.1627	benign
Q7Z5A7	L103W	0.5891	pathogenic
Q7Z5A7	L103Y	0.6598	pathogenic
Q7Z5A7	E104A	0.2078	benign
Q7Z5A7	E104C	0.9538	pathogenic
Q7Z5A7	E104D	0.0831	benign
Q7Z5A7	E104F	0.8319	pathogenic
Q7Z5A7	E104G	0.2791	benign
Q7Z5A7	E104H	0.5084	ambiguous
Q7Z5A7	E104I	0.5589	ambiguous
Q7Z5A7	E104K	0.2797	benign
Q7Z5A7	E104L	0.4857	ambiguous
Q7Z5A7	E104M	0.6666	pathogenic
Q7Z5A7	E104N	0.3089	benign
Q7Z5A7	E104P	0.2639	benign
Q7Z5A7	E104Q	0.1965	benign
Q7Z5A7	E104R	0.3505	ambiguous
Q7Z5A7	E104S	0.2489	benign
Q7Z5A7	E104T	0.3552	ambiguous
Q7Z5A7	E104V	0.3532	ambiguous
Q7Z5A7	E104W	0.903	pathogenic
Q7Z5A7	E104Y	0.706	pathogenic
Q7Z5A7	G105A	0.2428	benign
Q7Z5A7	G105C	0.8117	pathogenic
Q7Z5A7	G105D	0.1142	benign
Q7Z5A7	G105E	0.1537	benign
Q7Z5A7	G105F	0.7449	pathogenic
Q7Z5A7	G105H	0.4285	ambiguous
Q7Z5A7	G105I	0.7143	pathogenic
Q7Z5A7	G105K	0.4444	ambiguous
Q7Z5A7	G105L	0.6338	pathogenic
Q7Z5A7	G105M	0.6365	pathogenic
Q7Z5A7	G105N	0.1696	benign
Q7Z5A7	G105P	0.8931	pathogenic
Q7Z5A7	G105Q	0.3065	benign
Q7Z5A7	G105R	0.3847	ambiguous
Q7Z5A7	G105S	0.1256	benign
Q7Z5A7	G105T	0.2372	benign
Q7Z5A7	G105V	0.5366	ambiguous
Q7Z5A7	G105W	0.6136	pathogenic
Q7Z5A7	G105Y	0.577	pathogenic
Q7Z5A7	E106A	0.9718	pathogenic
Q7Z5A7	E106C	0.999	pathogenic
Q7Z5A7	E106D	0.9635	pathogenic
Q7Z5A7	E106F	0.9991	pathogenic
Q7Z5A7	E106G	0.96	pathogenic
Q7Z5A7	E106H	0.9958	pathogenic
Q7Z5A7	E106I	0.9975	pathogenic
Q7Z5A7	E106K	0.9704	pathogenic
Q7Z5A7	E106L	0.9978	pathogenic
Q7Z5A7	E106M	0.9957	pathogenic
Q7Z5A7	E106N	0.9939	pathogenic
Q7Z5A7	E106P	0.9974	pathogenic
Q7Z5A7	E106Q	0.9122	pathogenic
Q7Z5A7	E106R	0.9745	pathogenic
Q7Z5A7	E106S	0.9852	pathogenic
Q7Z5A7	E106T	0.9891	pathogenic
Q7Z5A7	E106V	0.9921	pathogenic
Q7Z5A7	E106W	0.9994	pathogenic
Q7Z5A7	E106Y	0.9981	pathogenic
Q7Z5A7	G107A	0.1259	benign
Q7Z5A7	G107C	0.6499	pathogenic
Q7Z5A7	G107D	0.2158	benign
Q7Z5A7	G107E	0.1771	benign
Q7Z5A7	G107F	0.481	ambiguous
Q7Z5A7	G107H	0.3527	ambiguous
Q7Z5A7	G107I	0.2112	benign
Q7Z5A7	G107K	0.3469	ambiguous
Q7Z5A7	G107L	0.3957	ambiguous
Q7Z5A7	G107M	0.399	ambiguous
Q7Z5A7	G107N	0.2366	benign
Q7Z5A7	G107P	0.9126	pathogenic
Q7Z5A7	G107Q	0.2529	benign
Q7Z5A7	G107R	0.2604	benign
Q7Z5A7	G107S	0.099	benign
Q7Z5A7	G107T	0.137	benign
Q7Z5A7	G107V	0.1456	benign
Q7Z5A7	G107W	0.5127	ambiguous
Q7Z5A7	G107Y	0.3977	ambiguous
Q7Z5A7	C108A	0.9978	pathogenic
Q7Z5A7	C108D	0.9994	pathogenic
Q7Z5A7	C108E	0.9997	pathogenic
Q7Z5A7	C108F	0.9963	pathogenic
Q7Z5A7	C108G	0.9887	pathogenic
Q7Z5A7	C108H	0.9994	pathogenic
Q7Z5A7	C108I	0.9986	pathogenic
Q7Z5A7	C108K	0.9998	pathogenic
Q7Z5A7	C108L	0.9967	pathogenic
Q7Z5A7	C108M	0.9986	pathogenic
Q7Z5A7	C108N	0.9993	pathogenic
Q7Z5A7	C108P	0.999	pathogenic
Q7Z5A7	C108Q	0.9997	pathogenic
Q7Z5A7	C108R	0.9975	pathogenic
Q7Z5A7	C108S	0.9989	pathogenic
Q7Z5A7	C108T	0.9987	pathogenic
Q7Z5A7	C108V	0.9969	pathogenic
Q7Z5A7	C108W	0.9971	pathogenic
Q7Z5A7	C108Y	0.9984	pathogenic
Q7Z5A7	D109A	0.2495	benign
Q7Z5A7	D109C	0.9011	pathogenic
Q7Z5A7	D109E	0.2441	benign
Q7Z5A7	D109F	0.7	pathogenic
Q7Z5A7	D109G	0.2168	benign
Q7Z5A7	D109H	0.3199	benign
Q7Z5A7	D109I	0.6127	pathogenic
Q7Z5A7	D109K	0.5415	ambiguous
Q7Z5A7	D109L	0.559	ambiguous
Q7Z5A7	D109M	0.7426	pathogenic
Q7Z5A7	D109N	0.0854	benign
Q7Z5A7	D109P	0.9224	pathogenic
Q7Z5A7	D109Q	0.3818	ambiguous
Q7Z5A7	D109R	0.4697	ambiguous
Q7Z5A7	D109S	0.1256	benign
Q7Z5A7	D109T	0.3207	benign
Q7Z5A7	D109V	0.445	ambiguous
Q7Z5A7	D109W	0.9245	pathogenic
Q7Z5A7	D109Y	0.3761	ambiguous
Q7Z5A7	L110A	0.7501	pathogenic
Q7Z5A7	L110C	0.9646	pathogenic
Q7Z5A7	L110D	0.963	pathogenic
Q7Z5A7	L110E	0.8075	pathogenic
Q7Z5A7	L110F	0.6292	pathogenic
Q7Z5A7	L110G	0.9278	pathogenic
Q7Z5A7	L110H	0.7873	pathogenic
Q7Z5A7	L110I	0.2111	benign
Q7Z5A7	L110K	0.6541	pathogenic
Q7Z5A7	L110M	0.3245	benign
Q7Z5A7	L110N	0.8403	pathogenic
Q7Z5A7	L110P	0.8165	pathogenic
Q7Z5A7	L110Q	0.5958	pathogenic
Q7Z5A7	L110R	0.5081	ambiguous
Q7Z5A7	L110S	0.8756	pathogenic
Q7Z5A7	L110T	0.6085	pathogenic
Q7Z5A7	L110V	0.2033	benign
Q7Z5A7	L110W	0.8537	pathogenic
Q7Z5A7	L110Y	0.8546	pathogenic
Q7Z5A7	L111A	0.9836	pathogenic
Q7Z5A7	L111C	0.9988	pathogenic
Q7Z5A7	L111D	0.9991	pathogenic
Q7Z5A7	L111E	0.9956	pathogenic
Q7Z5A7	L111F	0.9609	pathogenic
Q7Z5A7	L111G	0.9946	pathogenic
Q7Z5A7	L111H	0.9906	pathogenic
Q7Z5A7	L111I	0.8603	pathogenic
Q7Z5A7	L111K	0.9855	pathogenic
Q7Z5A7	L111M	0.8213	pathogenic
Q7Z5A7	L111N	0.9947	pathogenic
Q7Z5A7	L111P	0.9942	pathogenic
Q7Z5A7	L111Q	0.9836	pathogenic
Q7Z5A7	L111R	0.9692	pathogenic
Q7Z5A7	L111S	0.9972	pathogenic
Q7Z5A7	L111T	0.9885	pathogenic
Q7Z5A7	L111V	0.9106	pathogenic
Q7Z5A7	L111W	0.9915	pathogenic
Q7Z5A7	L111Y	0.9928	pathogenic
Q7Z5A7	I112A	0.3343	benign
Q7Z5A7	I112C	0.8037	pathogenic
Q7Z5A7	I112D	0.5945	pathogenic
Q7Z5A7	I112E	0.5092	ambiguous
Q7Z5A7	I112F	0.1312	benign
Q7Z5A7	I112G	0.4982	ambiguous
Q7Z5A7	I112H	0.4159	ambiguous
Q7Z5A7	I112K	0.3201	benign
Q7Z5A7	I112L	0.0907	benign
Q7Z5A7	I112M	0.1041	benign
Q7Z5A7	I112N	0.3008	benign
Q7Z5A7	I112P	0.4282	ambiguous
Q7Z5A7	I112Q	0.3235	benign
Q7Z5A7	I112R	0.2096	benign
Q7Z5A7	I112S	0.2963	benign
Q7Z5A7	I112T	0.3768	ambiguous
Q7Z5A7	I112V	0.0942	benign
Q7Z5A7	I112W	0.5437	ambiguous
Q7Z5A7	I112Y	0.3811	ambiguous
Q7Z5A7	N113A	0.845	pathogenic
Q7Z5A7	N113C	0.965	pathogenic
Q7Z5A7	N113D	0.3547	ambiguous
Q7Z5A7	N113E	0.8791	pathogenic
Q7Z5A7	N113F	0.9728	pathogenic
Q7Z5A7	N113G	0.5874	pathogenic
Q7Z5A7	N113H	0.4817	ambiguous
Q7Z5A7	N113I	0.9659	pathogenic
Q7Z5A7	N113K	0.8814	pathogenic
Q7Z5A7	N113L	0.8757	pathogenic
Q7Z5A7	N113M	0.9513	pathogenic
Q7Z5A7	N113P	0.9005	pathogenic
Q7Z5A7	N113Q	0.8431	pathogenic
Q7Z5A7	N113R	0.8458	pathogenic
Q7Z5A7	N113S	0.2026	benign
Q7Z5A7	N113T	0.6923	pathogenic
Q7Z5A7	N113V	0.9589	pathogenic
Q7Z5A7	N113W	0.9747	pathogenic
Q7Z5A7	N113Y	0.7991	pathogenic
Q7Z5A7	R114A	0.3489	ambiguous
Q7Z5A7	R114C	0.4563	ambiguous
Q7Z5A7	R114D	0.4972	ambiguous
Q7Z5A7	R114E	0.2533	benign
Q7Z5A7	R114F	0.6134	pathogenic
Q7Z5A7	R114G	0.1588	benign
Q7Z5A7	R114H	0.0886	benign
Q7Z5A7	R114I	0.5637	ambiguous
Q7Z5A7	R114K	0.063	benign
Q7Z5A7	R114L	0.2985	benign
Q7Z5A7	R114M	0.3631	ambiguous
Q7Z5A7	R114N	0.3344	benign
Q7Z5A7	R114P	0.8437	pathogenic
Q7Z5A7	R114Q	0.0772	benign
Q7Z5A7	R114S	0.3153	benign
Q7Z5A7	R114T	0.2826	benign
Q7Z5A7	R114V	0.5523	ambiguous
Q7Z5A7	R114W	0.2793	benign
Q7Z5A7	R114Y	0.4106	ambiguous
Q7Z5A7	S115A	0.3033	benign
Q7Z5A7	S115C	0.9148	pathogenic
Q7Z5A7	S115D	0.8694	pathogenic
Q7Z5A7	S115E	0.9067	pathogenic
Q7Z5A7	S115F	0.885	pathogenic
Q7Z5A7	S115G	0.4201	ambiguous
Q7Z5A7	S115H	0.8579	pathogenic
Q7Z5A7	S115I	0.9118	pathogenic
Q7Z5A7	S115K	0.9476	pathogenic
Q7Z5A7	S115L	0.6222	pathogenic
Q7Z5A7	S115M	0.6889	pathogenic
Q7Z5A7	S115N	0.7104	pathogenic
Q7Z5A7	S115P	0.9831	pathogenic
Q7Z5A7	S115Q	0.8559	pathogenic
Q7Z5A7	S115R	0.9378	pathogenic
Q7Z5A7	S115T	0.1501	benign
Q7Z5A7	S115V	0.8588	pathogenic
Q7Z5A7	S115W	0.8883	pathogenic
Q7Z5A7	S115Y	0.84	pathogenic
Q7Z5A7	G116A	0.9813	pathogenic
Q7Z5A7	G116C	0.9986	pathogenic
Q7Z5A7	G116D	0.9984	pathogenic
Q7Z5A7	G116E	0.9989	pathogenic
Q7Z5A7	G116F	0.9992	pathogenic
Q7Z5A7	G116H	0.9995	pathogenic
Q7Z5A7	G116I	0.9991	pathogenic
Q7Z5A7	G116K	0.9993	pathogenic
Q7Z5A7	G116L	0.9988	pathogenic
Q7Z5A7	G116M	0.9996	pathogenic
Q7Z5A7	G116N	0.9994	pathogenic
Q7Z5A7	G116P	0.9993	pathogenic
Q7Z5A7	G116Q	0.9988	pathogenic
Q7Z5A7	G116R	0.9966	pathogenic
Q7Z5A7	G116S	0.986	pathogenic
Q7Z5A7	G116T	0.9972	pathogenic
Q7Z5A7	G116V	0.9977	pathogenic
Q7Z5A7	G116W	0.9984	pathogenic
Q7Z5A7	G116Y	0.9991	pathogenic
Q7Z5A7	W117A	0.9979	pathogenic
Q7Z5A7	W117C	0.9998	pathogenic
Q7Z5A7	W117D	0.9989	pathogenic
Q7Z5A7	W117E	0.9989	pathogenic
Q7Z5A7	W117F	0.8776	pathogenic
Q7Z5A7	W117G	0.9834	pathogenic
Q7Z5A7	W117H	0.9983	pathogenic
Q7Z5A7	W117I	0.9958	pathogenic
Q7Z5A7	W117K	0.9996	pathogenic
Q7Z5A7	W117L	0.9922	pathogenic
Q7Z5A7	W117M	0.9977	pathogenic
Q7Z5A7	W117N	0.9991	pathogenic
Q7Z5A7	W117P	0.9995	pathogenic
Q7Z5A7	W117Q	0.9996	pathogenic
Q7Z5A7	W117R	0.9992	pathogenic
Q7Z5A7	W117S	0.9973	pathogenic
Q7Z5A7	W117T	0.9983	pathogenic
Q7Z5A7	W117V	0.9961	pathogenic
Q7Z5A7	W117Y	0.9632	pathogenic
Q7Z5A7	T118A	0.5705	pathogenic
Q7Z5A7	T118C	0.9734	pathogenic
Q7Z5A7	T118D	0.9435	pathogenic
Q7Z5A7	T118E	0.8846	pathogenic
Q7Z5A7	T118F	0.8405	pathogenic
Q7Z5A7	T118G	0.7885	pathogenic
Q7Z5A7	T118H	0.7828	pathogenic
Q7Z5A7	T118I	0.6993	pathogenic
Q7Z5A7	T118K	0.7243	pathogenic
Q7Z5A7	T118L	0.526	ambiguous
Q7Z5A7	T118M	0.3129	benign
Q7Z5A7	T118N	0.7009	pathogenic
Q7Z5A7	T118P	0.9289	pathogenic
Q7Z5A7	T118Q	0.6771	pathogenic
Q7Z5A7	T118R	0.6129	pathogenic
Q7Z5A7	T118S	0.4532	ambiguous
Q7Z5A7	T118V	0.6077	pathogenic
Q7Z5A7	T118W	0.9385	pathogenic
Q7Z5A7	T118Y	0.8696	pathogenic
Q7Z5A7	C119A	0.9977	pathogenic
Q7Z5A7	C119D	0.9998	pathogenic
Q7Z5A7	C119E	0.9999	pathogenic
Q7Z5A7	C119F	0.9981	pathogenic
Q7Z5A7	C119G	0.9909	pathogenic
Q7Z5A7	C119H	0.9997	pathogenic
Q7Z5A7	C119I	0.9986	pathogenic
Q7Z5A7	C119K	0.9999	pathogenic
Q7Z5A7	C119L	0.997	pathogenic
Q7Z5A7	C119M	0.999	pathogenic
Q7Z5A7	C119N	0.9996	pathogenic
Q7Z5A7	C119P	0.9997	pathogenic
Q7Z5A7	C119Q	0.9999	pathogenic
Q7Z5A7	C119R	0.9984	pathogenic
Q7Z5A7	C119S	0.9987	pathogenic
Q7Z5A7	C119T	0.9992	pathogenic
Q7Z5A7	C119V	0.9961	pathogenic
Q7Z5A7	C119W	0.999	pathogenic
Q7Z5A7	C119Y	0.9991	pathogenic
Q7Z5A7	T120A	0.1768	benign
Q7Z5A7	T120C	0.8735	pathogenic
Q7Z5A7	T120D	0.7865	pathogenic
Q7Z5A7	T120E	0.6143	pathogenic
Q7Z5A7	T120F	0.4391	ambiguous
Q7Z5A7	T120G	0.4781	ambiguous
Q7Z5A7	T120H	0.3904	ambiguous
Q7Z5A7	T120I	0.4268	ambiguous
Q7Z5A7	T120K	0.323	benign
Q7Z5A7	T120L	0.219	benign
Q7Z5A7	T120M	0.1707	benign
Q7Z5A7	T120N	0.3673	ambiguous
Q7Z5A7	T120P	0.645	pathogenic
Q7Z5A7	T120Q	0.3291	benign
Q7Z5A7	T120R	0.2029	benign
Q7Z5A7	T120S	0.1966	benign
Q7Z5A7	T120V	0.2984	benign
Q7Z5A7	T120W	0.7399	pathogenic
Q7Z5A7	T120Y	0.5576	ambiguous
Q7Z5A7	Q121A	0.4886	ambiguous
Q7Z5A7	Q121C	0.983	pathogenic
Q7Z5A7	Q121D	0.8739	pathogenic
Q7Z5A7	Q121E	0.2365	benign
Q7Z5A7	Q121F	0.9087	pathogenic
Q7Z5A7	Q121G	0.5258	ambiguous
Q7Z5A7	Q121H	0.6958	pathogenic
Q7Z5A7	Q121I	0.7813	pathogenic
Q7Z5A7	Q121K	0.2719	benign
Q7Z5A7	Q121L	0.3423	ambiguous
Q7Z5A7	Q121M	0.6086	pathogenic
Q7Z5A7	Q121N	0.6871	pathogenic
Q7Z5A7	Q121P	0.8074	pathogenic
Q7Z5A7	Q121R	0.2725	benign
Q7Z5A7	Q121S	0.4916	ambiguous
Q7Z5A7	Q121T	0.5282	ambiguous
Q7Z5A7	Q121V	0.6071	pathogenic
Q7Z5A7	Q121W	0.929	pathogenic
Q7Z5A7	Q121Y	0.8865	pathogenic
Q7Z5A7	P122A	0.1412	benign
Q7Z5A7	P122C	0.9098	pathogenic
Q7Z5A7	P122D	0.5402	ambiguous
Q7Z5A7	P122E	0.349	ambiguous
Q7Z5A7	P122F	0.7028	pathogenic
Q7Z5A7	P122G	0.385	ambiguous
Q7Z5A7	P122H	0.3552	ambiguous
Q7Z5A7	P122I	0.5441	ambiguous
Q7Z5A7	P122K	0.3662	ambiguous
Q7Z5A7	P122L	0.2435	benign
Q7Z5A7	P122M	0.5212	ambiguous
Q7Z5A7	P122N	0.4902	ambiguous
Q7Z5A7	P122Q	0.2463	benign
Q7Z5A7	P122R	0.2059	benign
Q7Z5A7	P122S	0.2294	benign
Q7Z5A7	P122T	0.2149	benign
Q7Z5A7	P122V	0.385	ambiguous
Q7Z5A7	P122W	0.7813	pathogenic
Q7Z5A7	P122Y	0.6472	pathogenic
Q7Z5A7	G123A	0.2057	benign
Q7Z5A7	G123C	0.8027	pathogenic
Q7Z5A7	G123D	0.4542	ambiguous
Q7Z5A7	G123E	0.4618	ambiguous
Q7Z5A7	G123F	0.7732	pathogenic
Q7Z5A7	G123H	0.5775	pathogenic
Q7Z5A7	G123I	0.7181	pathogenic
Q7Z5A7	G123K	0.658	pathogenic
Q7Z5A7	G123L	0.632	pathogenic
Q7Z5A7	G123M	0.6794	pathogenic
Q7Z5A7	G123N	0.3802	ambiguous
Q7Z5A7	G123P	0.9031	pathogenic
Q7Z5A7	G123Q	0.4513	ambiguous
Q7Z5A7	G123R	0.4513	ambiguous
Q7Z5A7	G123S	0.1124	benign
Q7Z5A7	G123T	0.2619	benign
Q7Z5A7	G123V	0.5629	ambiguous
Q7Z5A7	G123W	0.6775	pathogenic
Q7Z5A7	G123Y	0.7133	pathogenic
Q7Z5A7	G124A	0.7197	pathogenic
Q7Z5A7	G124C	0.9425	pathogenic
Q7Z5A7	G124D	0.874	pathogenic
Q7Z5A7	G124E	0.886	pathogenic
Q7Z5A7	G124F	0.9488	pathogenic
Q7Z5A7	G124H	0.9158	pathogenic
Q7Z5A7	G124I	0.9309	pathogenic
Q7Z5A7	G124K	0.9337	pathogenic
Q7Z5A7	G124L	0.9314	pathogenic
Q7Z5A7	G124M	0.9459	pathogenic
Q7Z5A7	G124N	0.7751	pathogenic
Q7Z5A7	G124P	0.9916	pathogenic
Q7Z5A7	G124Q	0.848	pathogenic
Q7Z5A7	G124R	0.8511	pathogenic
Q7Z5A7	G124S	0.4651	ambiguous
Q7Z5A7	G124T	0.8283	pathogenic
Q7Z5A7	G124V	0.8947	pathogenic
Q7Z5A7	G124W	0.9308	pathogenic
Q7Z5A7	G124Y	0.9233	pathogenic
Q7Z5A7	R125A	0.9674	pathogenic
Q7Z5A7	R125C	0.9619	pathogenic
Q7Z5A7	R125D	0.9823	pathogenic
Q7Z5A7	R125E	0.92	pathogenic
Q7Z5A7	R125F	0.9667	pathogenic
Q7Z5A7	R125G	0.9317	pathogenic
Q7Z5A7	R125H	0.5751	pathogenic
Q7Z5A7	R125I	0.9045	pathogenic
Q7Z5A7	R125K	0.3915	ambiguous
Q7Z5A7	R125L	0.8836	pathogenic
Q7Z5A7	R125M	0.9441	pathogenic
Q7Z5A7	R125N	0.9739	pathogenic
Q7Z5A7	R125P	0.9821	pathogenic
Q7Z5A7	R125Q	0.5598	ambiguous
Q7Z5A7	R125S	0.9787	pathogenic
Q7Z5A7	R125T	0.9494	pathogenic
Q7Z5A7	R125V	0.9296	pathogenic
Q7Z5A7	R125W	0.8236	pathogenic
Q7Z5A7	R125Y	0.9394	pathogenic
Q7Z5A7	I126A	0.9487	pathogenic
Q7Z5A7	I126C	0.9802	pathogenic
Q7Z5A7	I126D	0.9928	pathogenic
Q7Z5A7	I126E	0.9715	pathogenic
Q7Z5A7	I126F	0.7059	pathogenic
Q7Z5A7	I126G	0.9749	pathogenic
Q7Z5A7	I126H	0.9735	pathogenic
Q7Z5A7	I126K	0.9274	pathogenic
Q7Z5A7	I126L	0.4677	ambiguous
Q7Z5A7	I126M	0.5132	ambiguous
Q7Z5A7	I126N	0.9347	pathogenic
Q7Z5A7	I126P	0.9833	pathogenic
Q7Z5A7	I126Q	0.9451	pathogenic
Q7Z5A7	I126R	0.8839	pathogenic
Q7Z5A7	I126S	0.9326	pathogenic
Q7Z5A7	I126T	0.8601	pathogenic
Q7Z5A7	I126V	0.1024	benign
Q7Z5A7	I126W	0.9753	pathogenic
Q7Z5A7	I126Y	0.9258	pathogenic
Q7Z5A7	K127A	0.9956	pathogenic
Q7Z5A7	K127C	0.9985	pathogenic
Q7Z5A7	K127D	0.9992	pathogenic
Q7Z5A7	K127E	0.9955	pathogenic
Q7Z5A7	K127F	0.9986	pathogenic
Q7Z5A7	K127G	0.9966	pathogenic
Q7Z5A7	K127H	0.9589	pathogenic
Q7Z5A7	K127I	0.9939	pathogenic
Q7Z5A7	K127L	0.9857	pathogenic
Q7Z5A7	K127M	0.9873	pathogenic
Q7Z5A7	K127N	0.9988	pathogenic
Q7Z5A7	K127P	0.9978	pathogenic
Q7Z5A7	K127Q	0.9624	pathogenic
Q7Z5A7	K127R	0.4149	ambiguous
Q7Z5A7	K127S	0.9976	pathogenic
Q7Z5A7	K127T	0.9874	pathogenic
Q7Z5A7	K127V	0.991	pathogenic
Q7Z5A7	K127W	0.9976	pathogenic
Q7Z5A7	K127Y	0.9945	pathogenic
Q7Z5A7	T128A	0.9502	pathogenic
Q7Z5A7	T128C	0.9984	pathogenic
Q7Z5A7	T128D	0.9845	pathogenic
Q7Z5A7	T128E	0.9677	pathogenic
Q7Z5A7	T128F	0.985	pathogenic
Q7Z5A7	T128G	0.9674	pathogenic
Q7Z5A7	T128H	0.9639	pathogenic
Q7Z5A7	T128I	0.9657	pathogenic
Q7Z5A7	T128K	0.9308	pathogenic
Q7Z5A7	T128L	0.9439	pathogenic
Q7Z5A7	T128M	0.8737	pathogenic
Q7Z5A7	T128N	0.9438	pathogenic
Q7Z5A7	T128P	0.9724	pathogenic
Q7Z5A7	T128Q	0.9518	pathogenic
Q7Z5A7	T128R	0.9276	pathogenic
Q7Z5A7	T128S	0.9353	pathogenic
Q7Z5A7	T128V	0.9189	pathogenic
Q7Z5A7	T128W	0.993	pathogenic
Q7Z5A7	T128Y	0.9789	pathogenic
Q7Z5A7	T129A	0.7673	pathogenic
Q7Z5A7	T129C	0.9906	pathogenic
Q7Z5A7	T129D	0.9961	pathogenic
Q7Z5A7	T129E	0.9895	pathogenic
Q7Z5A7	T129F	0.9661	pathogenic
Q7Z5A7	T129G	0.9769	pathogenic
Q7Z5A7	T129H	0.9784	pathogenic
Q7Z5A7	T129I	0.6729	pathogenic
Q7Z5A7	T129K	0.9801	pathogenic
Q7Z5A7	T129L	0.8084	pathogenic
Q7Z5A7	T129M	0.674	pathogenic
Q7Z5A7	T129N	0.9612	pathogenic
Q7Z5A7	T129P	0.9779	pathogenic
Q7Z5A7	T129Q	0.9737	pathogenic
Q7Z5A7	T129R	0.9703	pathogenic
Q7Z5A7	T129S	0.8631	pathogenic
Q7Z5A7	T129V	0.3362	benign
Q7Z5A7	T129W	0.9951	pathogenic
Q7Z5A7	T129Y	0.9851	pathogenic
Q7Z5A7	T130A	0.5268	ambiguous
Q7Z5A7	T130C	0.9828	pathogenic
Q7Z5A7	T130D	0.9647	pathogenic
Q7Z5A7	T130E	0.9134	pathogenic
Q7Z5A7	T130F	0.8827	pathogenic
Q7Z5A7	T130G	0.8639	pathogenic
Q7Z5A7	T130H	0.8612	pathogenic
Q7Z5A7	T130I	0.8363	pathogenic
Q7Z5A7	T130K	0.7402	pathogenic
Q7Z5A7	T130L	0.641	pathogenic
Q7Z5A7	T130M	0.4346	ambiguous
Q7Z5A7	T130N	0.8525	pathogenic
Q7Z5A7	T130P	0.9022	pathogenic
Q7Z5A7	T130Q	0.7599	pathogenic
Q7Z5A7	T130R	0.655	pathogenic
Q7Z5A7	T130S	0.6451	pathogenic
Q7Z5A7	T130V	0.564	ambiguous
Q7Z5A7	T130W	0.9623	pathogenic
Q7Z5A7	T130Y	0.9148	pathogenic
Q7Z5A7	V131A	0.4249	ambiguous
Q7Z5A7	V131C	0.9288	pathogenic
Q7Z5A7	V131D	0.7918	pathogenic
Q7Z5A7	V131E	0.7674	pathogenic
Q7Z5A7	V131F	0.6138	pathogenic
Q7Z5A7	V131G	0.4733	ambiguous
Q7Z5A7	V131H	0.9574	pathogenic
Q7Z5A7	V131I	0.3	benign
Q7Z5A7	V131K	0.9004	pathogenic
Q7Z5A7	V131L	0.5396	ambiguous
Q7Z5A7	V131M	0.7976	pathogenic
Q7Z5A7	V131N	0.8424	pathogenic
Q7Z5A7	V131P	0.8463	pathogenic
Q7Z5A7	V131Q	0.8542	pathogenic
Q7Z5A7	V131R	0.8044	pathogenic
Q7Z5A7	V131S	0.6374	pathogenic
Q7Z5A7	V131T	0.6376	pathogenic
Q7Z5A7	V131W	0.9733	pathogenic
Q7Z5A7	V131Y	0.8205	pathogenic
Q7Z5A7	S132A	0.3089	benign
Q7Z5A7	S132C	0.7445	pathogenic
Q7Z5A7	S132D	0.8421	pathogenic
Q7Z5A7	S132E	0.8496	pathogenic
Q7Z5A7	S132F	0.8659	pathogenic
Q7Z5A7	S132G	0.4208	ambiguous
Q7Z5A7	S132H	0.8706	pathogenic
Q7Z5A7	S132I	0.8958	pathogenic
Q7Z5A7	S132K	0.9648	pathogenic
Q7Z5A7	S132L	0.7325	pathogenic
Q7Z5A7	S132M	0.792	pathogenic
Q7Z5A7	S132N	0.6953	pathogenic
Q7Z5A7	S132P	0.7782	pathogenic
Q7Z5A7	S132Q	0.8781	pathogenic
Q7Z5A7	S132R	0.9539	pathogenic
Q7Z5A7	S132T	0.2807	benign
Q7Z5A7	S132V	0.8263	pathogenic
Q7Z5A7	S132W	0.9227	pathogenic
Q7Z5A7	S132Y	0.8506	pathogenic
